<?xml version="1.0" encoding="UTF-8"?>
<osm version="0.6" generator="openstreetmap-cgimap 2.1.0 (2023218 spike-07.openstreetmap.org)" copyright="OpenStreetMap and contributors" attribution="http://www.openstreetmap.org/copyright" license="http://opendatacommons.org/licenses/odbl/1-0/">
 <bounds minlat="23.1619100" minlon="80.0036000" maxlat="23.1891700" maxlon="80.0513700"/>
 <node id="1170389306" visible="true" version="2" changeset="15937056" timestamp="2013-05-01T18:12:54Z" user="CyrusDreams" uid="45439" lat="23.1907565" lon="80.0048464"/>
 <node id="1170389316" visible="true" version="1" changeset="7382503" timestamp="2011-02-24T15:33:55Z" user="PlaneMad" uid="1306" lat="23.1855197" lon="79.9908965"/>
 <node id="1170389331" visible="true" version="2" changeset="15937056" timestamp="2013-05-01T18:12:54Z" user="CyrusDreams" uid="45439" lat="23.1904707" lon="80.0078743"/>
 <node id="1170389354" visible="true" version="1" changeset="7382503" timestamp="2011-02-24T15:33:55Z" user="PlaneMad" uid="1306" lat="23.1886654" lon="80.0069553"/>
 <node id="1170389373" visible="true" version="1" changeset="7382503" timestamp="2011-02-24T15:33:56Z" user="PlaneMad" uid="1306" lat="23.1865556" lon="79.9868447"/>
 <node id="1170389390" visible="true" version="2" changeset="15937056" timestamp="2013-05-01T18:12:54Z" user="CyrusDreams" uid="45439" lat="23.1909500" lon="80.0062489"/>
 <node id="1170389393" visible="true" version="1" changeset="7382503" timestamp="2011-02-24T15:33:56Z" user="PlaneMad" uid="1306" lat="23.1853598" lon="79.9999449"/>
 <node id="1170389402" visible="true" version="3" changeset="15937056" timestamp="2013-05-01T18:12:54Z" user="CyrusDreams" uid="45439" lat="23.1882454" lon="80.0103168">
  <tag k="railway" v="buffer_stop"/>
 </node>
 <node id="1170389440" visible="true" version="2" changeset="15937056" timestamp="2013-05-01T18:12:54Z" user="CyrusDreams" uid="45439" lat="23.1893306" lon="80.0031206"/>
 <node id="1170389443" visible="true" version="1" changeset="7382503" timestamp="2011-02-24T15:33:57Z" user="PlaneMad" uid="1306" lat="23.1855959" lon="79.9900099"/>
 <node id="1170389465" visible="true" version="2" changeset="15937056" timestamp="2013-05-01T18:12:54Z" user="CyrusDreams" uid="45439" lat="23.1907100" lon="80.0074652"/>
 <node id="1170389473" visible="true" version="1" changeset="7382503" timestamp="2011-02-24T15:33:57Z" user="PlaneMad" uid="1306" lat="23.1855197" lon="80.0012458"/>
 <node id="1170389486" visible="true" version="1" changeset="7382503" timestamp="2011-02-24T15:33:57Z" user="PlaneMad" uid="1306" lat="23.1878123" lon="80.0020566"/>
 <node id="1170389522" visible="true" version="2" changeset="15937056" timestamp="2013-05-01T18:12:54Z" user="CyrusDreams" uid="45439" lat="23.1898376" lon="80.0035183"/>
 <node id="1170389546" visible="true" version="1" changeset="7382503" timestamp="2011-02-24T15:33:58Z" user="PlaneMad" uid="1306" lat="23.1853826" lon="79.9986771"/>
 <node id="1170389555" visible="true" version="2" changeset="15937056" timestamp="2013-05-01T18:12:54Z" user="CyrusDreams" uid="45439" lat="23.1901115" lon="80.0083696"/>
 <node id="1170389558" visible="true" version="2" changeset="8682694" timestamp="2011-07-10T11:55:52Z" user="PlaneMad" uid="1306" lat="23.1873858" lon="80.0085044">
  <tag k="railway" v="buffer_stop"/>
 </node>
 <node id="1170389574" visible="true" version="1" changeset="7382503" timestamp="2011-02-24T15:33:59Z" user="PlaneMad" uid="1306" lat="23.1882023" lon="80.0029714"/>
 <node id="1170389586" visible="true" version="2" changeset="19661556" timestamp="2013-12-27T14:00:13Z" user="CyrusDreams" uid="45439" lat="23.1991325" lon="80.0338342"/>
 <node id="1170389592" visible="true" version="2" changeset="15937056" timestamp="2013-05-01T18:12:54Z" user="CyrusDreams" uid="45439" lat="23.1887173" lon="80.0026281"/>
 <node id="1170389614" visible="true" version="2" changeset="15937056" timestamp="2013-05-01T18:12:54Z" user="CyrusDreams" uid="45439" lat="23.1905737" lon="80.0043741"/>
 <node id="1170389618" visible="true" version="1" changeset="7382503" timestamp="2011-02-24T15:34:00Z" user="PlaneMad" uid="1306" lat="23.1853826" lon="80.0005746"/>
 <node id="1170389627" visible="true" version="1" changeset="7382503" timestamp="2011-02-24T15:34:00Z" user="PlaneMad" uid="1306" lat="23.1874003" lon="80.0015761"/>
 <node id="1170389647" visible="true" version="1" changeset="7382503" timestamp="2011-02-24T15:34:00Z" user="PlaneMad" uid="1306" lat="23.1887690" lon="80.0062858"/>
 <node id="1170389660" visible="true" version="2" changeset="15937056" timestamp="2013-05-01T18:12:54Z" user="CyrusDreams" uid="45439" lat="23.1896091" lon="80.0033180"/>
 <node id="1170389682" visible="true" version="2" changeset="15937056" timestamp="2013-05-01T18:12:54Z" user="CyrusDreams" uid="45439" lat="23.1909407" lon="80.0056227"/>
 <node id="1170389684" visible="true" version="1" changeset="7382503" timestamp="2011-02-24T15:34:01Z" user="PlaneMad" uid="1306" lat="23.1862433" lon="80.0037730"/>
 <node id="1170389687" visible="true" version="2" changeset="16619273" timestamp="2013-06-19T16:43:51Z" user="cMartin" uid="128287" lat="23.1868407" lon="79.9859954"/>
 <node id="1170389694" visible="true" version="1" changeset="7382503" timestamp="2011-02-24T15:34:01Z" user="PlaneMad" uid="1306" lat="23.1879829" lon="80.0023615"/>
 <node id="1170389716" visible="true" version="2" changeset="8682694" timestamp="2011-07-10T11:55:52Z" user="PlaneMad" uid="1306" lat="23.1885496" lon="80.0074127">
  <tag k="railway" v="buffer_stop"/>
 </node>
 <node id="1170389725" visible="true" version="2" changeset="15937056" timestamp="2013-05-01T18:12:54Z" user="CyrusDreams" uid="45439" lat="23.1902977" lon="80.0039827"/>
 <node id="1170389728" visible="true" version="1" changeset="7382503" timestamp="2011-02-24T15:34:02Z" user="PlaneMad" uid="1306" lat="23.1856873" lon="79.9894962"/>
 <node id="1170389741" visible="true" version="2" changeset="15937056" timestamp="2013-05-01T18:12:54Z" user="CyrusDreams" uid="45439" lat="23.1908352" lon="80.0069848"/>
 <node id="1170389744" visible="true" version="1" changeset="7382503" timestamp="2011-02-24T15:34:03Z" user="PlaneMad" uid="1306" lat="23.1853908" lon="79.9982131"/>
 <node id="1170389762" visible="true" version="1" changeset="7382503" timestamp="2011-02-24T15:34:03Z" user="PlaneMad" uid="1306" lat="23.1887690" lon="80.0058682"/>
 <node id="1297492020" visible="true" version="2" changeset="8682694" timestamp="2011-07-10T11:55:52Z" user="PlaneMad" uid="1306" lat="23.1599307" lon="80.0197351"/>
 <node id="1297493116" visible="true" version="2" changeset="8682694" timestamp="2011-07-10T11:55:52Z" user="PlaneMad" uid="1306" lat="23.1630480" lon="80.0160071"/>
 <node id="1356364884" visible="true" version="3" changeset="102447688" timestamp="2021-04-07T05:29:13Z" user="VLD149" uid="10979429" lat="23.1686238" lon="79.9953439"/>
 <node id="1356364885" visible="true" version="4" changeset="102447688" timestamp="2021-04-07T05:29:13Z" user="VLD149" uid="10979429" lat="23.1686061" lon="79.9957298"/>
 <node id="1356364887" visible="true" version="3" changeset="102447688" timestamp="2021-04-07T05:29:13Z" user="VLD149" uid="10979429" lat="23.1687971" lon="79.9951978"/>
 <node id="1356364888" visible="true" version="2" changeset="102447688" timestamp="2021-04-07T05:29:13Z" user="VLD149" uid="10979429" lat="23.1689396" lon="79.9964022"/>
 <node id="1356364889" visible="true" version="3" changeset="102447688" timestamp="2021-04-07T05:29:13Z" user="VLD149" uid="10979429" lat="23.1691282" lon="79.9951515"/>
 <node id="1356364891" visible="true" version="2" changeset="102447688" timestamp="2021-04-07T05:29:13Z" user="VLD149" uid="10979429" lat="23.1696778" lon="79.9952677"/>
 <node id="1356364892" visible="true" version="2" changeset="102449641" timestamp="2021-04-07T05:57:40Z" user="VLD149" uid="10979429" lat="23.1698013" lon="79.9970881"/>
 <node id="1356364894" visible="true" version="2" changeset="102447688" timestamp="2021-04-07T05:29:13Z" user="VLD149" uid="10979429" lat="23.1699141" lon="79.9954467"/>
 <node id="1356364897" visible="true" version="2" changeset="102449641" timestamp="2021-04-07T05:57:40Z" user="VLD149" uid="10979429" lat="23.1700936" lon="79.9974578"/>
 <node id="1356364901" visible="true" version="3" changeset="98552622" timestamp="2021-02-02T06:13:30Z" user="PlaneMad" uid="1306" lat="23.1692928" lon="80.0402391"/>
 <node id="1356364902" visible="true" version="3" changeset="137575004" timestamp="2023-06-20T18:26:18Z" user="Sal73x" uid="1293386" lat="23.1705823" lon="79.9960918"/>
 <node id="1356364904" visible="true" version="2" changeset="102449641" timestamp="2021-04-07T05:57:40Z" user="VLD149" uid="10979429" lat="23.1711333" lon="80.0011965"/>
 <node id="1356364905" visible="true" version="3" changeset="102465006" timestamp="2021-04-07T08:55:46Z" user="VLD149" uid="10979429" lat="23.1711518" lon="80.0031546"/>
 <node id="1356364906" visible="true" version="2" changeset="102449641" timestamp="2021-04-07T05:57:40Z" user="VLD149" uid="10979429" lat="23.1712498" lon="80.0038630"/>
 <node id="1356364908" visible="true" version="2" changeset="102449641" timestamp="2021-04-07T05:57:40Z" user="VLD149" uid="10979429" lat="23.1717471" lon="80.0050296"/>
 <node id="1356364909" visible="true" version="3" changeset="102463779" timestamp="2021-04-07T08:44:34Z" user="VLD149" uid="10979429" lat="23.1717214" lon="80.0068635"/>
 <node id="1356364910" visible="true" version="3" changeset="137575004" timestamp="2023-06-20T18:26:18Z" user="Sal73x" uid="1293386" lat="23.1717744" lon="80.0073558"/>
 <node id="1356364913" visible="true" version="2" changeset="102449641" timestamp="2021-04-07T05:57:40Z" user="VLD149" uid="10979429" lat="23.1718871" lon="80.0055291"/>
 <node id="1356364917" visible="true" version="2" changeset="98552622" timestamp="2021-02-02T06:13:30Z" user="PlaneMad" uid="1306" lat="23.1724984" lon="80.0381255"/>
 <node id="1356364918" visible="true" version="3" changeset="137575004" timestamp="2023-06-20T18:26:18Z" user="Sal73x" uid="1293386" lat="23.1727106" lon="80.0102015"/>
 <node id="1356364947" visible="true" version="2" changeset="13925701" timestamp="2012-11-18T22:37:58Z" user="CyrusDreams" uid="45439" lat="23.1789696" lon="80.0587477"/>
 <node id="1356364949" visible="true" version="2" changeset="13925701" timestamp="2012-11-18T22:37:58Z" user="CyrusDreams" uid="45439" lat="23.1790202" lon="80.0604463"/>
 <node id="1356364962" visible="true" version="4" changeset="134090532" timestamp="2023-03-25T02:45:02Z" user="Sal73x" uid="1293386" lat="23.1783293" lon="80.0485498"/>
 <node id="1356364970" visible="true" version="3" changeset="98552622" timestamp="2021-02-02T06:13:30Z" user="PlaneMad" uid="1306" lat="23.1794545" lon="80.0587231"/>
 <node id="1356364976" visible="true" version="3" changeset="137575004" timestamp="2023-06-20T18:26:18Z" user="Sal73x" uid="1293386" lat="23.1804079" lon="80.0603765"/>
 <node id="1356364990" visible="true" version="3" changeset="137575004" timestamp="2023-06-20T18:26:18Z" user="Sal73x" uid="1293386" lat="23.1863023" lon="80.0706986"/>
 <node id="1356364999" visible="true" version="2" changeset="20490916" timestamp="2014-02-10T19:02:11Z" user="Heinz_V" uid="91490" lat="23.1854456" lon="79.9953808">
  <tag k="railway" v="level_crossing"/>
 </node>
 <node id="1356365001" visible="true" version="2" changeset="13925701" timestamp="2012-11-18T22:37:58Z" user="CyrusDreams" uid="45439" lat="23.1860189" lon="80.0617670"/>
 <node id="1356365002" visible="true" version="2" changeset="13925701" timestamp="2012-11-18T22:37:58Z" user="CyrusDreams" uid="45439" lat="23.1862040" lon="80.0603000"/>
 <node id="1356365020" visible="true" version="3" changeset="137575004" timestamp="2023-06-20T18:26:18Z" user="Sal73x" uid="1293386" lat="23.1886778" lon="80.0566609"/>
 <node id="1356365021" visible="true" version="2" changeset="13925701" timestamp="2012-11-18T22:37:58Z" user="CyrusDreams" uid="45439" lat="23.1887673" lon="80.0560943"/>
 <node id="1356365023" visible="true" version="4" changeset="137575004" timestamp="2023-06-20T18:26:18Z" user="Sal73x" uid="1293386" lat="23.1887886" lon="80.0566773"/>
 <node id="1356365024" visible="true" version="2" changeset="13925701" timestamp="2012-11-18T22:37:58Z" user="CyrusDreams" uid="45439" lat="23.1893800" lon="80.0579697"/>
 <node id="1356365026" visible="true" version="1" changeset="8682694" timestamp="2011-07-10T11:55:25Z" user="PlaneMad" uid="1306" lat="23.1894397" lon="80.0594095"/>
 <node id="1356365027" visible="true" version="2" changeset="13925701" timestamp="2012-11-18T22:37:58Z" user="CyrusDreams" uid="45439" lat="23.1894747" lon="80.0567709"/>
 <node id="1356365029" visible="true" version="2" changeset="13925701" timestamp="2012-11-18T22:37:58Z" user="CyrusDreams" uid="45439" lat="23.1895984" lon="80.0579890"/>
 <node id="1356365030" visible="true" version="2" changeset="13925701" timestamp="2012-11-18T22:37:59Z" user="CyrusDreams" uid="45439" lat="23.1896074" lon="80.0601374"/>
 <node id="1356365031" visible="true" version="2" changeset="13925701" timestamp="2012-11-18T22:37:59Z" user="CyrusDreams" uid="45439" lat="23.1896615" lon="80.0592445"/>
 <node id="1444182139" visible="true" version="2" changeset="40318685" timestamp="2016-06-27T11:23:39Z" user="indigomc" uid="136860" lat="23.1777851" lon="80.0196934"/>
 <node id="1444182204" visible="true" version="2" changeset="40318685" timestamp="2016-06-27T11:23:39Z" user="indigomc" uid="136860" lat="23.1777456" lon="80.0201226"/>
 <node id="1444182531" visible="true" version="2" changeset="40318685" timestamp="2016-06-27T11:23:39Z" user="indigomc" uid="136860" lat="23.1776864" lon="80.0189424"/>
 <node id="1444182597" visible="true" version="2" changeset="40318685" timestamp="2016-06-27T11:23:39Z" user="indigomc" uid="136860" lat="23.1777851" lon="80.0193501"/>
 <node id="1444182988" visible="true" version="2" changeset="40318685" timestamp="2016-06-27T11:23:39Z" user="indigomc" uid="136860" lat="23.1771538" lon="80.0189638"/>
 <node id="1444183277" visible="true" version="2" changeset="40318685" timestamp="2016-06-27T11:23:39Z" user="indigomc" uid="136860" lat="23.1778245" lon="80.0197792"/>
 <node id="1444183713" visible="true" version="2" changeset="40318685" timestamp="2016-06-27T11:23:39Z" user="indigomc" uid="136860" lat="23.1777851" lon="80.0189638"/>
 <node id="1444183768" visible="true" version="2" changeset="40318685" timestamp="2016-06-27T11:23:39Z" user="indigomc" uid="136860" lat="23.1773117" lon="80.0191355"/>
 <node id="1444184116" visible="true" version="2" changeset="40318685" timestamp="2016-06-27T11:23:39Z" user="indigomc" uid="136860" lat="23.1771538" lon="80.0188780"/>
 <node id="1444184220" visible="true" version="2" changeset="40318685" timestamp="2016-06-27T11:23:39Z" user="indigomc" uid="136860" lat="23.1774300" lon="80.0196076"/>
 <node id="1444184651" visible="true" version="2" changeset="40318685" timestamp="2016-06-27T11:23:39Z" user="indigomc" uid="136860" lat="23.1778245" lon="80.0193930"/>
 <node id="1444184943" visible="true" version="2" changeset="40318685" timestamp="2016-06-27T11:23:39Z" user="indigomc" uid="136860" lat="23.1778245" lon="80.0191784"/>
 <node id="1444185677" visible="true" version="2" changeset="40318685" timestamp="2016-06-27T11:23:39Z" user="indigomc" uid="136860" lat="23.1775484" lon="80.0199509"/>
 <node id="1444185778" visible="true" version="2" changeset="40318685" timestamp="2016-06-27T11:23:39Z" user="indigomc" uid="136860" lat="23.1773906" lon="80.0193072"/>
 <node id="1444186179" visible="true" version="2" changeset="40318685" timestamp="2016-06-27T11:23:39Z" user="indigomc" uid="136860" lat="23.1770749" lon="80.0187064"/>
 <node id="1444186250" visible="true" version="2" changeset="40318685" timestamp="2016-06-27T11:23:39Z" user="indigomc" uid="136860" lat="23.1773708" lon="80.0185132"/>
 <node id="1444186806" visible="true" version="2" changeset="40318685" timestamp="2016-06-27T11:23:39Z" user="indigomc" uid="136860" lat="23.1776273" lon="80.0187922"/>
 <node id="1444187099" visible="true" version="2" changeset="40318685" timestamp="2016-06-27T11:23:39Z" user="indigomc" uid="136860" lat="23.1775089" lon="80.0197363"/>
 <node id="1444187527" visible="true" version="2" changeset="40318685" timestamp="2016-06-27T11:23:40Z" user="indigomc" uid="136860" lat="23.1770355" lon="80.0186205"/>
 <node id="1444187622" visible="true" version="2" changeset="40318685" timestamp="2016-06-27T11:23:40Z" user="indigomc" uid="136860" lat="23.1775878" lon="80.0186634"/>
 <node id="1444187998" visible="true" version="2" changeset="40318685" timestamp="2016-06-27T11:23:40Z" user="indigomc" uid="136860" lat="23.1775878" lon="80.0188351"/>
 <node id="1444188454" visible="true" version="2" changeset="40318685" timestamp="2016-06-27T11:23:40Z" user="indigomc" uid="136860" lat="23.1776470" lon="80.0202728"/>
 <node id="1444188714" visible="true" version="2" changeset="40318685" timestamp="2016-06-27T11:23:40Z" user="indigomc" uid="136860" lat="23.1771341" lon="80.0185132"/>
 <node id="1444189155" visible="true" version="2" changeset="40318685" timestamp="2016-06-27T11:23:40Z" user="indigomc" uid="136860" lat="23.1778245" lon="80.0195647"/>
 <node id="1444189224" visible="true" version="2" changeset="40318685" timestamp="2016-06-27T11:23:40Z" user="indigomc" uid="136860" lat="23.1777062" lon="80.0199080"/>
 <node id="1444189614" visible="true" version="2" changeset="40318685" timestamp="2016-06-27T11:23:40Z" user="indigomc" uid="136860" lat="23.1775089" lon="80.0201655"/>
 <node id="2020667977" visible="true" version="1" changeset="13925701" timestamp="2012-11-18T22:37:56Z" user="CyrusDreams" uid="45439" lat="23.1893110" lon="80.0577182"/>
 <node id="2020667987" visible="true" version="1" changeset="13925701" timestamp="2012-11-18T22:37:56Z" user="CyrusDreams" uid="45439" lat="23.1893212" lon="80.0578586"/>
 <node id="2162245719" visible="true" version="2" changeset="102090591" timestamp="2021-04-01T04:45:45Z" user="VLD260" uid="10979445" lat="23.2022682" lon="80.0732710"/>
 <node id="2352459604" visible="true" version="1" changeset="16619273" timestamp="2013-06-19T16:43:33Z" user="cMartin" uid="128287" lat="23.1721944" lon="80.0037572"/>
 <node id="2352459608" visible="true" version="1" changeset="16619273" timestamp="2013-06-19T16:43:33Z" user="cMartin" uid="128287" lat="23.1725173" lon="79.9991323"/>
 <node id="2352459612" visible="true" version="1" changeset="16619273" timestamp="2013-06-19T16:43:33Z" user="cMartin" uid="128287" lat="23.1734482" lon="79.9973262"/>
 <node id="2352459615" visible="true" version="1" changeset="16619273" timestamp="2013-06-19T16:43:33Z" user="cMartin" uid="128287" lat="23.1746109" lon="80.0071463"/>
 <node id="2352459628" visible="true" version="1" changeset="16619273" timestamp="2013-06-19T16:43:34Z" user="cMartin" uid="128287" lat="23.1772402" lon="80.0091921"/>
 <node id="2352459635" visible="true" version="1" changeset="16619273" timestamp="2013-06-19T16:43:34Z" user="cMartin" uid="128287" lat="23.1806520" lon="79.9970989"/>
 <node id="2352459641" visible="true" version="1" changeset="16619273" timestamp="2013-06-19T16:43:34Z" user="cMartin" uid="128287" lat="23.1810358" lon="80.0134740"/>
 <node id="2352459646" visible="true" version="1" changeset="16619273" timestamp="2013-06-19T16:43:34Z" user="cMartin" uid="128287" lat="23.1821490" lon="80.0145320"/>
 <node id="2352459648" visible="true" version="1" changeset="16619273" timestamp="2013-06-19T16:43:34Z" user="cMartin" uid="128287" lat="23.1831585" lon="80.0026241"/>
 <node id="2352459652" visible="true" version="1" changeset="16619273" timestamp="2013-06-19T16:43:34Z" user="cMartin" uid="128287" lat="23.1838196" lon="79.9959805"/>
 <node id="2352459653" visible="true" version="1" changeset="16619273" timestamp="2013-06-19T16:43:34Z" user="cMartin" uid="128287" lat="23.1838341" lon="80.0027303"/>
 <node id="2352459654" visible="true" version="1" changeset="16619273" timestamp="2013-06-19T16:43:34Z" user="cMartin" uid="128287" lat="23.1838891" lon="79.9963033"/>
 <node id="2352459656" visible="true" version="1" changeset="16619273" timestamp="2013-06-19T16:43:34Z" user="cMartin" uid="128287" lat="23.1840752" lon="80.0146106"/>
 <node id="2352459660" visible="true" version="1" changeset="16619273" timestamp="2013-06-19T16:43:34Z" user="cMartin" uid="128287" lat="23.1845636" lon="80.0028254"/>
 <node id="2352459663" visible="true" version="1" changeset="16619273" timestamp="2013-06-19T16:43:34Z" user="cMartin" uid="128287" lat="23.1849506" lon="79.9958782"/>
 <node id="2352459665" visible="true" version="1" changeset="16619273" timestamp="2013-06-19T16:43:34Z" user="cMartin" uid="128287" lat="23.1850285" lon="79.9958256"/>
 <node id="2352459667" visible="true" version="1" changeset="16619273" timestamp="2013-06-19T16:43:34Z" user="cMartin" uid="128287" lat="23.1850442" lon="80.0029638"/>
 <node id="2352459669" visible="true" version="1" changeset="16619273" timestamp="2013-06-19T16:43:34Z" user="cMartin" uid="128287" lat="23.1851172" lon="79.9958286"/>
 <node id="2352459671" visible="true" version="1" changeset="16619273" timestamp="2013-06-19T16:43:34Z" user="cMartin" uid="128287" lat="23.1851521" lon="79.9958870"/>
 <node id="2352459677" visible="true" version="1" changeset="16619273" timestamp="2013-06-19T16:43:35Z" user="cMartin" uid="128287" lat="23.1853822" lon="80.0124986"/>
 <node id="2352459679" visible="true" version="1" changeset="16619273" timestamp="2013-06-19T16:43:35Z" user="cMartin" uid="128287" lat="23.1854549" lon="79.9945750"/>
 <node id="2352459683" visible="true" version="1" changeset="16619273" timestamp="2013-06-19T16:43:35Z" user="cMartin" uid="128287" lat="23.1855020" lon="80.0032097"/>
 <node id="2352459685" visible="true" version="1" changeset="16619273" timestamp="2013-06-19T16:43:35Z" user="cMartin" uid="128287" lat="23.1856007" lon="79.9958812"/>
 <node id="2352459687" visible="true" version="1" changeset="16619273" timestamp="2013-06-19T16:43:35Z" user="cMartin" uid="128287" lat="23.1857642" lon="80.0034391"/>
 <node id="2352459691" visible="true" version="1" changeset="16619273" timestamp="2013-06-19T16:43:35Z" user="cMartin" uid="128287" lat="23.1858801" lon="80.0001392"/>
 <node id="2352459695" visible="true" version="1" changeset="16619273" timestamp="2013-06-19T16:43:35Z" user="cMartin" uid="128287" lat="23.1862030" lon="80.0039082"/>
 <node id="2352459699" visible="true" version="1" changeset="16619273" timestamp="2013-06-19T16:43:35Z" user="cMartin" uid="128287" lat="23.1863953" lon="80.0044025"/>
 <node id="2352459738" visible="true" version="1" changeset="16619273" timestamp="2013-06-19T16:43:36Z" user="cMartin" uid="128287" lat="23.1876446" lon="80.0097670"/>
 <node id="2352459739" visible="true" version="1" changeset="16619273" timestamp="2013-06-19T16:43:36Z" user="cMartin" uid="128287" lat="23.1878466" lon="80.0000954"/>
 <node id="2352459740" visible="true" version="1" changeset="16619273" timestamp="2013-06-19T16:43:36Z" user="cMartin" uid="128287" lat="23.1880696" lon="80.0000370"/>
 <node id="2352459742" visible="true" version="1" changeset="16619273" timestamp="2013-06-19T16:43:36Z" user="cMartin" uid="128287" lat="23.1885355" lon="80.0108123"/>
 <node id="2352459743" visible="true" version="1" changeset="16619273" timestamp="2013-06-19T16:43:36Z" user="cMartin" uid="128287" lat="23.1885499" lon="80.0088522"/>
 <node id="2352459744" visible="true" version="1" changeset="16619273" timestamp="2013-06-19T16:43:36Z" user="cMartin" uid="128287" lat="23.1887368" lon="80.0137096"/>
 <node id="2352459745" visible="true" version="1" changeset="16619273" timestamp="2013-06-19T16:43:36Z" user="cMartin" uid="128287" lat="23.1889458" lon="80.0112959"/>
 <node id="2352459746" visible="true" version="1" changeset="16619273" timestamp="2013-06-19T16:43:36Z" user="cMartin" uid="128287" lat="23.1889607" lon="80.0028235"/>
 <node id="2352459747" visible="true" version="1" changeset="16619273" timestamp="2013-06-19T16:43:36Z" user="cMartin" uid="128287" lat="23.1890818" lon="80.0082473"/>
 <node id="2352459748" visible="true" version="1" changeset="16619273" timestamp="2013-06-19T16:43:36Z" user="cMartin" uid="128287" lat="23.1891472" lon="80.0117340"/>
 <node id="2352459749" visible="true" version="1" changeset="16619273" timestamp="2013-06-19T16:43:36Z" user="cMartin" uid="128287" lat="23.1891661" lon="80.0123250"/>
 <node id="2352459750" visible="true" version="1" changeset="16619273" timestamp="2013-06-19T16:43:36Z" user="cMartin" uid="128287" lat="23.1893048" lon="80.0032995"/>
 <node id="2352459751" visible="true" version="1" changeset="16619273" timestamp="2013-06-19T16:43:36Z" user="cMartin" uid="128287" lat="23.1894777" lon="80.0097212"/>
 <node id="2352459752" visible="true" version="1" changeset="16619273" timestamp="2013-06-19T16:43:36Z" user="cMartin" uid="128287" lat="23.1895385" lon="80.0098328"/>
 <node id="2352459753" visible="true" version="1" changeset="16619273" timestamp="2013-06-19T16:43:36Z" user="cMartin" uid="128287" lat="23.1896191" lon="80.0039717"/>
 <node id="2352459754" visible="true" version="1" changeset="16619273" timestamp="2013-06-19T16:43:36Z" user="cMartin" uid="128287" lat="23.1896223" lon="79.9995927"/>
 <node id="2352459755" visible="true" version="1" changeset="16619273" timestamp="2013-06-19T16:43:36Z" user="cMartin" uid="128287" lat="23.1896433" lon="80.0073618"/>
 <node id="2352459756" visible="true" version="1" changeset="16619273" timestamp="2013-06-19T16:43:36Z" user="cMartin" uid="128287" lat="23.1898018" lon="80.0067539"/>
 <node id="2352459757" visible="true" version="1" changeset="16619273" timestamp="2013-06-19T16:43:36Z" user="cMartin" uid="128287" lat="23.1898851" lon="80.0048192"/>
 <node id="2352459758" visible="true" version="1" changeset="16619273" timestamp="2013-06-19T16:43:36Z" user="cMartin" uid="128287" lat="23.1899554" lon="79.9997681"/>
 <node id="2352459759" visible="true" version="1" changeset="16619273" timestamp="2013-06-19T16:43:36Z" user="cMartin" uid="128287" lat="23.1899576" lon="80.0059122"/>
 <node id="2352459760" visible="true" version="1" changeset="16619273" timestamp="2013-06-19T16:43:36Z" user="cMartin" uid="128287" lat="23.1901435" lon="79.9993940"/>
 <node id="2352459762" visible="true" version="1" changeset="16619273" timestamp="2013-06-19T16:43:36Z" user="cMartin" uid="128287" lat="23.1903315" lon="79.9994642"/>
 <node id="2352459763" visible="true" version="1" changeset="16619273" timestamp="2013-06-19T16:43:36Z" user="cMartin" uid="128287" lat="23.1904363" lon="79.9992771"/>
 <node id="2352459764" visible="true" version="1" changeset="16619273" timestamp="2013-06-19T16:43:36Z" user="cMartin" uid="128287" lat="23.1906706" lon="80.0084193"/>
 <node id="2352459765" visible="true" version="1" changeset="16619273" timestamp="2013-06-19T16:43:36Z" user="cMartin" uid="128287" lat="23.1913392" lon="80.0079026"/>
 <node id="2352459766" visible="true" version="1" changeset="16619273" timestamp="2013-06-19T16:43:36Z" user="cMartin" uid="128287" lat="23.1915102" lon="80.0077125"/>
 <node id="2352459767" visible="true" version="1" changeset="16619273" timestamp="2013-06-19T16:43:37Z" user="cMartin" uid="128287" lat="23.1920952" lon="80.0100684"/>
 <node id="2352459768" visible="true" version="1" changeset="16619273" timestamp="2013-06-19T16:43:37Z" user="cMartin" uid="128287" lat="23.1921066" lon="80.0079729"/>
 <node id="2352459769" visible="true" version="1" changeset="16619273" timestamp="2013-06-19T16:43:37Z" user="cMartin" uid="128287" lat="23.1921066" lon="80.0115397"/>
 <node id="2352459770" visible="true" version="1" changeset="16619273" timestamp="2013-06-19T16:43:37Z" user="cMartin" uid="128287" lat="23.1921978" lon="80.0090310"/>
 <node id="2352459771" visible="true" version="1" changeset="16619273" timestamp="2013-06-19T16:43:37Z" user="cMartin" uid="128287" lat="23.1923033" lon="79.9992245"/>
 <node id="2352459773" visible="true" version="1" changeset="16619273" timestamp="2013-06-19T16:43:37Z" user="cMartin" uid="128287" lat="23.1924675" lon="80.0118497"/>
 <node id="2352459779" visible="true" version="1" changeset="16619273" timestamp="2013-06-19T16:43:37Z" user="cMartin" uid="128287" lat="23.1948123" lon="80.0005016"/>
 <node id="2352459780" visible="true" version="1" changeset="16619273" timestamp="2013-06-19T16:43:37Z" user="cMartin" uid="128287" lat="23.1948230" lon="79.9993063"/>
 <node id="2352459782" visible="true" version="1" changeset="16619273" timestamp="2013-06-19T16:43:37Z" user="cMartin" uid="128287" lat="23.1954384" lon="80.0117009"/>
 <node id="2352459785" visible="true" version="1" changeset="16619273" timestamp="2013-06-19T16:43:37Z" user="cMartin" uid="128287" lat="23.1966958" lon="80.0116678"/>
 <node id="2352459787" visible="true" version="1" changeset="16619273" timestamp="2013-06-19T16:43:37Z" user="cMartin" uid="128287" lat="23.1967759" lon="80.0025182"/>
 <node id="2352459789" visible="true" version="1" changeset="16619273" timestamp="2013-06-19T16:43:37Z" user="cMartin" uid="128287" lat="23.1969275" lon="80.0113620"/>
 <node id="2352459791" visible="true" version="1" changeset="16619273" timestamp="2013-06-19T16:43:37Z" user="cMartin" uid="128287" lat="23.1972922" lon="80.0112711"/>
 <node id="2352459792" visible="true" version="1" changeset="16619273" timestamp="2013-06-19T16:43:37Z" user="cMartin" uid="128287" lat="23.1975202" lon="80.0109487"/>
 <node id="2596877340" visible="true" version="1" changeset="19661556" timestamp="2013-12-27T14:00:05Z" user="CyrusDreams" uid="45439" lat="23.1859553" lon="80.0294663"/>
 <node id="2596877341" visible="true" version="1" changeset="19661556" timestamp="2013-12-27T14:00:05Z" user="CyrusDreams" uid="45439" lat="23.1859781" lon="80.0297616"/>
 <node id="2596877342" visible="true" version="1" changeset="19661556" timestamp="2013-12-27T14:00:05Z" user="CyrusDreams" uid="45439" lat="23.1861812" lon="80.0298212"/>
 <node id="2596877343" visible="true" version="1" changeset="19661556" timestamp="2013-12-27T14:00:06Z" user="CyrusDreams" uid="45439" lat="23.1861812" lon="80.0298857"/>
 <node id="2596877344" visible="true" version="1" changeset="19661556" timestamp="2013-12-27T14:00:06Z" user="CyrusDreams" uid="45439" lat="23.1862314" lon="80.0292851"/>
 <node id="2596877345" visible="true" version="1" changeset="19661556" timestamp="2013-12-27T14:00:06Z" user="CyrusDreams" uid="45439" lat="23.1862953" lon="80.0288234"/>
 <node id="2596877346" visible="true" version="1" changeset="19661556" timestamp="2013-12-27T14:00:06Z" user="CyrusDreams" uid="45439" lat="23.1863432" lon="80.0298857"/>
 <node id="2596877347" visible="true" version="1" changeset="19661556" timestamp="2013-12-27T14:00:06Z" user="CyrusDreams" uid="45439" lat="23.1864299" lon="80.0301761"/>
 <node id="2596877348" visible="true" version="1" changeset="19661556" timestamp="2013-12-27T14:00:06Z" user="CyrusDreams" uid="45439" lat="23.1868360" lon="80.0270265"/>
 <node id="2596877349" visible="true" version="1" changeset="19661556" timestamp="2013-12-27T14:00:06Z" user="CyrusDreams" uid="45439" lat="23.1869250" lon="80.0329337"/>
 <node id="2596877350" visible="true" version="1" changeset="19661556" timestamp="2013-12-27T14:00:06Z" user="CyrusDreams" uid="45439" lat="23.1870778" lon="80.0334052"/>
 <node id="2596877351" visible="true" version="1" changeset="19661556" timestamp="2013-12-27T14:00:06Z" user="CyrusDreams" uid="45439" lat="23.1872398" lon="80.0337353"/>
 <node id="2596877352" visible="true" version="1" changeset="19661556" timestamp="2013-12-27T14:00:06Z" user="CyrusDreams" uid="45439" lat="23.1874224" lon="80.0340257"/>
 <node id="2596877353" visible="true" version="1" changeset="19661556" timestamp="2013-12-27T14:00:06Z" user="CyrusDreams" uid="45439" lat="23.1878946" lon="80.0350359"/>
 <node id="2596877354" visible="true" version="1" changeset="19661556" timestamp="2013-12-27T14:00:06Z" user="CyrusDreams" uid="45439" lat="23.1879608" lon="80.0346835"/>
 <node id="2596877355" visible="true" version="1" changeset="19661556" timestamp="2013-12-27T14:00:06Z" user="CyrusDreams" uid="45439" lat="23.1880110" lon="80.0353685"/>
 <node id="2596877357" visible="true" version="1" changeset="19661556" timestamp="2013-12-27T14:00:06Z" user="CyrusDreams" uid="45439" lat="23.1881342" lon="80.0356093"/>
 <node id="2596877358" visible="true" version="1" changeset="19661556" timestamp="2013-12-27T14:00:06Z" user="CyrusDreams" uid="45439" lat="23.1882802" lon="80.0357756"/>
 <node id="2596877360" visible="true" version="1" changeset="19661556" timestamp="2013-12-27T14:00:06Z" user="CyrusDreams" uid="45439" lat="23.1884559" lon="80.0362149"/>
 <node id="2596877362" visible="true" version="1" changeset="19661556" timestamp="2013-12-27T14:00:06Z" user="CyrusDreams" uid="45439" lat="23.1885791" lon="80.0364134"/>
 <node id="2596877364" visible="true" version="1" changeset="19661556" timestamp="2013-12-27T14:00:06Z" user="CyrusDreams" uid="45439" lat="23.1888346" lon="80.0366914"/>
 <node id="2596877366" visible="true" version="1" changeset="19661556" timestamp="2013-12-27T14:00:06Z" user="CyrusDreams" uid="45439" lat="23.1888620" lon="80.0442119"/>
 <node id="2596877367" visible="true" version="1" changeset="19661556" timestamp="2013-12-27T14:00:06Z" user="CyrusDreams" uid="45439" lat="23.1888939" lon="80.0275030"/>
 <node id="2596877369" visible="true" version="1" changeset="19661556" timestamp="2013-12-27T14:00:06Z" user="CyrusDreams" uid="45439" lat="23.1889487" lon="80.0275998"/>
 <node id="2596877371" visible="true" version="1" changeset="19661556" timestamp="2013-12-27T14:00:06Z" user="CyrusDreams" uid="45439" lat="23.1889989" lon="80.0439364"/>
 <node id="2596877373" visible="true" version="1" changeset="19661556" timestamp="2013-12-27T14:00:06Z" user="CyrusDreams" uid="45439" lat="23.1891928" lon="80.0438222"/>
 <node id="2596877375" visible="true" version="1" changeset="19661556" timestamp="2013-12-27T14:00:06Z" user="CyrusDreams" uid="45439" lat="23.1892407" lon="80.0383668"/>
 <node id="2596877377" visible="true" version="1" changeset="19661556" timestamp="2013-12-27T14:00:06Z" user="CyrusDreams" uid="45439" lat="23.1892544" lon="80.0367237"/>
 <node id="2596877379" visible="true" version="1" changeset="19661556" timestamp="2013-12-27T14:00:06Z" user="CyrusDreams" uid="45439" lat="23.1893000" lon="80.0376098"/>
 <node id="2596877381" visible="true" version="1" changeset="19661556" timestamp="2013-12-27T14:00:06Z" user="CyrusDreams" uid="45439" lat="23.1894438" lon="80.0444899"/>
 <node id="2596877383" visible="true" version="1" changeset="19661556" timestamp="2013-12-27T14:00:06Z" user="CyrusDreams" uid="45439" lat="23.1895031" lon="80.0406527"/>
 <node id="2596877384" visible="true" version="1" changeset="19661556" timestamp="2013-12-27T14:00:06Z" user="CyrusDreams" uid="45439" lat="23.1895236" lon="80.0398411"/>
 <node id="2596877386" visible="true" version="1" changeset="19661556" timestamp="2013-12-27T14:00:06Z" user="CyrusDreams" uid="45439" lat="23.1897198" lon="80.0419855"/>
 <node id="2596877388" visible="true" version="1" changeset="19661556" timestamp="2013-12-27T14:00:06Z" user="CyrusDreams" uid="45439" lat="23.1899115" lon="80.0435740"/>
 <node id="2596877390" visible="true" version="1" changeset="19661556" timestamp="2013-12-27T14:00:06Z" user="CyrusDreams" uid="45439" lat="23.1899525" lon="80.0444849"/>
 <node id="2596877392" visible="true" version="1" changeset="19661556" timestamp="2013-12-27T14:00:06Z" user="CyrusDreams" uid="45439" lat="23.1900187" lon="80.0448647"/>
 <node id="2596877394" visible="true" version="1" changeset="19661556" timestamp="2013-12-27T14:00:06Z" user="CyrusDreams" uid="45439" lat="23.1900392" lon="80.0452593"/>
 <node id="2596877396" visible="true" version="1" changeset="19661556" timestamp="2013-12-27T14:00:06Z" user="CyrusDreams" uid="45439" lat="23.1907556" lon="80.0467560"/>
 <node id="2596877398" visible="true" version="1" changeset="19661556" timestamp="2013-12-27T14:00:06Z" user="CyrusDreams" uid="45439" lat="23.1914994" lon="80.0469769"/>
 <node id="2596877400" visible="true" version="1" changeset="19661556" timestamp="2013-12-27T14:00:06Z" user="CyrusDreams" uid="45439" lat="23.1916317" lon="80.0501762"/>
 <node id="2596877402" visible="true" version="1" changeset="19661556" timestamp="2013-12-27T14:00:06Z" user="CyrusDreams" uid="45439" lat="23.1916773" lon="80.0506031"/>
 <node id="2596877404" visible="true" version="1" changeset="19661556" timestamp="2013-12-27T14:00:06Z" user="CyrusDreams" uid="45439" lat="23.1916842" lon="80.0477810"/>
 <node id="2596877406" visible="true" version="1" changeset="19661556" timestamp="2013-12-27T14:00:06Z" user="CyrusDreams" uid="45439" lat="23.1916933" lon="80.0496674"/>
 <node id="2596877408" visible="true" version="1" changeset="19661556" timestamp="2013-12-27T14:00:06Z" user="CyrusDreams" uid="45439" lat="23.1917640" lon="80.0485753"/>
 <node id="2596877410" visible="true" version="1" changeset="19661556" timestamp="2013-12-27T14:00:06Z" user="CyrusDreams" uid="45439" lat="23.1920515" lon="80.0493695"/>
 <node id="2596877412" visible="true" version="1" changeset="19661556" timestamp="2013-12-27T14:00:06Z" user="CyrusDreams" uid="45439" lat="23.1922522" lon="80.0316157"/>
 <node id="2596877414" visible="true" version="1" changeset="19661556" timestamp="2013-12-27T14:00:06Z" user="CyrusDreams" uid="45439" lat="23.1922568" lon="80.0502258"/>
 <node id="2596877416" visible="true" version="1" changeset="19661556" timestamp="2013-12-27T14:00:06Z" user="CyrusDreams" uid="45439" lat="23.1923252" lon="80.0316852"/>
 <node id="2596877418" visible="true" version="1" changeset="19661556" timestamp="2013-12-27T14:00:06Z" user="CyrusDreams" uid="45439" lat="23.1924507" lon="80.0319309"/>
 <node id="2596877420" visible="true" version="1" changeset="19661556" timestamp="2013-12-27T14:00:06Z" user="CyrusDreams" uid="45439" lat="23.1942120" lon="80.0318118"/>
 <node id="2596877421" visible="true" version="1" changeset="19661556" timestamp="2013-12-27T14:00:06Z" user="CyrusDreams" uid="45439" lat="23.1942804" lon="80.0518788"/>
 <node id="2596877424" visible="true" version="1" changeset="19661556" timestamp="2013-12-27T14:00:06Z" user="CyrusDreams" uid="45439" lat="23.1944492" lon="80.0521990"/>
 <node id="2596877426" visible="true" version="1" changeset="19661556" timestamp="2013-12-27T14:00:06Z" user="CyrusDreams" uid="45439" lat="23.1945063" lon="80.0526706"/>
 <node id="2596877428" visible="true" version="1" changeset="19661556" timestamp="2013-12-27T14:00:06Z" user="CyrusDreams" uid="45439" lat="23.1947048" lon="80.0532315"/>
 <node id="2596877430" visible="true" version="1" changeset="19661556" timestamp="2013-12-27T14:00:06Z" user="CyrusDreams" uid="45439" lat="23.1953367" lon="80.0535070"/>
 <node id="2596877432" visible="true" version="1" changeset="19661556" timestamp="2013-12-27T14:00:06Z" user="CyrusDreams" uid="45439" lat="23.1954006" lon="80.0536510"/>
 <node id="2596877434" visible="true" version="1" changeset="19661556" timestamp="2013-12-27T14:00:06Z" user="CyrusDreams" uid="45439" lat="23.1956150" lon="80.0327252"/>
 <node id="2596877435" visible="true" version="1" changeset="19661556" timestamp="2013-12-27T14:00:07Z" user="CyrusDreams" uid="45439" lat="23.1958432" lon="80.0538112"/>
 <node id="2596877438" visible="true" version="1" changeset="19661556" timestamp="2013-12-27T14:00:07Z" user="CyrusDreams" uid="45439" lat="23.1968470" lon="80.0333233"/>
 <node id="2596877440" visible="true" version="1" changeset="19661556" timestamp="2013-12-27T14:00:07Z" user="CyrusDreams" uid="45439" lat="23.1974538" lon="80.0334127"/>
 <node id="2596877442" visible="true" version="1" changeset="19661556" timestamp="2013-12-27T14:00:07Z" user="CyrusDreams" uid="45439" lat="23.1976660" lon="80.0334077"/>
 <node id="2596877456" visible="true" version="1" changeset="19661556" timestamp="2013-12-27T14:00:07Z" user="CyrusDreams" uid="45439" lat="23.1983914" lon="80.0328220"/>
 <node id="2596877462" visible="true" version="1" changeset="19661556" timestamp="2013-12-27T14:00:07Z" user="CyrusDreams" uid="45439" lat="23.1986447" lon="80.0332240"/>
 <node id="2596877472" visible="true" version="1" changeset="19661556" timestamp="2013-12-27T14:00:07Z" user="CyrusDreams" uid="45439" lat="23.1987405" lon="80.0331694"/>
 <node id="2596877474" visible="true" version="1" changeset="19661556" timestamp="2013-12-27T14:00:07Z" user="CyrusDreams" uid="45439" lat="23.1987633" lon="80.0552767"/>
 <node id="2596877482" visible="true" version="1" changeset="19661556" timestamp="2013-12-27T14:00:07Z" user="CyrusDreams" uid="45439" lat="23.1990416" lon="80.0336658"/>
 <node id="2596877486" visible="true" version="1" changeset="19661556" timestamp="2013-12-27T14:00:07Z" user="CyrusDreams" uid="45439" lat="23.1991009" lon="80.0338197"/>
 <node id="2596877490" visible="true" version="1" changeset="19661556" timestamp="2013-12-27T14:00:07Z" user="CyrusDreams" uid="45439" lat="23.1991717" lon="80.0365648"/>
 <node id="2596877492" visible="true" version="1" changeset="19661556" timestamp="2013-12-27T14:00:07Z" user="CyrusDreams" uid="45439" lat="23.1991785" lon="80.0338594"/>
 <node id="2596877494" visible="true" version="1" changeset="19661556" timestamp="2013-12-27T14:00:07Z" user="CyrusDreams" uid="45439" lat="23.1992013" lon="80.0374981"/>
 <node id="2596877496" visible="true" version="1" changeset="19661556" timestamp="2013-12-27T14:00:07Z" user="CyrusDreams" uid="45439" lat="23.1992127" lon="80.0364755"/>
 <node id="2596877509" visible="true" version="1" changeset="19661556" timestamp="2013-12-27T14:00:07Z" user="CyrusDreams" uid="45439" lat="23.2004903" lon="80.0512186"/>
 <node id="2596877511" visible="true" version="1" changeset="19661556" timestamp="2013-12-27T14:00:07Z" user="CyrusDreams" uid="45439" lat="23.2005678" lon="80.0507793"/>
 <node id="2596877513" visible="true" version="1" changeset="19661556" timestamp="2013-12-27T14:00:07Z" user="CyrusDreams" uid="45439" lat="23.2005701" lon="80.0512708"/>
 <node id="2596877515" visible="true" version="1" changeset="19661556" timestamp="2013-12-27T14:00:07Z" user="CyrusDreams" uid="45439" lat="23.2005975" lon="80.0509704"/>
 <node id="2596877519" visible="true" version="1" changeset="19661556" timestamp="2013-12-27T14:00:07Z" user="CyrusDreams" uid="45439" lat="23.2009739" lon="80.0503077"/>
 <node id="2596877523" visible="true" version="1" changeset="19661556" timestamp="2013-12-27T14:00:07Z" user="CyrusDreams" uid="45439" lat="23.2010104" lon="80.0503599"/>
 <node id="2596877525" visible="true" version="1" changeset="19661556" timestamp="2013-12-27T14:00:07Z" user="CyrusDreams" uid="45439" lat="23.2010241" lon="80.0383295"/>
 <node id="2596877529" visible="true" version="1" changeset="19661556" timestamp="2013-12-27T14:00:07Z" user="CyrusDreams" uid="45439" lat="23.2013070" lon="80.0500893"/>
 <node id="2596877535" visible="true" version="1" changeset="19661556" timestamp="2013-12-27T14:00:07Z" user="CyrusDreams" uid="45439" lat="23.2016948" lon="80.0466691"/>
 <node id="2596877537" visible="true" version="1" changeset="19661556" timestamp="2013-12-27T14:00:07Z" user="CyrusDreams" uid="45439" lat="23.2017199" lon="80.0466492"/>
 <node id="2596877541" visible="true" version="1" changeset="19661556" timestamp="2013-12-27T14:00:07Z" user="CyrusDreams" uid="45439" lat="23.2019412" lon="80.0401315"/>
 <node id="2596877543" visible="true" version="1" changeset="19661556" timestamp="2013-12-27T14:00:08Z" user="CyrusDreams" uid="45439" lat="23.2019412" lon="80.0441176"/>
 <node id="2596877545" visible="true" version="1" changeset="19661556" timestamp="2013-12-27T14:00:08Z" user="CyrusDreams" uid="45439" lat="23.2019480" lon="80.0442069"/>
 <node id="2596877547" visible="true" version="1" changeset="19661556" timestamp="2013-12-27T14:00:08Z" user="CyrusDreams" uid="45439" lat="23.2019731" lon="80.0442069"/>
 <node id="2596877549" visible="true" version="1" changeset="19661556" timestamp="2013-12-27T14:00:08Z" user="CyrusDreams" uid="45439" lat="23.2020027" lon="80.0442541"/>
 <node id="2596877553" visible="true" version="1" changeset="19661556" timestamp="2013-12-27T14:00:08Z" user="CyrusDreams" uid="45439" lat="23.2020187" lon="80.0440183"/>
 <node id="2596877561" visible="true" version="1" changeset="19661556" timestamp="2013-12-27T14:00:08Z" user="CyrusDreams" uid="45439" lat="23.2023746" lon="80.0401861"/>
 <node id="2596877572" visible="true" version="1" changeset="19661556" timestamp="2013-12-27T14:00:08Z" user="CyrusDreams" uid="45439" lat="23.2024339" lon="80.0404492"/>
 <node id="3662858537" visible="true" version="1" changeset="32823700" timestamp="2015-07-23T11:41:00Z" user="maheshrkm" uid="2897465" lat="23.1710171" lon="80.0342841"/>
 <node id="3662858538" visible="true" version="1" changeset="32823700" timestamp="2015-07-23T11:41:01Z" user="maheshrkm" uid="2897465" lat="23.1710250" lon="80.0342293"/>
 <node id="3662858539" visible="true" version="1" changeset="32823700" timestamp="2015-07-23T11:41:01Z" user="maheshrkm" uid="2897465" lat="23.1710387" lon="80.0342366"/>
 <node id="3662858540" visible="true" version="1" changeset="32823700" timestamp="2015-07-23T11:41:01Z" user="maheshrkm" uid="2897465" lat="23.1710567" lon="80.0341599"/>
 <node id="3662858541" visible="true" version="1" changeset="32823700" timestamp="2015-07-23T11:41:01Z" user="maheshrkm" uid="2897465" lat="23.1710569" lon="80.0343110"/>
 <node id="3662858542" visible="true" version="1" changeset="32823700" timestamp="2015-07-23T11:41:01Z" user="maheshrkm" uid="2897465" lat="23.1711043" lon="80.0343311"/>
 <node id="3662858543" visible="true" version="1" changeset="32823700" timestamp="2015-07-23T11:41:01Z" user="maheshrkm" uid="2897465" lat="23.1711259" lon="80.0342837"/>
 <node id="3662858544" visible="true" version="1" changeset="32823700" timestamp="2015-07-23T11:41:01Z" user="maheshrkm" uid="2897465" lat="23.1711467" lon="80.0343525"/>
 <node id="3662858545" visible="true" version="1" changeset="32823700" timestamp="2015-07-23T11:41:01Z" user="maheshrkm" uid="2897465" lat="23.1711678" lon="80.0343063"/>
 <node id="3662858546" visible="true" version="1" changeset="32823700" timestamp="2015-07-23T11:41:01Z" user="maheshrkm" uid="2897465" lat="23.1711914" lon="80.0343863"/>
 <node id="3662858547" visible="true" version="1" changeset="32823700" timestamp="2015-07-23T11:41:01Z" user="maheshrkm" uid="2897465" lat="23.1712428" lon="80.0344043"/>
 <node id="3662858548" visible="true" version="1" changeset="32823700" timestamp="2015-07-23T11:41:01Z" user="maheshrkm" uid="2897465" lat="23.1712639" lon="80.0343581"/>
 <node id="3662858549" visible="true" version="1" changeset="32823700" timestamp="2015-07-23T11:41:01Z" user="maheshrkm" uid="2897465" lat="23.1712679" lon="80.0342576"/>
 <node id="3662858550" visible="true" version="1" changeset="32823700" timestamp="2015-07-23T11:41:01Z" user="maheshrkm" uid="2897465" lat="23.1712850" lon="80.0342015"/>
 <node id="3662858551" visible="true" version="1" changeset="32823700" timestamp="2015-07-23T11:41:01Z" user="maheshrkm" uid="2897465" lat="23.1713006" lon="80.0342915"/>
 <node id="3662858552" visible="true" version="1" changeset="32823700" timestamp="2015-07-23T11:41:01Z" user="maheshrkm" uid="2897465" lat="23.1713063" lon="80.0342794"/>
 <node id="3662858553" visible="true" version="1" changeset="32823700" timestamp="2015-07-23T11:41:01Z" user="maheshrkm" uid="2897465" lat="23.1713193" lon="80.0341506"/>
 <node id="3662858554" visible="true" version="1" changeset="32823700" timestamp="2015-07-23T11:41:01Z" user="maheshrkm" uid="2897465" lat="23.1713466" lon="80.0340889"/>
 <node id="3662858555" visible="true" version="1" changeset="32823700" timestamp="2015-07-23T11:41:01Z" user="maheshrkm" uid="2897465" lat="23.1713542" lon="80.0344641"/>
 <node id="3662858556" visible="true" version="1" changeset="32823700" timestamp="2015-07-23T11:41:01Z" user="maheshrkm" uid="2897465" lat="23.1713577" lon="80.0341724"/>
 <node id="3662858557" visible="true" version="1" changeset="32823700" timestamp="2015-07-23T11:41:01Z" user="maheshrkm" uid="2897465" lat="23.1713692" lon="80.0340295"/>
 <node id="3662858558" visible="true" version="1" changeset="32823700" timestamp="2015-07-23T11:41:01Z" user="maheshrkm" uid="2897465" lat="23.1713751" lon="80.0344181"/>
 <node id="3662858559" visible="true" version="1" changeset="32823700" timestamp="2015-07-23T11:41:01Z" user="maheshrkm" uid="2897465" lat="23.1713869" lon="80.0341117"/>
 <node id="3662858560" visible="true" version="1" changeset="32823700" timestamp="2015-07-23T11:41:01Z" user="maheshrkm" uid="2897465" lat="23.1713999" lon="80.0344976"/>
 <node id="3662858561" visible="true" version="1" changeset="32823700" timestamp="2015-07-23T11:41:01Z" user="maheshrkm" uid="2897465" lat="23.1714011" lon="80.0339755"/>
 <node id="3662858562" visible="true" version="1" changeset="32823700" timestamp="2015-07-23T11:41:01Z" user="maheshrkm" uid="2897465" lat="23.1714028" lon="80.0343466"/>
 <node id="3662858563" visible="true" version="1" changeset="32823700" timestamp="2015-07-23T11:41:01Z" user="maheshrkm" uid="2897465" lat="23.1714090" lon="80.0343336"/>
 <node id="3662858564" visible="true" version="1" changeset="32823700" timestamp="2015-07-23T11:41:01Z" user="maheshrkm" uid="2897465" lat="23.1714202" lon="80.0339370"/>
 <node id="3662858565" visible="true" version="1" changeset="32823700" timestamp="2015-07-23T11:41:01Z" user="maheshrkm" uid="2897465" lat="23.1714392" lon="80.0338814"/>
 <node id="3662858566" visible="true" version="1" changeset="32823700" timestamp="2015-07-23T11:41:01Z" user="maheshrkm" uid="2897465" lat="23.1714413" lon="80.0339984"/>
 <node id="3662858567" visible="true" version="1" changeset="32823700" timestamp="2015-07-23T11:41:01Z" user="maheshrkm" uid="2897465" lat="23.1714431" lon="80.0343530"/>
 <node id="3662858568" visible="true" version="1" changeset="32823700" timestamp="2015-07-23T11:41:01Z" user="maheshrkm" uid="2897465" lat="23.1714475" lon="80.0345145"/>
 <node id="3662858569" visible="true" version="1" changeset="32823700" timestamp="2015-07-23T11:41:01Z" user="maheshrkm" uid="2897465" lat="23.1714597" lon="80.0342281"/>
 <node id="3662858570" visible="true" version="1" changeset="32823700" timestamp="2015-07-23T11:41:01Z" user="maheshrkm" uid="2897465" lat="23.1714600" lon="80.0339596"/>
 <node id="3662858571" visible="true" version="1" changeset="32823700" timestamp="2015-07-23T11:41:01Z" user="maheshrkm" uid="2897465" lat="23.1714685" lon="80.0344685"/>
 <node id="3662858572" visible="true" version="1" changeset="32823700" timestamp="2015-07-23T11:41:01Z" user="maheshrkm" uid="2897465" lat="23.1714699" lon="80.0338335"/>
 <node id="3662858573" visible="true" version="1" changeset="32823700" timestamp="2015-07-23T11:41:01Z" user="maheshrkm" uid="2897465" lat="23.1714699" lon="80.0342069"/>
 <node id="3662858574" visible="true" version="1" changeset="32823700" timestamp="2015-07-23T11:41:01Z" user="maheshrkm" uid="2897465" lat="23.1714770" lon="80.0343033"/>
 <node id="3662858575" visible="true" version="1" changeset="32823700" timestamp="2015-07-23T11:41:02Z" user="maheshrkm" uid="2897465" lat="23.1714776" lon="80.0345325"/>
 <node id="3662858576" visible="true" version="1" changeset="32823700" timestamp="2015-07-23T11:41:02Z" user="maheshrkm" uid="2897465" lat="23.1714822" lon="80.0338061"/>
 <node id="3662858577" visible="true" version="1" changeset="32823700" timestamp="2015-07-23T11:41:02Z" user="maheshrkm" uid="2897465" lat="23.1714938" lon="80.0342474"/>
 <node id="3662858578" visible="true" version="1" changeset="32823700" timestamp="2015-07-23T11:41:02Z" user="maheshrkm" uid="2897465" lat="23.1714990" lon="80.0337513"/>
 <node id="3662858579" visible="true" version="1" changeset="32823700" timestamp="2015-07-23T11:41:02Z" user="maheshrkm" uid="2897465" lat="23.1714992" lon="80.0344851"/>
 <node id="3662858580" visible="true" version="1" changeset="32823700" timestamp="2015-07-23T11:41:02Z" user="maheshrkm" uid="2897465" lat="23.1715011" lon="80.0342246"/>
 <node id="3662858581" visible="true" version="1" changeset="32823700" timestamp="2015-07-23T11:41:02Z" user="maheshrkm" uid="2897465" lat="23.1715097" lon="80.0338561"/>
 <node id="3662858582" visible="true" version="1" changeset="32823700" timestamp="2015-07-23T11:41:02Z" user="maheshrkm" uid="2897465" lat="23.1715200" lon="80.0341026"/>
 <node id="3662858583" visible="true" version="1" changeset="32823700" timestamp="2015-07-23T11:41:02Z" user="maheshrkm" uid="2897465" lat="23.1715226" lon="80.0338291"/>
 <node id="3662858584" visible="true" version="1" changeset="32823700" timestamp="2015-07-23T11:41:02Z" user="maheshrkm" uid="2897465" lat="23.1715250" lon="80.0345661"/>
 <node id="3662858585" visible="true" version="1" changeset="32823700" timestamp="2015-07-23T11:41:02Z" user="maheshrkm" uid="2897465" lat="23.1715297" lon="80.0337072"/>
 <node id="3662858586" visible="true" version="1" changeset="32823700" timestamp="2015-07-23T11:41:02Z" user="maheshrkm" uid="2897465" lat="23.1715337" lon="80.0341784"/>
 <node id="3662858587" visible="true" version="1" changeset="32823700" timestamp="2015-07-23T11:41:02Z" user="maheshrkm" uid="2897465" lat="23.1715373" lon="80.0340665"/>
 <node id="3662858588" visible="true" version="1" changeset="32823700" timestamp="2015-07-23T11:41:02Z" user="maheshrkm" uid="2897465" lat="23.1715512" lon="80.0341203"/>
 <node id="3662858589" visible="true" version="1" changeset="32823700" timestamp="2015-07-23T11:41:02Z" user="maheshrkm" uid="2897465" lat="23.1715648" lon="80.0339309"/>
 <node id="3662858590" visible="true" version="1" changeset="32823700" timestamp="2015-07-23T11:41:02Z" user="maheshrkm" uid="2897465" lat="23.1715668" lon="80.0340833"/>
 <node id="3662858591" visible="true" version="1" changeset="32823700" timestamp="2015-07-23T11:41:02Z" user="maheshrkm" uid="2897465" lat="23.1715701" lon="80.0337302"/>
 <node id="3662858592" visible="true" version="1" changeset="32823700" timestamp="2015-07-23T11:41:02Z" user="maheshrkm" uid="2897465" lat="23.1715799" lon="80.0345877"/>
 <node id="3662858593" visible="true" version="1" changeset="32823700" timestamp="2015-07-23T11:41:02Z" user="maheshrkm" uid="2897465" lat="23.1715840" lon="80.0339582"/>
 <node id="3662858594" visible="true" version="1" changeset="32823700" timestamp="2015-07-23T11:41:02Z" user="maheshrkm" uid="2897465" lat="23.1715884" lon="80.0338817"/>
 <node id="3662858595" visible="true" version="1" changeset="32823700" timestamp="2015-07-23T11:41:02Z" user="maheshrkm" uid="2897465" lat="23.1715902" lon="80.0339453"/>
 <node id="3662858596" visible="true" version="1" changeset="32823700" timestamp="2015-07-23T11:41:02Z" user="maheshrkm" uid="2897465" lat="23.1715982" lon="80.0340354"/>
 <node id="3662858597" visible="true" version="1" changeset="32823700" timestamp="2015-07-23T11:41:02Z" user="maheshrkm" uid="2897465" lat="23.1716016" lon="80.0345403"/>
 <node id="3662858598" visible="true" version="1" changeset="32823700" timestamp="2015-07-23T11:41:02Z" user="maheshrkm" uid="2897465" lat="23.1716095" lon="80.0336483"/>
 <node id="3662858599" visible="true" version="1" changeset="32823700" timestamp="2015-07-23T11:41:02Z" user="maheshrkm" uid="2897465" lat="23.1716120" lon="80.0345459"/>
 <node id="3662858600" visible="true" version="1" changeset="32823700" timestamp="2015-07-23T11:41:02Z" user="maheshrkm" uid="2897465" lat="23.1716145" lon="80.0338965"/>
 <node id="3662858601" visible="true" version="1" changeset="32823700" timestamp="2015-07-23T11:41:02Z" user="maheshrkm" uid="2897465" lat="23.1716177" lon="80.0339774"/>
 <node id="3662858602" visible="true" version="1" changeset="32823700" timestamp="2015-07-23T11:41:02Z" user="maheshrkm" uid="2897465" lat="23.1716205" lon="80.0338839"/>
 <node id="3662858603" visible="true" version="1" changeset="32823700" timestamp="2015-07-23T11:41:02Z" user="maheshrkm" uid="2897465" lat="23.1716436" lon="80.0344765"/>
 <node id="3662858604" visible="true" version="1" changeset="32823700" timestamp="2015-07-23T11:41:02Z" user="maheshrkm" uid="2897465" lat="23.1716584" lon="80.0339055"/>
 <node id="3662858605" visible="true" version="1" changeset="32823700" timestamp="2015-07-23T11:41:02Z" user="maheshrkm" uid="2897465" lat="23.1716633" lon="80.0337593"/>
 <node id="3662858606" visible="true" version="1" changeset="32823700" timestamp="2015-07-23T11:41:02Z" user="maheshrkm" uid="2897465" lat="23.1716668" lon="80.0337876"/>
 <node id="3662858607" visible="true" version="1" changeset="32823700" timestamp="2015-07-23T11:41:02Z" user="maheshrkm" uid="2897465" lat="23.1716767" lon="80.0337670"/>
 <node id="3662858608" visible="true" version="1" changeset="32823700" timestamp="2015-07-23T11:41:02Z" user="maheshrkm" uid="2897465" lat="23.1716894" lon="80.0338591"/>
 <node id="3662858609" visible="true" version="1" changeset="32823700" timestamp="2015-07-23T11:41:02Z" user="maheshrkm" uid="2897465" lat="23.1716936" lon="80.0336961"/>
 <node id="3662858610" visible="true" version="1" changeset="32823700" timestamp="2015-07-23T11:41:02Z" user="maheshrkm" uid="2897465" lat="23.1717047" lon="80.0338091"/>
 <node id="3662858611" visible="true" version="1" changeset="32823700" timestamp="2015-07-23T11:41:02Z" user="maheshrkm" uid="2897465" lat="23.1728070" lon="80.0330505"/>
 <node id="3662858612" visible="true" version="1" changeset="32823700" timestamp="2015-07-23T11:41:02Z" user="maheshrkm" uid="2897465" lat="23.1728092" lon="80.0330781"/>
 <node id="3662858613" visible="true" version="1" changeset="32823700" timestamp="2015-07-23T11:41:02Z" user="maheshrkm" uid="2897465" lat="23.1728196" lon="80.0330584"/>
 <node id="3662858614" visible="true" version="1" changeset="32823700" timestamp="2015-07-23T11:41:02Z" user="maheshrkm" uid="2897465" lat="23.1728669" lon="80.0329377"/>
 <node id="3662858615" visible="true" version="1" changeset="32823700" timestamp="2015-07-23T11:41:02Z" user="maheshrkm" uid="2897465" lat="23.1728749" lon="80.0331193"/>
 <node id="3662858616" visible="true" version="1" changeset="32823700" timestamp="2015-07-23T11:41:02Z" user="maheshrkm" uid="2897465" lat="23.1728795" lon="80.0329456"/>
 <node id="3662858617" visible="true" version="1" changeset="32823700" timestamp="2015-07-23T11:41:02Z" user="maheshrkm" uid="2897465" lat="23.1728805" lon="80.0331088"/>
 <node id="3662858618" visible="true" version="1" changeset="32823700" timestamp="2015-07-23T11:41:02Z" user="maheshrkm" uid="2897465" lat="23.1728900" lon="80.0329259"/>
 <node id="3662858619" visible="true" version="1" changeset="32823700" timestamp="2015-07-23T11:41:02Z" user="maheshrkm" uid="2897465" lat="23.1728987" lon="80.0331342"/>
 <node id="3662858620" visible="true" version="1" changeset="32823700" timestamp="2015-07-23T11:41:02Z" user="maheshrkm" uid="2897465" lat="23.1729042" lon="80.0331237"/>
 <node id="3662858621" visible="true" version="1" changeset="32823700" timestamp="2015-07-23T11:41:02Z" user="maheshrkm" uid="2897465" lat="23.1729498" lon="80.0329904"/>
 <node id="3662858622" visible="true" version="1" changeset="32823700" timestamp="2015-07-23T11:41:03Z" user="maheshrkm" uid="2897465" lat="23.1729605" lon="80.0329702"/>
 <node id="3662858623" visible="true" version="1" changeset="32823700" timestamp="2015-07-23T11:41:03Z" user="maheshrkm" uid="2897465" lat="23.1729694" lon="80.0331786"/>
 <node id="3662858624" visible="true" version="1" changeset="32823700" timestamp="2015-07-23T11:41:03Z" user="maheshrkm" uid="2897465" lat="23.1729749" lon="80.0331683"/>
 <node id="3662920225" visible="true" version="1" changeset="32823700" timestamp="2015-07-23T11:41:03Z" user="maheshrkm" uid="2897465" lat="23.1729948" lon="80.0331808"/>
 <node id="3662920226" visible="true" version="1" changeset="32823700" timestamp="2015-07-23T11:41:03Z" user="maheshrkm" uid="2897465" lat="23.1729995" lon="80.0335167"/>
 <node id="3662920227" visible="true" version="1" changeset="32823700" timestamp="2015-07-23T11:41:03Z" user="maheshrkm" uid="2897465" lat="23.1730179" lon="80.0331372"/>
 <node id="3662920228" visible="true" version="1" changeset="32823700" timestamp="2015-07-23T11:41:03Z" user="maheshrkm" uid="2897465" lat="23.1730232" lon="80.0330365"/>
 <node id="3662920229" visible="true" version="1" changeset="32823700" timestamp="2015-07-23T11:41:03Z" user="maheshrkm" uid="2897465" lat="23.1730303" lon="80.0332031"/>
 <node id="3662920230" visible="true" version="1" changeset="32823700" timestamp="2015-07-23T11:41:03Z" user="maheshrkm" uid="2897465" lat="23.1730339" lon="80.0330163"/>
 <node id="3662920231" visible="true" version="1" changeset="32823700" timestamp="2015-07-23T11:41:03Z" user="maheshrkm" uid="2897465" lat="23.1730452" lon="80.0332263"/>
 <node id="3662920232" visible="true" version="1" changeset="32823700" timestamp="2015-07-23T11:41:03Z" user="maheshrkm" uid="2897465" lat="23.1730507" lon="80.0332159"/>
 <node id="3662920233" visible="true" version="1" changeset="32823700" timestamp="2015-07-23T11:41:03Z" user="maheshrkm" uid="2897465" lat="23.1730535" lon="80.0331595"/>
 <node id="3662920234" visible="true" version="1" changeset="32823700" timestamp="2015-07-23T11:41:03Z" user="maheshrkm" uid="2897465" lat="23.1730616" lon="80.0335557"/>
 <node id="3662920235" visible="true" version="1" changeset="32823700" timestamp="2015-07-23T11:41:03Z" user="maheshrkm" uid="2897465" lat="23.1730693" lon="80.0335411"/>
 <node id="3662920236" visible="true" version="1" changeset="32823700" timestamp="2015-07-23T11:41:03Z" user="maheshrkm" uid="2897465" lat="23.1730899" lon="80.0335541"/>
 <node id="3662920237" visible="true" version="1" changeset="32823700" timestamp="2015-07-23T11:41:03Z" user="maheshrkm" uid="2897465" lat="23.1730956" lon="80.0330797"/>
 <node id="3662920238" visible="true" version="1" changeset="32823700" timestamp="2015-07-23T11:41:03Z" user="maheshrkm" uid="2897465" lat="23.1731054" lon="80.0330612"/>
 <node id="3662920239" visible="true" version="1" changeset="32823700" timestamp="2015-07-23T11:41:03Z" user="maheshrkm" uid="2897465" lat="23.1731113" lon="80.0332678"/>
 <node id="3662920240" visible="true" version="1" changeset="32823700" timestamp="2015-07-23T11:41:03Z" user="maheshrkm" uid="2897465" lat="23.1731144" lon="80.0334634"/>
 <node id="3662920241" visible="true" version="1" changeset="32823700" timestamp="2015-07-23T11:41:03Z" user="maheshrkm" uid="2897465" lat="23.1731158" lon="80.0330924"/>
 <node id="3662920242" visible="true" version="1" changeset="32823700" timestamp="2015-07-23T11:41:03Z" user="maheshrkm" uid="2897465" lat="23.1731177" lon="80.0332557"/>
 <node id="3662920243" visible="true" version="1" changeset="32823700" timestamp="2015-07-23T11:41:03Z" user="maheshrkm" uid="2897465" lat="23.1731256" lon="80.0330739"/>
 <node id="3662920244" visible="true" version="1" changeset="32823700" timestamp="2015-07-23T11:41:03Z" user="maheshrkm" uid="2897465" lat="23.1731287" lon="80.0334365"/>
 <node id="3662920245" visible="true" version="1" changeset="32823700" timestamp="2015-07-23T11:41:03Z" user="maheshrkm" uid="2897465" lat="23.1731321" lon="80.0334745"/>
 <node id="3662920246" visible="true" version="1" changeset="32823700" timestamp="2015-07-23T11:41:03Z" user="maheshrkm" uid="2897465" lat="23.1731329" lon="80.0332653"/>
 <node id="3662920247" visible="true" version="1" changeset="32823700" timestamp="2015-07-23T11:41:03Z" user="maheshrkm" uid="2897465" lat="23.1731467" lon="80.0334479"/>
 <node id="3662920248" visible="true" version="1" changeset="32823700" timestamp="2015-07-23T11:41:03Z" user="maheshrkm" uid="2897465" lat="23.1731619" lon="80.0333655"/>
 <node id="3662920249" visible="true" version="1" changeset="32823700" timestamp="2015-07-23T11:41:03Z" user="maheshrkm" uid="2897465" lat="23.1731829" lon="80.0331371"/>
 <node id="3662920250" visible="true" version="1" changeset="32823700" timestamp="2015-07-23T11:41:03Z" user="maheshrkm" uid="2897465" lat="23.1731832" lon="80.0333252"/>
 <node id="3662920251" visible="true" version="1" changeset="32823700" timestamp="2015-07-23T11:41:03Z" user="maheshrkm" uid="2897465" lat="23.1731833" lon="80.0333789"/>
 <node id="3662920252" visible="true" version="1" changeset="32823700" timestamp="2015-07-23T11:41:03Z" user="maheshrkm" uid="2897465" lat="23.1731938" lon="80.0331167"/>
 <node id="3662920253" visible="true" version="1" changeset="32823700" timestamp="2015-07-23T11:41:03Z" user="maheshrkm" uid="2897465" lat="23.1731964" lon="80.0331456"/>
 <node id="3662920254" visible="true" version="1" changeset="32823700" timestamp="2015-07-23T11:41:03Z" user="maheshrkm" uid="2897465" lat="23.1732037" lon="80.0333381"/>
 <node id="3662920255" visible="true" version="1" changeset="32823700" timestamp="2015-07-23T11:41:03Z" user="maheshrkm" uid="2897465" lat="23.1732219" lon="80.0332596"/>
 <node id="3662920256" visible="true" version="1" changeset="32823700" timestamp="2015-07-23T11:41:03Z" user="maheshrkm" uid="2897465" lat="23.1732252" lon="80.0332375"/>
 <node id="3662920257" visible="true" version="1" changeset="32823700" timestamp="2015-07-23T11:41:03Z" user="maheshrkm" uid="2897465" lat="23.1732315" lon="80.0332414"/>
 <node id="3662920258" visible="true" version="1" changeset="32823700" timestamp="2015-07-23T11:41:03Z" user="maheshrkm" uid="2897465" lat="23.1732395" lon="80.0332707"/>
 <node id="3662920259" visible="true" version="1" changeset="32823700" timestamp="2015-07-23T11:41:03Z" user="maheshrkm" uid="2897465" lat="23.1732779" lon="80.0331381"/>
 <node id="3662920260" visible="true" version="1" changeset="32823700" timestamp="2015-07-23T11:41:03Z" user="maheshrkm" uid="2897465" lat="23.1732952" lon="80.0329595"/>
 <node id="3662920261" visible="true" version="1" changeset="32823700" timestamp="2015-07-23T11:41:04Z" user="maheshrkm" uid="2897465" lat="23.1733011" lon="80.0331527"/>
 <node id="3662920262" visible="true" version="1" changeset="32823700" timestamp="2015-07-23T11:41:04Z" user="maheshrkm" uid="2897465" lat="23.1733063" lon="80.0329665"/>
 <node id="3662920263" visible="true" version="1" changeset="32823700" timestamp="2015-07-23T11:41:04Z" user="maheshrkm" uid="2897465" lat="23.1733296" lon="80.0330681"/>
 <node id="3662920264" visible="true" version="1" changeset="32823700" timestamp="2015-07-23T11:41:04Z" user="maheshrkm" uid="2897465" lat="23.1733337" lon="80.0329148"/>
 <node id="3662920265" visible="true" version="1" changeset="32823700" timestamp="2015-07-23T11:41:04Z" user="maheshrkm" uid="2897465" lat="23.1733419" lon="80.0330758"/>
 <node id="3662920266" visible="true" version="1" changeset="32823700" timestamp="2015-07-23T11:41:04Z" user="maheshrkm" uid="2897465" lat="23.1733439" lon="80.0330412"/>
 <node id="3662920267" visible="true" version="1" changeset="32823700" timestamp="2015-07-23T11:41:04Z" user="maheshrkm" uid="2897465" lat="23.1733562" lon="80.0330489"/>
 <node id="3662920268" visible="true" version="1" changeset="32823700" timestamp="2015-07-23T11:41:04Z" user="maheshrkm" uid="2897465" lat="23.1734040" lon="80.0329589"/>
 <node id="3662920269" visible="true" version="1" changeset="32823700" timestamp="2015-07-23T11:41:04Z" user="maheshrkm" uid="2897465" lat="23.1742555" lon="80.0282716"/>
 <node id="3662920270" visible="true" version="1" changeset="32823700" timestamp="2015-07-23T11:41:04Z" user="maheshrkm" uid="2897465" lat="23.1743691" lon="80.0281705"/>
 <node id="3662920271" visible="true" version="1" changeset="32823700" timestamp="2015-07-23T11:41:04Z" user="maheshrkm" uid="2897465" lat="23.1743909" lon="80.0284518"/>
 <node id="3662920272" visible="true" version="1" changeset="32823700" timestamp="2015-07-23T11:41:04Z" user="maheshrkm" uid="2897465" lat="23.1744168" lon="80.0282340"/>
 <node id="3662920273" visible="true" version="1" changeset="32823700" timestamp="2015-07-23T11:41:04Z" user="maheshrkm" uid="2897465" lat="23.1744248" lon="80.0280803"/>
 <node id="3662920274" visible="true" version="1" changeset="32823700" timestamp="2015-07-23T11:41:04Z" user="maheshrkm" uid="2897465" lat="23.1744544" lon="80.0279985"/>
 <node id="3662920275" visible="true" version="1" changeset="32823700" timestamp="2015-07-23T11:41:04Z" user="maheshrkm" uid="2897465" lat="23.1744794" lon="80.0280317"/>
 <node id="3662920276" visible="true" version="1" changeset="32823700" timestamp="2015-07-23T11:41:04Z" user="maheshrkm" uid="2897465" lat="23.1744909" lon="80.0281682"/>
 <node id="3662920277" visible="true" version="1" changeset="32823700" timestamp="2015-07-23T11:41:04Z" user="maheshrkm" uid="2897465" lat="23.1744923" lon="80.0279647"/>
 <node id="3662920278" visible="true" version="1" changeset="32823700" timestamp="2015-07-23T11:41:04Z" user="maheshrkm" uid="2897465" lat="23.1745173" lon="80.0279980"/>
 <node id="3662920279" visible="true" version="1" changeset="32823700" timestamp="2015-07-23T11:41:04Z" user="maheshrkm" uid="2897465" lat="23.1745254" lon="80.0283323"/>
 <node id="3662920280" visible="true" version="1" changeset="32823700" timestamp="2015-07-23T11:41:04Z" user="maheshrkm" uid="2897465" lat="23.1745407" lon="80.0283527"/>
 <node id="3662920281" visible="true" version="1" changeset="32823700" timestamp="2015-07-23T11:41:04Z" user="maheshrkm" uid="2897465" lat="23.1745577" lon="80.0279621"/>
 <node id="3662920282" visible="true" version="1" changeset="32823700" timestamp="2015-07-23T11:41:04Z" user="maheshrkm" uid="2897465" lat="23.1746403" lon="80.0280721"/>
 <node id="3662920283" visible="true" version="1" changeset="32823700" timestamp="2015-07-23T11:41:04Z" user="maheshrkm" uid="2897465" lat="23.1746800" lon="80.0280935"/>
 <node id="3662920284" visible="true" version="1" changeset="32823700" timestamp="2015-07-23T11:41:04Z" user="maheshrkm" uid="2897465" lat="23.1746844" lon="80.0279216"/>
 <node id="3662920285" visible="true" version="1" changeset="32823700" timestamp="2015-07-23T11:41:04Z" user="maheshrkm" uid="2897465" lat="23.1746981" lon="80.0278870"/>
 <node id="3662920286" visible="true" version="1" changeset="32823700" timestamp="2015-07-23T11:41:04Z" user="maheshrkm" uid="2897465" lat="23.1747082" lon="80.0279002"/>
 <node id="3662920287" visible="true" version="1" changeset="32823700" timestamp="2015-07-23T11:41:04Z" user="maheshrkm" uid="2897465" lat="23.1747348" lon="80.0279881"/>
 <node id="3662920288" visible="true" version="1" changeset="32823700" timestamp="2015-07-23T11:41:04Z" user="maheshrkm" uid="2897465" lat="23.1747410" lon="80.0281747"/>
 <node id="3662920289" visible="true" version="1" changeset="32823700" timestamp="2015-07-23T11:41:04Z" user="maheshrkm" uid="2897465" lat="23.1747658" lon="80.0278262"/>
 <node id="3662920290" visible="true" version="1" changeset="32823700" timestamp="2015-07-23T11:41:04Z" user="maheshrkm" uid="2897465" lat="23.1747669" lon="80.0280163"/>
 <node id="3662920291" visible="true" version="1" changeset="32823700" timestamp="2015-07-23T11:41:04Z" user="maheshrkm" uid="2897465" lat="23.1748230" lon="80.0279016"/>
 <node id="3662920292" visible="true" version="1" changeset="32823700" timestamp="2015-07-23T11:41:04Z" user="maheshrkm" uid="2897465" lat="23.1748531" lon="80.0278649"/>
 <node id="3662920293" visible="true" version="1" changeset="32823700" timestamp="2015-07-23T11:41:04Z" user="maheshrkm" uid="2897465" lat="23.1748627" lon="80.0279211"/>
 <node id="3662920294" visible="true" version="1" changeset="32823700" timestamp="2015-07-23T11:41:04Z" user="maheshrkm" uid="2897465" lat="23.1748841" lon="80.0278950"/>
 <node id="3662920295" visible="true" version="1" changeset="32823700" timestamp="2015-07-23T11:41:04Z" user="maheshrkm" uid="2897465" lat="23.1748870" lon="80.0279447"/>
 <node id="3662920296" visible="true" version="1" changeset="32823700" timestamp="2015-07-23T11:41:04Z" user="maheshrkm" uid="2897465" lat="23.1749306" lon="80.0281753"/>
 <node id="3662920297" visible="true" version="1" changeset="32823700" timestamp="2015-07-23T11:41:04Z" user="maheshrkm" uid="2897465" lat="23.1749411" lon="80.0278788"/>
 <node id="3662920298" visible="true" version="1" changeset="32823700" timestamp="2015-07-23T11:41:04Z" user="maheshrkm" uid="2897465" lat="23.1749423" lon="80.0215261"/>
 <node id="3662920299" visible="true" version="1" changeset="32823700" timestamp="2015-07-23T11:41:05Z" user="maheshrkm" uid="2897465" lat="23.1749464" lon="80.0281560"/>
 <node id="3662920300" visible="true" version="1" changeset="32823700" timestamp="2015-07-23T11:41:05Z" user="maheshrkm" uid="2897465" lat="23.1749478" lon="80.0281757"/>
 <node id="3662920301" visible="true" version="1" changeset="32823700" timestamp="2015-07-23T11:41:05Z" user="maheshrkm" uid="2897465" lat="23.1749537" lon="80.0211134"/>
 <node id="3662920302" visible="true" version="1" changeset="32823700" timestamp="2015-07-23T11:41:05Z" user="maheshrkm" uid="2897465" lat="23.1749562" lon="80.0281654"/>
 <node id="3662920303" visible="true" version="1" changeset="32823700" timestamp="2015-07-23T11:41:05Z" user="maheshrkm" uid="2897465" lat="23.1749598" lon="80.0214055"/>
 <node id="3662920304" visible="true" version="1" changeset="32823700" timestamp="2015-07-23T11:41:05Z" user="maheshrkm" uid="2897465" lat="23.1749688" lon="80.0210086"/>
 <node id="3662920305" visible="true" version="1" changeset="32823700" timestamp="2015-07-23T11:41:05Z" user="maheshrkm" uid="2897465" lat="23.1749725" lon="80.0279613"/>
 <node id="3662920306" visible="true" version="1" changeset="32823700" timestamp="2015-07-23T11:41:05Z" user="maheshrkm" uid="2897465" lat="23.1749911" lon="80.0214109"/>
 <node id="3662920307" visible="true" version="1" changeset="32823700" timestamp="2015-07-23T11:41:05Z" user="maheshrkm" uid="2897465" lat="23.1749919" lon="80.0279802"/>
 <node id="3662920308" visible="true" version="1" changeset="32823700" timestamp="2015-07-23T11:41:05Z" user="maheshrkm" uid="2897465" lat="23.1749953" lon="80.0282219"/>
 <node id="3662920309" visible="true" version="1" changeset="32823700" timestamp="2015-07-23T11:41:05Z" user="maheshrkm" uid="2897465" lat="23.1749962" lon="80.0279324"/>
 <node id="3662920310" visible="true" version="1" changeset="32823700" timestamp="2015-07-23T11:41:05Z" user="maheshrkm" uid="2897465" lat="23.1750025" lon="80.0275708"/>
 <node id="3662920311" visible="true" version="1" changeset="32823700" timestamp="2015-07-23T11:41:05Z" user="maheshrkm" uid="2897465" lat="23.1750033" lon="80.0276760"/>
 <node id="3662920312" visible="true" version="1" changeset="32823700" timestamp="2015-07-23T11:41:05Z" user="maheshrkm" uid="2897465" lat="23.1750038" lon="80.0282116"/>
 <node id="3662920313" visible="true" version="1" changeset="32823700" timestamp="2015-07-23T11:41:05Z" user="maheshrkm" uid="2897465" lat="23.1750156" lon="80.0279512"/>
 <node id="3662920314" visible="true" version="1" changeset="32823700" timestamp="2015-07-23T11:41:05Z" user="maheshrkm" uid="2897465" lat="23.1750286" lon="80.0208125"/>
 <node id="3662920315" visible="true" version="1" changeset="32823700" timestamp="2015-07-23T11:41:05Z" user="maheshrkm" uid="2897465" lat="23.1750311" lon="80.0282381"/>
 <node id="3662920316" visible="true" version="1" changeset="32823700" timestamp="2015-07-23T11:41:05Z" user="maheshrkm" uid="2897465" lat="23.1750315" lon="80.0277163"/>
 <node id="3662920317" visible="true" version="1" changeset="32823700" timestamp="2015-07-23T11:41:05Z" user="maheshrkm" uid="2897465" lat="23.1750324" lon="80.0211269"/>
 <node id="3662920318" visible="true" version="1" changeset="32823700" timestamp="2015-07-23T11:41:05Z" user="maheshrkm" uid="2897465" lat="23.1750377" lon="80.0275417"/>
 <node id="3662920319" visible="true" version="1" changeset="32823700" timestamp="2015-07-23T11:41:05Z" user="maheshrkm" uid="2897465" lat="23.1750411" lon="80.0207227"/>
 <node id="3662920320" visible="true" version="1" changeset="32823700" timestamp="2015-07-23T11:41:05Z" user="maheshrkm" uid="2897465" lat="23.1750427" lon="80.0215433"/>
 <node id="3662920321" visible="true" version="1" changeset="32823700" timestamp="2015-07-23T11:41:05Z" user="maheshrkm" uid="2897465" lat="23.1750483" lon="80.0280318"/>
 <node id="3662920322" visible="true" version="1" changeset="32823700" timestamp="2015-07-23T11:41:05Z" user="maheshrkm" uid="2897465" lat="23.1750494" lon="80.0276379"/>
 <node id="3662920323" visible="true" version="1" changeset="32823700" timestamp="2015-07-23T11:41:05Z" user="maheshrkm" uid="2897465" lat="23.1750497" lon="80.0206769"/>
 <node id="3662920324" visible="true" version="1" changeset="32823700" timestamp="2015-07-23T11:41:05Z" user="maheshrkm" uid="2897465" lat="23.1750530" lon="80.0214721"/>
 <node id="3662920325" visible="true" version="1" changeset="32823700" timestamp="2015-07-23T11:41:05Z" user="maheshrkm" uid="2897465" lat="23.1750590" lon="80.0206107"/>
 <node id="3662920326" visible="true" version="1" changeset="32823700" timestamp="2015-07-23T11:41:05Z" user="maheshrkm" uid="2897465" lat="23.1750653" lon="80.0280483"/>
 <node id="3662920327" visible="true" version="1" changeset="32823700" timestamp="2015-07-23T11:41:05Z" user="maheshrkm" uid="2897465" lat="23.1750706" lon="80.0280047"/>
 <node id="3662920328" visible="true" version="1" changeset="32823700" timestamp="2015-07-23T11:41:05Z" user="maheshrkm" uid="2897465" lat="23.1750759" lon="80.0210270"/>
 <node id="3662920329" visible="true" version="1" changeset="32823700" timestamp="2015-07-23T11:41:05Z" user="maheshrkm" uid="2897465" lat="23.1750775" lon="80.0276783"/>
 <node id="3662920330" visible="true" version="1" changeset="32823700" timestamp="2015-07-23T11:41:05Z" user="maheshrkm" uid="2897465" lat="23.1750800" lon="80.0276022"/>
 <node id="3662920331" visible="true" version="1" changeset="32823700" timestamp="2015-07-23T11:41:05Z" user="maheshrkm" uid="2897465" lat="23.1750820" lon="80.0280280"/>
 <node id="3662920332" visible="true" version="1" changeset="32823700" timestamp="2015-07-23T11:41:05Z" user="maheshrkm" uid="2897465" lat="23.1750821" lon="80.0205197"/>
 <node id="3662920333" visible="true" version="1" changeset="32823700" timestamp="2015-07-23T11:41:05Z" user="maheshrkm" uid="2897465" lat="23.1750843" lon="80.0207298"/>
 <node id="3662920334" visible="true" version="1" changeset="32823700" timestamp="2015-07-23T11:41:05Z" user="maheshrkm" uid="2897465" lat="23.1750877" lon="80.0205569"/>
 <node id="3662920335" visible="true" version="1" changeset="32823700" timestamp="2015-07-23T11:41:05Z" user="maheshrkm" uid="2897465" lat="23.1750877" lon="80.0209458"/>
 <node id="3662920336" visible="true" version="1" changeset="32823700" timestamp="2015-07-23T11:41:05Z" user="maheshrkm" uid="2897465" lat="23.1750908" lon="80.0206837"/>
 <node id="3662920337" visible="true" version="1" changeset="32823700" timestamp="2015-07-23T11:41:05Z" user="maheshrkm" uid="2897465" lat="23.1750927" lon="80.0205214"/>
 <node id="3662920338" visible="true" version="1" changeset="32823700" timestamp="2015-07-23T11:41:05Z" user="maheshrkm" uid="2897465" lat="23.1750960" lon="80.0206168"/>
 <node id="3662920339" visible="true" version="1" changeset="32823700" timestamp="2015-07-23T11:41:05Z" user="maheshrkm" uid="2897465" lat="23.1750983" lon="80.0277082"/>
 <node id="3662920340" visible="true" version="1" changeset="32823700" timestamp="2015-07-23T11:41:05Z" user="maheshrkm" uid="2897465" lat="23.1751009" lon="80.0207330"/>
 <node id="3662920341" visible="true" version="1" changeset="32823700" timestamp="2015-07-23T11:41:05Z" user="maheshrkm" uid="2897465" lat="23.1751013" lon="80.0203818"/>
 <node id="3662920342" visible="true" version="1" changeset="32823700" timestamp="2015-07-23T11:41:06Z" user="maheshrkm" uid="2897465" lat="23.1751034" lon="80.0208249"/>
 <node id="3662920343" visible="true" version="1" changeset="32823700" timestamp="2015-07-23T11:41:06Z" user="maheshrkm" uid="2897465" lat="23.1751040" lon="80.0205596"/>
 <node id="3662920344" visible="true" version="1" changeset="32823700" timestamp="2015-07-23T11:41:06Z" user="maheshrkm" uid="2897465" lat="23.1751075" lon="80.0206865"/>
 <node id="3662920346" visible="true" version="1" changeset="32823700" timestamp="2015-07-23T11:41:06Z" user="maheshrkm" uid="2897465" lat="23.1751126" lon="80.0207585"/>
 <node id="3662920347" visible="true" version="1" changeset="32823700" timestamp="2015-07-23T11:41:06Z" user="maheshrkm" uid="2897465" lat="23.1751141" lon="80.0213606"/>
 <node id="3662920348" visible="true" version="1" changeset="32823700" timestamp="2015-07-23T11:41:06Z" user="maheshrkm" uid="2897465" lat="23.1751176" lon="80.0208087"/>
 <node id="3662920349" visible="true" version="1" changeset="32823700" timestamp="2015-07-23T11:41:06Z" user="maheshrkm" uid="2897465" lat="23.1751201" lon="80.0203849"/>
 <node id="3662920350" visible="true" version="1" changeset="32823700" timestamp="2015-07-23T11:41:06Z" user="maheshrkm" uid="2897465" lat="23.1751211" lon="80.0275682"/>
 <node id="3662920352" visible="true" version="1" changeset="32823700" timestamp="2015-07-23T11:41:06Z" user="maheshrkm" uid="2897465" lat="23.1751219" lon="80.0281033"/>
 <node id="3662920353" visible="true" version="1" changeset="32823700" timestamp="2015-07-23T11:41:06Z" user="maheshrkm" uid="2897465" lat="23.1751228" lon="80.0206213"/>
 <node id="3662920354" visible="true" version="1" changeset="32823700" timestamp="2015-07-23T11:41:06Z" user="maheshrkm" uid="2897465" lat="23.1751243" lon="80.0207604"/>
 <node id="3662920355" visible="true" version="1" changeset="32823700" timestamp="2015-07-23T11:41:06Z" user="maheshrkm" uid="2897465" lat="23.1751244" lon="80.0203542"/>
 <node id="3662920356" visible="true" version="1" changeset="32823700" timestamp="2015-07-23T11:41:06Z" user="maheshrkm" uid="2897465" lat="23.1751308" lon="80.0205640"/>
 <node id="3662920358" visible="true" version="1" changeset="32823700" timestamp="2015-07-23T11:41:06Z" user="maheshrkm" uid="2897465" lat="23.1751329" lon="80.0281140"/>
 <node id="3662920359" visible="true" version="1" changeset="32823700" timestamp="2015-07-23T11:41:06Z" user="maheshrkm" uid="2897465" lat="23.1751386" lon="80.0280829"/>
 <node id="3662920360" visible="true" version="1" changeset="32823700" timestamp="2015-07-23T11:41:06Z" user="maheshrkm" uid="2897465" lat="23.1751412" lon="80.0211736"/>
 <node id="3662920361" visible="true" version="1" changeset="32823700" timestamp="2015-07-23T11:41:06Z" user="maheshrkm" uid="2897465" lat="23.1751418" lon="80.0204945"/>
 <node id="3662920362" visible="true" version="1" changeset="32823700" timestamp="2015-07-23T11:41:06Z" user="maheshrkm" uid="2897465" lat="23.1751428" lon="80.0206923"/>
 <node id="3662920364" visible="true" version="1" changeset="32823700" timestamp="2015-07-23T11:41:06Z" user="maheshrkm" uid="2897465" lat="23.1751474" lon="80.0204546"/>
 <node id="3662920365" visible="true" version="1" changeset="32823700" timestamp="2015-07-23T11:41:06Z" user="maheshrkm" uid="2897465" lat="23.1751521" lon="80.0206261"/>
 <node id="3662920367" visible="true" version="1" changeset="32823700" timestamp="2015-07-23T11:41:06Z" user="maheshrkm" uid="2897465" lat="23.1751594" lon="80.0204566"/>
 <node id="3662920368" visible="true" version="1" changeset="32823700" timestamp="2015-07-23T11:41:06Z" user="maheshrkm" uid="2897465" lat="23.1751598" lon="80.0204537"/>
 <node id="3662920369" visible="true" version="1" changeset="32823700" timestamp="2015-07-23T11:41:06Z" user="maheshrkm" uid="2897465" lat="23.1751598" lon="80.0205688"/>
 <node id="3662920370" visible="true" version="1" changeset="32823700" timestamp="2015-07-23T11:41:06Z" user="maheshrkm" uid="2897465" lat="23.1751629" lon="80.0204313"/>
 <node id="3662920372" visible="true" version="1" changeset="32823700" timestamp="2015-07-23T11:41:06Z" user="maheshrkm" uid="2897465" lat="23.1751696" lon="80.0204991"/>
 <node id="3662920373" visible="true" version="1" changeset="32823700" timestamp="2015-07-23T11:41:06Z" user="maheshrkm" uid="2897465" lat="23.1751698" lon="80.0204914"/>
 <node id="3662920374" visible="true" version="1" changeset="32823700" timestamp="2015-07-23T11:41:06Z" user="maheshrkm" uid="2897465" lat="23.1751726" lon="80.0203622"/>
 <node id="3662920375" visible="true" version="1" changeset="32823700" timestamp="2015-07-23T11:41:06Z" user="maheshrkm" uid="2897465" lat="23.1751727" lon="80.0208178"/>
 <node id="3662920377" visible="true" version="1" changeset="32823700" timestamp="2015-07-23T11:41:06Z" user="maheshrkm" uid="2897465" lat="23.1751746" lon="80.0207452"/>
 <node id="3662920378" visible="true" version="1" changeset="32823700" timestamp="2015-07-23T11:41:06Z" user="maheshrkm" uid="2897465" lat="23.1751747" lon="80.0276451"/>
 <node id="3662920379" visible="true" version="1" changeset="32823700" timestamp="2015-07-23T11:41:06Z" user="maheshrkm" uid="2897465" lat="23.1751748" lon="80.0204562"/>
 <node id="3662920380" visible="true" version="1" changeset="32823700" timestamp="2015-07-23T11:41:06Z" user="maheshrkm" uid="2897465" lat="23.1751765" lon="80.0210688"/>
 <node id="3662920381" visible="true" version="1" changeset="32823700" timestamp="2015-07-23T11:41:06Z" user="maheshrkm" uid="2897465" lat="23.1751779" lon="80.0204338"/>
 <node id="3662920382" visible="true" version="1" changeset="32823700" timestamp="2015-07-23T11:41:06Z" user="maheshrkm" uid="2897465" lat="23.1751794" lon="80.0207695"/>
 <node id="3662920383" visible="true" version="1" changeset="32823700" timestamp="2015-07-23T11:41:06Z" user="maheshrkm" uid="2897465" lat="23.1751813" lon="80.0206976"/>
 <node id="3662920384" visible="true" version="1" changeset="32823700" timestamp="2015-07-23T11:41:06Z" user="maheshrkm" uid="2897465" lat="23.1751832" lon="80.0203956"/>
 <node id="3662920386" visible="true" version="1" changeset="32823700" timestamp="2015-07-23T11:41:06Z" user="maheshrkm" uid="2897465" lat="23.1751917" lon="80.0209637"/>
 <node id="3662920388" visible="true" version="1" changeset="32823700" timestamp="2015-07-23T11:41:07Z" user="maheshrkm" uid="2897465" lat="23.1752058" lon="80.0216100"/>
 <node id="3662920389" visible="true" version="1" changeset="32823700" timestamp="2015-07-23T11:41:07Z" user="maheshrkm" uid="2897465" lat="23.1752175" lon="80.0208138"/>
 <node id="3662920390" visible="true" version="1" changeset="32823700" timestamp="2015-07-23T11:41:07Z" user="maheshrkm" uid="2897465" lat="23.1752208" lon="80.0281898"/>
 <node id="3662920391" visible="true" version="1" changeset="32823700" timestamp="2015-07-23T11:41:07Z" user="maheshrkm" uid="2897465" lat="23.1752216" lon="80.0215010"/>
 <node id="3662920392" visible="true" version="1" changeset="32823700" timestamp="2015-07-23T11:41:07Z" user="maheshrkm" uid="2897465" lat="23.1752227" lon="80.0207767"/>
 <node id="3662920393" visible="true" version="1" changeset="32823700" timestamp="2015-07-23T11:41:07Z" user="maheshrkm" uid="2897465" lat="23.1752262" lon="80.0205008"/>
 <node id="3662920395" visible="true" version="1" changeset="32823700" timestamp="2015-07-23T11:41:07Z" user="maheshrkm" uid="2897465" lat="23.1752305" lon="80.0204699"/>
 <node id="3662920396" visible="true" version="1" changeset="32823700" timestamp="2015-07-23T11:41:07Z" user="maheshrkm" uid="2897465" lat="23.1752336" lon="80.0204476"/>
 <node id="3662920397" visible="true" version="1" changeset="32823700" timestamp="2015-07-23T11:41:07Z" user="maheshrkm" uid="2897465" lat="23.1752355" lon="80.0207559"/>
 <node id="3662920398" visible="true" version="1" changeset="32823700" timestamp="2015-07-23T11:41:07Z" user="maheshrkm" uid="2897465" lat="23.1752395" lon="80.0204049"/>
 <node id="3662920399" visible="true" version="1" changeset="32823700" timestamp="2015-07-23T11:41:07Z" user="maheshrkm" uid="2897465" lat="23.1752411" lon="80.0211908"/>
 <node id="3662920400" visible="true" version="1" changeset="32823700" timestamp="2015-07-23T11:41:07Z" user="maheshrkm" uid="2897465" lat="23.1752423" lon="80.0207077"/>
 <node id="3662920402" visible="true" version="1" changeset="32823700" timestamp="2015-07-23T11:41:07Z" user="maheshrkm" uid="2897465" lat="23.1752568" lon="80.0210826"/>
 <node id="3662920403" visible="true" version="1" changeset="32823700" timestamp="2015-07-23T11:41:07Z" user="maheshrkm" uid="2897465" lat="23.1752575" lon="80.0282355"/>
 <node id="3662920404" visible="true" version="1" changeset="32823700" timestamp="2015-07-23T11:41:07Z" user="maheshrkm" uid="2897465" lat="23.1752628" lon="80.0205165"/>
 <node id="3662920406" visible="true" version="1" changeset="32823700" timestamp="2015-07-23T11:41:07Z" user="maheshrkm" uid="2897465" lat="23.1752680" lon="80.0281449"/>
 <node id="3662920407" visible="true" version="1" changeset="32823700" timestamp="2015-07-23T11:41:07Z" user="maheshrkm" uid="2897465" lat="23.1752684" lon="80.0204762"/>
 <node id="3662920408" visible="true" version="1" changeset="32823700" timestamp="2015-07-23T11:41:07Z" user="maheshrkm" uid="2897465" lat="23.1752690" lon="80.0213872"/>
 <node id="3662920409" visible="true" version="1" changeset="32823700" timestamp="2015-07-23T11:41:07Z" user="maheshrkm" uid="2897465" lat="23.1752715" lon="80.0204538"/>
 <node id="3662920411" visible="true" version="1" changeset="32823700" timestamp="2015-07-23T11:41:07Z" user="maheshrkm" uid="2897465" lat="23.1752770" lon="80.0204148"/>
 <node id="3662920413" visible="true" version="1" changeset="32823700" timestamp="2015-07-23T11:41:07Z" user="maheshrkm" uid="2897465" lat="23.1752801" lon="80.0213107"/>
 <node id="3662920414" visible="true" version="1" changeset="32823700" timestamp="2015-07-23T11:41:07Z" user="maheshrkm" uid="2897465" lat="23.1752812" lon="80.0208244"/>
 <node id="3662920415" visible="true" version="1" changeset="32823700" timestamp="2015-07-23T11:41:07Z" user="maheshrkm" uid="2897465" lat="23.1752844" lon="80.0208013"/>
 <node id="3662920416" visible="true" version="1" changeset="32823700" timestamp="2015-07-23T11:41:07Z" user="maheshrkm" uid="2897465" lat="23.1752867" lon="80.0207850"/>
 <node id="3662920417" visible="true" version="1" changeset="32823700" timestamp="2015-07-23T11:41:07Z" user="maheshrkm" uid="2897465" lat="23.1752872" lon="80.0207220"/>
 <node id="3662920418" visible="true" version="1" changeset="32823700" timestamp="2015-07-23T11:41:07Z" user="maheshrkm" uid="2897465" lat="23.1752895" lon="80.0207649"/>
 <node id="3662920419" visible="true" version="1" changeset="32823700" timestamp="2015-07-23T11:41:07Z" user="maheshrkm" uid="2897465" lat="23.1752958" lon="80.0206611"/>
 <node id="3662920420" visible="true" version="1" changeset="32823700" timestamp="2015-07-23T11:41:07Z" user="maheshrkm" uid="2897465" lat="23.1752966" lon="80.0208275"/>
 <node id="3662920421" visible="true" version="1" changeset="32823700" timestamp="2015-07-23T11:41:07Z" user="maheshrkm" uid="2897465" lat="23.1752999" lon="80.0208039"/>
 <node id="3662920422" visible="true" version="1" changeset="32823700" timestamp="2015-07-23T11:41:07Z" user="maheshrkm" uid="2897465" lat="23.1753021" lon="80.0207876"/>
 <node id="3662920423" visible="true" version="1" changeset="32823700" timestamp="2015-07-23T11:41:07Z" user="maheshrkm" uid="2897465" lat="23.1753040" lon="80.0216269"/>
 <node id="3662920424" visible="true" version="1" changeset="32823700" timestamp="2015-07-23T11:41:07Z" user="maheshrkm" uid="2897465" lat="23.1753047" lon="80.0281905"/>
 <node id="3662920525" visible="true" version="1" changeset="32823700" timestamp="2015-07-23T11:41:07Z" user="maheshrkm" uid="2897465" lat="23.1753049" lon="80.0207683"/>
 <node id="3662920526" visible="true" version="1" changeset="32823700" timestamp="2015-07-23T11:41:07Z" user="maheshrkm" uid="2897465" lat="23.1753084" lon="80.0206025"/>
 <node id="3662920527" visible="true" version="1" changeset="32823700" timestamp="2015-07-23T11:41:07Z" user="maheshrkm" uid="2897465" lat="23.1753163" lon="80.0205461"/>
 <node id="3662920528" visible="true" version="1" changeset="32823700" timestamp="2015-07-23T11:41:07Z" user="maheshrkm" uid="2897465" lat="23.1753171" lon="80.0215366"/>
 <node id="3662920529" visible="true" version="1" changeset="32823700" timestamp="2015-07-23T11:41:07Z" user="maheshrkm" uid="2897465" lat="23.1753179" lon="80.0207704"/>
 <node id="3662920530" visible="true" version="1" changeset="32823700" timestamp="2015-07-23T11:41:07Z" user="maheshrkm" uid="2897465" lat="23.1753238" lon="80.0207281"/>
 <node id="3662920531" visible="true" version="1" changeset="32823700" timestamp="2015-07-23T11:41:08Z" user="maheshrkm" uid="2897465" lat="23.1753323" lon="80.0206672"/>
 <node id="3662920532" visible="true" version="1" changeset="32823700" timestamp="2015-07-23T11:41:08Z" user="maheshrkm" uid="2897465" lat="23.1753331" lon="80.0205282"/>
 <node id="3662920533" visible="true" version="1" changeset="32823700" timestamp="2015-07-23T11:41:08Z" user="maheshrkm" uid="2897465" lat="23.1753371" lon="80.0207736"/>
 <node id="3662920534" visible="true" version="1" changeset="32823700" timestamp="2015-07-23T11:41:08Z" user="maheshrkm" uid="2897465" lat="23.1753381" lon="80.0204929"/>
 <node id="3662920535" visible="true" version="1" changeset="32823700" timestamp="2015-07-23T11:41:08Z" user="maheshrkm" uid="2897465" lat="23.1753406" lon="80.0206078"/>
 <node id="3662920536" visible="true" version="1" changeset="32823700" timestamp="2015-07-23T11:41:08Z" user="maheshrkm" uid="2897465" lat="23.1753412" lon="80.0204702"/>
 <node id="3662920537" visible="true" version="1" changeset="32823700" timestamp="2015-07-23T11:41:08Z" user="maheshrkm" uid="2897465" lat="23.1753430" lon="80.0207312"/>
 <node id="3662920538" visible="true" version="1" changeset="32823700" timestamp="2015-07-23T11:41:08Z" user="maheshrkm" uid="2897465" lat="23.1753474" lon="80.0204264"/>
 <node id="3662920539" visible="true" version="1" changeset="32823700" timestamp="2015-07-23T11:41:08Z" user="maheshrkm" uid="2897465" lat="23.1753515" lon="80.0206704"/>
 <node id="3662920540" visible="true" version="1" changeset="32823700" timestamp="2015-07-23T11:41:08Z" user="maheshrkm" uid="2897465" lat="23.1753535" lon="80.0205522"/>
 <node id="3662920541" visible="true" version="1" changeset="32823700" timestamp="2015-07-23T11:41:08Z" user="maheshrkm" uid="2897465" lat="23.1753557" lon="80.0204657"/>
 <node id="3662920542" visible="true" version="1" changeset="32823700" timestamp="2015-07-23T11:41:08Z" user="maheshrkm" uid="2897465" lat="23.1753598" lon="80.0206110"/>
 <node id="3662920543" visible="true" version="1" changeset="32823700" timestamp="2015-07-23T11:41:08Z" user="maheshrkm" uid="2897465" lat="23.1753613" lon="80.0204967"/>
 <node id="3662920545" visible="true" version="1" changeset="32823700" timestamp="2015-07-23T11:41:08Z" user="maheshrkm" uid="2897465" lat="23.1753644" lon="80.0204740"/>
 <node id="3662920546" visible="true" version="1" changeset="32823700" timestamp="2015-07-23T11:41:08Z" user="maheshrkm" uid="2897465" lat="23.1753648" lon="80.0204007"/>
 <node id="3662920547" visible="true" version="1" changeset="32823700" timestamp="2015-07-23T11:41:08Z" user="maheshrkm" uid="2897465" lat="23.1753654" lon="80.0204673"/>
 <node id="3662920549" visible="true" version="1" changeset="32823700" timestamp="2015-07-23T11:41:08Z" user="maheshrkm" uid="2897465" lat="23.1753705" lon="80.0208397"/>
 <node id="3662920550" visible="true" version="1" changeset="32823700" timestamp="2015-07-23T11:41:08Z" user="maheshrkm" uid="2897465" lat="23.1753717" lon="80.0214299"/>
 <node id="3662920551" visible="true" version="1" changeset="32823700" timestamp="2015-07-23T11:41:08Z" user="maheshrkm" uid="2897465" lat="23.1753771" lon="80.0205561"/>
 <node id="3662920552" visible="true" version="1" changeset="32823700" timestamp="2015-07-23T11:41:08Z" user="maheshrkm" uid="2897465" lat="23.1753788" lon="80.0207805"/>
 <node id="3662920553" visible="true" version="1" changeset="32823700" timestamp="2015-07-23T11:41:08Z" user="maheshrkm" uid="2897465" lat="23.1753838" lon="80.0207380"/>
 <node id="3662920554" visible="true" version="1" changeset="32823700" timestamp="2015-07-23T11:41:08Z" user="maheshrkm" uid="2897465" lat="23.1753848" lon="80.0205006"/>
 <node id="3662920555" visible="true" version="1" changeset="32823700" timestamp="2015-07-23T11:41:08Z" user="maheshrkm" uid="2897465" lat="23.1753863" lon="80.0213290"/>
 <node id="3662920556" visible="true" version="1" changeset="32823700" timestamp="2015-07-23T11:41:08Z" user="maheshrkm" uid="2897465" lat="23.1753880" lon="80.0204779"/>
 <node id="3662920557" visible="true" version="1" changeset="32823700" timestamp="2015-07-23T11:41:08Z" user="maheshrkm" uid="2897465" lat="23.1753889" lon="80.0204712"/>
 <node id="3662920558" visible="true" version="1" changeset="32823700" timestamp="2015-07-23T11:41:08Z" user="maheshrkm" uid="2897465" lat="23.1753923" lon="80.0206771"/>
 <node id="3662920559" visible="true" version="1" changeset="32823700" timestamp="2015-07-23T11:41:08Z" user="maheshrkm" uid="2897465" lat="23.1753973" lon="80.0206172"/>
 <node id="3662920560" visible="true" version="1" changeset="32823700" timestamp="2015-07-23T11:41:08Z" user="maheshrkm" uid="2897465" lat="23.1754050" lon="80.0204739"/>
 <node id="3662920561" visible="true" version="1" changeset="32823700" timestamp="2015-07-23T11:41:08Z" user="maheshrkm" uid="2897465" lat="23.1754052" lon="80.0205607"/>
 <node id="3662920562" visible="true" version="1" changeset="32823700" timestamp="2015-07-23T11:41:08Z" user="maheshrkm" uid="2897465" lat="23.1754063" lon="80.0205450"/>
 <node id="3662920563" visible="true" version="1" changeset="32823700" timestamp="2015-07-23T11:41:08Z" user="maheshrkm" uid="2897465" lat="23.1754119" lon="80.0205050"/>
 <node id="3662920564" visible="true" version="1" changeset="32823700" timestamp="2015-07-23T11:41:08Z" user="maheshrkm" uid="2897465" lat="23.1754141" lon="80.0204089"/>
 <node id="3662920565" visible="true" version="1" changeset="32823700" timestamp="2015-07-23T11:41:08Z" user="maheshrkm" uid="2897465" lat="23.1754151" lon="80.0204824"/>
 <node id="3662920566" visible="true" version="1" changeset="32823700" timestamp="2015-07-23T11:41:09Z" user="maheshrkm" uid="2897465" lat="23.1754151" lon="80.0215534"/>
 <node id="3662920567" visible="true" version="1" changeset="32823700" timestamp="2015-07-23T11:41:09Z" user="maheshrkm" uid="2897465" lat="23.1754201" lon="80.0204465"/>
 <node id="3662920568" visible="true" version="1" changeset="32823700" timestamp="2015-07-23T11:41:09Z" user="maheshrkm" uid="2897465" lat="23.1754315" lon="80.0214402"/>
 <node id="3662920569" visible="true" version="1" changeset="32823700" timestamp="2015-07-23T11:41:09Z" user="maheshrkm" uid="2897465" lat="23.1754643" lon="80.0205546"/>
 <node id="3662920572" visible="true" version="1" changeset="32823700" timestamp="2015-07-23T11:41:09Z" user="maheshrkm" uid="2897465" lat="23.1754781" lon="80.0204561"/>
 <node id="3662920578" visible="true" version="1" changeset="32823700" timestamp="2015-07-23T11:41:09Z" user="maheshrkm" uid="2897465" lat="23.1755715" lon="80.0150119"/>
 <node id="3662920580" visible="true" version="1" changeset="32823700" timestamp="2015-07-23T11:41:09Z" user="maheshrkm" uid="2897465" lat="23.1755767" lon="80.0149194"/>
 <node id="3662920583" visible="true" version="1" changeset="32823700" timestamp="2015-07-23T11:41:09Z" user="maheshrkm" uid="2897465" lat="23.1756373" lon="80.0155314"/>
 <node id="3662920584" visible="true" version="1" changeset="32823700" timestamp="2015-07-23T11:41:09Z" user="maheshrkm" uid="2897465" lat="23.1756463" lon="80.0155869"/>
 <node id="3662920585" visible="true" version="1" changeset="32823700" timestamp="2015-07-23T11:41:09Z" user="maheshrkm" uid="2897465" lat="23.1756915" lon="80.0239861"/>
 <node id="3662920586" visible="true" version="1" changeset="32823700" timestamp="2015-07-23T11:41:09Z" user="maheshrkm" uid="2897465" lat="23.1756947" lon="80.0239225"/>
 <node id="3662920587" visible="true" version="1" changeset="32823700" timestamp="2015-07-23T11:41:09Z" user="maheshrkm" uid="2897465" lat="23.1757139" lon="80.0150214"/>
 <node id="3662920588" visible="true" version="1" changeset="32823700" timestamp="2015-07-23T11:41:09Z" user="maheshrkm" uid="2897465" lat="23.1757191" lon="80.0149288"/>
 <node id="3662920589" visible="true" version="1" changeset="32823700" timestamp="2015-07-23T11:41:09Z" user="maheshrkm" uid="2897465" lat="23.1757577" lon="80.0155082"/>
 <node id="3662920590" visible="true" version="1" changeset="32823700" timestamp="2015-07-23T11:41:09Z" user="maheshrkm" uid="2897465" lat="23.1757667" lon="80.0155638"/>
 <node id="3662920591" visible="true" version="1" changeset="32823700" timestamp="2015-07-23T11:41:09Z" user="maheshrkm" uid="2897465" lat="23.1758224" lon="80.0239302"/>
 <node id="3662920592" visible="true" version="1" changeset="32823700" timestamp="2015-07-23T11:41:09Z" user="maheshrkm" uid="2897465" lat="23.1758253" lon="80.0238737"/>
 <node id="3662920593" visible="true" version="1" changeset="32823700" timestamp="2015-07-23T11:41:09Z" user="maheshrkm" uid="2897465" lat="23.1758266" lon="80.0238555"/>
 <node id="3662920594" visible="true" version="1" changeset="32823700" timestamp="2015-07-23T11:41:09Z" user="maheshrkm" uid="2897465" lat="23.1758299" lon="80.0237914"/>
 <node id="3662920595" visible="true" version="1" changeset="32823700" timestamp="2015-07-23T11:41:09Z" user="maheshrkm" uid="2897465" lat="23.1758602" lon="80.0266233"/>
 <node id="3662920596" visible="true" version="1" changeset="32823700" timestamp="2015-07-23T11:41:09Z" user="maheshrkm" uid="2897465" lat="23.1758681" lon="80.0238581"/>
 <node id="3662920597" visible="true" version="1" changeset="32823700" timestamp="2015-07-23T11:41:09Z" user="maheshrkm" uid="2897465" lat="23.1758715" lon="80.0237940"/>
 <node id="3662920598" visible="true" version="1" changeset="32823700" timestamp="2015-07-23T11:41:09Z" user="maheshrkm" uid="2897465" lat="23.1758753" lon="80.0165499"/>
 <node id="3662920599" visible="true" version="1" changeset="32823700" timestamp="2015-07-23T11:41:09Z" user="maheshrkm" uid="2897465" lat="23.1759072" lon="80.0239991"/>
 <node id="3662920600" visible="true" version="1" changeset="32823700" timestamp="2015-07-23T11:41:09Z" user="maheshrkm" uid="2897465" lat="23.1759081" lon="80.0166428"/>
 <node id="3662920601" visible="true" version="1" changeset="32823700" timestamp="2015-07-23T11:41:09Z" user="maheshrkm" uid="2897465" lat="23.1759100" lon="80.0239436"/>
 <node id="3662920602" visible="true" version="1" changeset="32823700" timestamp="2015-07-23T11:41:09Z" user="maheshrkm" uid="2897465" lat="23.1759389" lon="80.0165233"/>
 <node id="3662920603" visible="true" version="1" changeset="32823700" timestamp="2015-07-23T11:41:09Z" user="maheshrkm" uid="2897465" lat="23.1759437" lon="80.0165371"/>
 <node id="3662920604" visible="true" version="1" changeset="32823700" timestamp="2015-07-23T11:41:09Z" user="maheshrkm" uid="2897465" lat="23.1759446" lon="80.0263856"/>
 <node id="3662920605" visible="true" version="1" changeset="32823700" timestamp="2015-07-23T11:41:09Z" user="maheshrkm" uid="2897465" lat="23.1759475" lon="80.0167256"/>
 <node id="3662920606" visible="true" version="1" changeset="32823700" timestamp="2015-07-23T11:41:09Z" user="maheshrkm" uid="2897465" lat="23.1759608" lon="80.0167633"/>
 <node id="3662920607" visible="true" version="1" changeset="32823700" timestamp="2015-07-23T11:41:09Z" user="maheshrkm" uid="2897465" lat="23.1759619" lon="80.0263947"/>
 <node id="3662920608" visible="true" version="1" changeset="32823700" timestamp="2015-07-23T11:41:10Z" user="maheshrkm" uid="2897465" lat="23.1759643" lon="80.0166885"/>
 <node id="3662920609" visible="true" version="1" changeset="32823700" timestamp="2015-07-23T11:41:10Z" user="maheshrkm" uid="2897465" lat="23.1759697" lon="80.0166170"/>
 <node id="3662920610" visible="true" version="1" changeset="32823700" timestamp="2015-07-23T11:41:10Z" user="maheshrkm" uid="2897465" lat="23.1759735" lon="80.0167148"/>
 <node id="3662920611" visible="true" version="1" changeset="32823700" timestamp="2015-07-23T11:41:10Z" user="maheshrkm" uid="2897465" lat="23.1759910" lon="80.0166773"/>
 <node id="3662920612" visible="true" version="1" changeset="32823700" timestamp="2015-07-23T11:41:10Z" user="maheshrkm" uid="2897465" lat="23.1759919" lon="80.0239485"/>
 <node id="3662920613" visible="true" version="1" changeset="32823700" timestamp="2015-07-23T11:41:10Z" user="maheshrkm" uid="2897465" lat="23.1759952" lon="80.0238840"/>
 <node id="3662920614" visible="true" version="1" changeset="32823700" timestamp="2015-07-23T11:41:10Z" user="maheshrkm" uid="2897465" lat="23.1760031" lon="80.0160383"/>
 <node id="3662920615" visible="true" version="1" changeset="32823700" timestamp="2015-07-23T11:41:10Z" user="maheshrkm" uid="2897465" lat="23.1760031" lon="80.0165123"/>
 <node id="3662920616" visible="true" version="1" changeset="32823700" timestamp="2015-07-23T11:41:10Z" user="maheshrkm" uid="2897465" lat="23.1760064" lon="80.0161424"/>
 <node id="3662920617" visible="true" version="1" changeset="32823700" timestamp="2015-07-23T11:41:10Z" user="maheshrkm" uid="2897465" lat="23.1760125" lon="80.0262331"/>
 <node id="3662920618" visible="true" version="1" changeset="32823700" timestamp="2015-07-23T11:41:10Z" user="maheshrkm" uid="2897465" lat="23.1760246" lon="80.0165731"/>
 <node id="3662920619" visible="true" version="1" changeset="32823700" timestamp="2015-07-23T11:41:10Z" user="maheshrkm" uid="2897465" lat="23.1760254" lon="80.0230219"/>
 <node id="3662920620" visible="true" version="1" changeset="32823700" timestamp="2015-07-23T11:41:10Z" user="maheshrkm" uid="2897465" lat="23.1760339" lon="80.0165692"/>
 <node id="3662920621" visible="true" version="2" changeset="177953483" timestamp="2026-02-01T07:42:03Z" user="Sameeksha Chinta" uid="23775155" lat="23.1759787" lon="80.0228949"/>
 <node id="3662920622" visible="true" version="1" changeset="32823700" timestamp="2015-07-23T11:41:10Z" user="maheshrkm" uid="2897465" lat="23.1760454" lon="80.0166354"/>
 <node id="3662920623" visible="true" version="1" changeset="32823700" timestamp="2015-07-23T11:41:10Z" user="maheshrkm" uid="2897465" lat="23.1760513" lon="80.0166521"/>
 <node id="3662920624" visible="true" version="1" changeset="32823700" timestamp="2015-07-23T11:41:10Z" user="maheshrkm" uid="2897465" lat="23.1760539" lon="80.0267635"/>
 <node id="3662920725" visible="true" version="1" changeset="32823700" timestamp="2015-07-23T11:41:10Z" user="maheshrkm" uid="2897465" lat="23.1760558" lon="80.0166311"/>
 <node id="3662920726" visible="true" version="1" changeset="32823700" timestamp="2015-07-23T11:41:10Z" user="maheshrkm" uid="2897465" lat="23.1760610" lon="80.0229824"/>
 <node id="3662920727" visible="true" version="1" changeset="32823700" timestamp="2015-07-23T11:41:10Z" user="maheshrkm" uid="2897465" lat="23.1760638" lon="80.0262601"/>
 <node id="3662920728" visible="true" version="1" changeset="32823700" timestamp="2015-07-23T11:41:10Z" user="maheshrkm" uid="2897465" lat="23.1760677" lon="80.0267325"/>
 <node id="3662920729" visible="true" version="1" changeset="32823700" timestamp="2015-07-23T11:41:10Z" user="maheshrkm" uid="2897465" lat="23.1760798" lon="80.0262243"/>
 <node id="3662920730" visible="true" version="1" changeset="32823700" timestamp="2015-07-23T11:41:10Z" user="maheshrkm" uid="2897465" lat="23.1761014" lon="80.0166312"/>
 <node id="3662920731" visible="true" version="2" changeset="177953483" timestamp="2026-02-01T07:42:03Z" user="Sameeksha Chinta" uid="23775155" lat="23.1760926" lon="80.0227741"/>
 <node id="3662920732" visible="true" version="1" changeset="32823700" timestamp="2015-07-23T11:41:10Z" user="maheshrkm" uid="2897465" lat="23.1761240" lon="80.0166951"/>
 <node id="3662920733" visible="true" version="1" changeset="32823700" timestamp="2015-07-23T11:41:10Z" user="maheshrkm" uid="2897465" lat="23.1761356" lon="80.0160333"/>
 <node id="3662920734" visible="true" version="1" changeset="32823700" timestamp="2015-07-23T11:41:10Z" user="maheshrkm" uid="2897465" lat="23.1761358" lon="80.0253243"/>
 <node id="3662920735" visible="true" version="1" changeset="32823700" timestamp="2015-07-23T11:41:10Z" user="maheshrkm" uid="2897465" lat="23.1761386" lon="80.0262995"/>
 <node id="3662920736" visible="true" version="1" changeset="32823700" timestamp="2015-07-23T11:41:10Z" user="maheshrkm" uid="2897465" lat="23.1761389" lon="80.0161374"/>
 <node id="3662920737" visible="true" version="1" changeset="32823700" timestamp="2015-07-23T11:41:10Z" user="maheshrkm" uid="2897465" lat="23.1761546" lon="80.0262637"/>
 <node id="3662920738" visible="true" version="1" changeset="32823700" timestamp="2015-07-23T11:41:10Z" user="maheshrkm" uid="2897465" lat="23.1761578" lon="80.0264067"/>
 <node id="3662920739" visible="true" version="2" changeset="177953333" timestamp="2026-02-01T07:33:04Z" user="Sameeksha Chinta" uid="23775155" lat="23.1761835" lon="80.0264716"/>
 <node id="3662920740" visible="true" version="1" changeset="32823700" timestamp="2015-07-23T11:41:10Z" user="maheshrkm" uid="2897465" lat="23.1761872" lon="80.0268338"/>
 <node id="3662920741" visible="true" version="1" changeset="32823700" timestamp="2015-07-23T11:41:10Z" user="maheshrkm" uid="2897465" lat="23.1761929" lon="80.0263281"/>
 <node id="3662920742" visible="true" version="2" changeset="177953483" timestamp="2026-02-01T07:42:03Z" user="Sameeksha Chinta" uid="23775155" lat="23.1761720" lon="80.0228166"/>
 <node id="3662920743" visible="true" version="1" changeset="32823700" timestamp="2015-07-23T11:41:10Z" user="maheshrkm" uid="2897465" lat="23.1761976" lon="80.0194838"/>
 <node id="3662920744" visible="true" version="1" changeset="32823700" timestamp="2015-07-23T11:41:10Z" user="maheshrkm" uid="2897465" lat="23.1762015" lon="80.0194161"/>
 <node id="3662920745" visible="true" version="1" changeset="32823700" timestamp="2015-07-23T11:41:10Z" user="maheshrkm" uid="2897465" lat="23.1762034" lon="80.0252633"/>
 <node id="3662920746" visible="true" version="1" changeset="32823700" timestamp="2015-07-23T11:41:10Z" user="maheshrkm" uid="2897465" lat="23.1762080" lon="80.0264331"/>
 <node id="3662920747" visible="true" version="1" changeset="32823700" timestamp="2015-07-23T11:41:10Z" user="maheshrkm" uid="2897465" lat="23.1762124" lon="80.0266013"/>
 <node id="3662920748" visible="true" version="1" changeset="32823700" timestamp="2015-07-23T11:41:10Z" user="maheshrkm" uid="2897465" lat="23.1762132" lon="80.0252747"/>
 <node id="3662920749" visible="true" version="1" changeset="32823700" timestamp="2015-07-23T11:41:10Z" user="maheshrkm" uid="2897465" lat="23.1762132" lon="80.0267753"/>
 <node id="3662920750" visible="true" version="1" changeset="32823700" timestamp="2015-07-23T11:41:10Z" user="maheshrkm" uid="2897465" lat="23.1762168" lon="80.0251861"/>
 <node id="3662920751" visible="true" version="2" changeset="177953483" timestamp="2026-02-01T07:42:03Z" user="Sameeksha Chinta" uid="23775155" lat="23.1761954" lon="80.0228395"/>
 <node id="3662920752" visible="true" version="2" changeset="177953333" timestamp="2026-02-01T07:33:04Z" user="Sameeksha Chinta" uid="23775155" lat="23.1762423" lon="80.0265507"/>
 <node id="3662920753" visible="true" version="1" changeset="32823700" timestamp="2015-07-23T11:41:10Z" user="maheshrkm" uid="2897465" lat="23.1762434" lon="80.0267912"/>
 <node id="3662920754" visible="true" version="1" changeset="32823700" timestamp="2015-07-23T11:41:10Z" user="maheshrkm" uid="2897465" lat="23.1762455" lon="80.0197044"/>
 <node id="3662920755" visible="true" version="1" changeset="32823700" timestamp="2015-07-23T11:41:10Z" user="maheshrkm" uid="2897465" lat="23.1762474" lon="80.0266986"/>
 <node id="3662920756" visible="true" version="1" changeset="32823700" timestamp="2015-07-23T11:41:11Z" user="maheshrkm" uid="2897465" lat="23.1762488" lon="80.0194872"/>
 <node id="3662920757" visible="true" version="1" changeset="32823700" timestamp="2015-07-23T11:41:11Z" user="maheshrkm" uid="2897465" lat="23.1762490" lon="80.0192492"/>
 <node id="3662920758" visible="true" version="1" changeset="32823700" timestamp="2015-07-23T11:41:11Z" user="maheshrkm" uid="2897465" lat="23.1762499" lon="80.0194689"/>
 <node id="3662920759" visible="true" version="1" changeset="32823700" timestamp="2015-07-23T11:41:11Z" user="maheshrkm" uid="2897465" lat="23.1762512" lon="80.0227717"/>
 <node id="3662920760" visible="true" version="1" changeset="32823700" timestamp="2015-07-23T11:41:11Z" user="maheshrkm" uid="2897465" lat="23.1762519" lon="80.0194334"/>
 <node id="3662920761" visible="true" version="1" changeset="32823700" timestamp="2015-07-23T11:41:11Z" user="maheshrkm" uid="2897465" lat="23.1762527" lon="80.0194196"/>
 <node id="3662920762" visible="true" version="1" changeset="32823700" timestamp="2015-07-23T11:41:11Z" user="maheshrkm" uid="2897465" lat="23.1762532" lon="80.0195151"/>
 <node id="3662920763" visible="true" version="1" changeset="32823700" timestamp="2015-07-23T11:41:11Z" user="maheshrkm" uid="2897465" lat="23.1762534" lon="80.0252455"/>
 <node id="3662920764" visible="true" version="1" changeset="32823700" timestamp="2015-07-23T11:41:11Z" user="maheshrkm" uid="2897465" lat="23.1762558" lon="80.0194693"/>
 <node id="3662920765" visible="true" version="1" changeset="32823700" timestamp="2015-07-23T11:41:11Z" user="maheshrkm" uid="2897465" lat="23.1762579" lon="80.0194338"/>
 <node id="3662920766" visible="true" version="1" changeset="32823700" timestamp="2015-07-23T11:41:11Z" user="maheshrkm" uid="2897465" lat="23.1762601" lon="80.0193958"/>
 <node id="3662920767" visible="true" version="1" changeset="32823700" timestamp="2015-07-23T11:41:11Z" user="maheshrkm" uid="2897465" lat="23.1762644" lon="80.0197626"/>
 <node id="3662920768" visible="true" version="1" changeset="32823700" timestamp="2015-07-23T11:41:11Z" user="maheshrkm" uid="2897465" lat="23.1762670" lon="80.0196365"/>
 <node id="3662920769" visible="true" version="1" changeset="32823700" timestamp="2015-07-23T11:41:11Z" user="maheshrkm" uid="2897465" lat="23.1762757" lon="80.0254977"/>
 <node id="3662920770" visible="true" version="1" changeset="32823700" timestamp="2015-07-23T11:41:11Z" user="maheshrkm" uid="2897465" lat="23.1762758" lon="80.0266346"/>
 <node id="3662920771" visible="true" version="1" changeset="32823700" timestamp="2015-07-23T11:41:11Z" user="maheshrkm" uid="2897465" lat="23.1762775" lon="80.0267145"/>
 <node id="3662920772" visible="true" version="1" changeset="32823700" timestamp="2015-07-23T11:41:11Z" user="maheshrkm" uid="2897465" lat="23.1762791" lon="80.0191831"/>
 <node id="3662920773" visible="true" version="1" changeset="32823700" timestamp="2015-07-23T11:41:11Z" user="maheshrkm" uid="2897465" lat="23.1762842" lon="80.0196895"/>
 <node id="3662920774" visible="true" version="1" changeset="32823700" timestamp="2015-07-23T11:41:11Z" user="maheshrkm" uid="2897465" lat="23.1762844" lon="80.0192997"/>
 <node id="3662920775" visible="true" version="1" changeset="32823700" timestamp="2015-07-23T11:41:11Z" user="maheshrkm" uid="2897465" lat="23.1762884" lon="80.0192704"/>
 <node id="3662920776" visible="true" version="1" changeset="32823700" timestamp="2015-07-23T11:41:11Z" user="maheshrkm" uid="2897465" lat="23.1762946" lon="80.0192566"/>
 <node id="3662920777" visible="true" version="1" changeset="32823700" timestamp="2015-07-23T11:41:11Z" user="maheshrkm" uid="2897465" lat="23.1762986" lon="80.0250133"/>
 <node id="3662920778" visible="true" version="1" changeset="32823700" timestamp="2015-07-23T11:41:11Z" user="maheshrkm" uid="2897465" lat="23.1763007" lon="80.0199268"/>
 <node id="3662920779" visible="true" version="1" changeset="32823700" timestamp="2015-07-23T11:41:11Z" user="maheshrkm" uid="2897465" lat="23.1763010" lon="80.0251211"/>
 <node id="3662920780" visible="true" version="1" changeset="32823700" timestamp="2015-07-23T11:41:12Z" user="maheshrkm" uid="2897465" lat="23.1763021" lon="80.0192607"/>
 <node id="3662920781" visible="true" version="1" changeset="32823700" timestamp="2015-07-23T11:41:12Z" user="maheshrkm" uid="2897465" lat="23.1763031" lon="80.0197478"/>
 <node id="3662920782" visible="true" version="1" changeset="32823700" timestamp="2015-07-23T11:41:12Z" user="maheshrkm" uid="2897465" lat="23.1763121" lon="80.0192183"/>
 <node id="3662920783" visible="true" version="1" changeset="32823700" timestamp="2015-07-23T11:41:12Z" user="maheshrkm" uid="2897465" lat="23.1763152" lon="80.0233313"/>
 <node id="3662920784" visible="true" version="1" changeset="32823700" timestamp="2015-07-23T11:41:12Z" user="maheshrkm" uid="2897465" lat="23.1763185" lon="80.0192043"/>
 <node id="3662920785" visible="true" version="1" changeset="32823700" timestamp="2015-07-23T11:41:12Z" user="maheshrkm" uid="2897465" lat="23.1763196" lon="80.0192223"/>
 <node id="3662920786" visible="true" version="1" changeset="32823700" timestamp="2015-07-23T11:41:12Z" user="maheshrkm" uid="2897465" lat="23.1763219" lon="80.0198054"/>
 <node id="3662920787" visible="true" version="1" changeset="32823700" timestamp="2015-07-23T11:41:12Z" user="maheshrkm" uid="2897465" lat="23.1763226" lon="80.0199940"/>
 <node id="3662920788" visible="true" version="1" changeset="32823700" timestamp="2015-07-23T11:41:12Z" user="maheshrkm" uid="2897465" lat="23.1763392" lon="80.0191791"/>
 <node id="3662920789" visible="true" version="1" changeset="32823700" timestamp="2015-07-23T11:41:12Z" user="maheshrkm" uid="2897465" lat="23.1763470" lon="80.0199090"/>
 <node id="3662920790" visible="true" version="1" changeset="32823700" timestamp="2015-07-23T11:41:12Z" user="maheshrkm" uid="2897465" lat="23.1763488" lon="80.0198844"/>
 <node id="3662920791" visible="true" version="1" changeset="32823700" timestamp="2015-07-23T11:41:12Z" user="maheshrkm" uid="2897465" lat="23.1763528" lon="80.0199268"/>
 <node id="3662920792" visible="true" version="1" changeset="32823700" timestamp="2015-07-23T11:41:12Z" user="maheshrkm" uid="2897465" lat="23.1763575" lon="80.0254304"/>
 <node id="3662920793" visible="true" version="1" changeset="32823700" timestamp="2015-07-23T11:41:12Z" user="maheshrkm" uid="2897465" lat="23.1763615" lon="80.0199235"/>
 <node id="3662920794" visible="true" version="1" changeset="32823700" timestamp="2015-07-23T11:41:12Z" user="maheshrkm" uid="2897465" lat="23.1763634" lon="80.0199593"/>
 <node id="3662920795" visible="true" version="1" changeset="32823700" timestamp="2015-07-23T11:41:12Z" user="maheshrkm" uid="2897465" lat="23.1763689" lon="80.0199762"/>
 <node id="3662920796" visible="true" version="1" changeset="32823700" timestamp="2015-07-23T11:41:12Z" user="maheshrkm" uid="2897465" lat="23.1763721" lon="80.0199560"/>
 <node id="3662920797" visible="true" version="1" changeset="32823700" timestamp="2015-07-23T11:41:12Z" user="maheshrkm" uid="2897465" lat="23.1763762" lon="80.0190302"/>
 <node id="3662920798" visible="true" version="1" changeset="32823700" timestamp="2015-07-23T11:41:12Z" user="maheshrkm" uid="2897465" lat="23.1763812" lon="80.0252717"/>
 <node id="3662920799" visible="true" version="1" changeset="32823700" timestamp="2015-07-23T11:41:12Z" user="maheshrkm" uid="2897465" lat="23.1763859" lon="80.0199986"/>
 <node id="3662920800" visible="true" version="1" changeset="32823700" timestamp="2015-07-23T11:41:12Z" user="maheshrkm" uid="2897465" lat="23.1763882" lon="80.0195243"/>
 <node id="3662920801" visible="true" version="1" changeset="32823700" timestamp="2015-07-23T11:41:12Z" user="maheshrkm" uid="2897465" lat="23.1763906" lon="80.0194832"/>
 <node id="3662920802" visible="true" version="1" changeset="32823700" timestamp="2015-07-23T11:41:12Z" user="maheshrkm" uid="2897465" lat="23.1763908" lon="80.0190901"/>
 <node id="3662920803" visible="true" version="1" changeset="32823700" timestamp="2015-07-23T11:41:12Z" user="maheshrkm" uid="2897465" lat="23.1763928" lon="80.0194435"/>
 <node id="3662920804" visible="true" version="1" changeset="32823700" timestamp="2015-07-23T11:41:12Z" user="maheshrkm" uid="2897465" lat="23.1763930" lon="80.0151139"/>
 <node id="3662920805" visible="true" version="1" changeset="32823700" timestamp="2015-07-23T11:41:12Z" user="maheshrkm" uid="2897465" lat="23.1763951" lon="80.0194050"/>
 <node id="3662920806" visible="true" version="1" changeset="32823700" timestamp="2015-07-23T11:41:12Z" user="maheshrkm" uid="2897465" lat="23.1763980" lon="80.0195473"/>
 <node id="3662920807" visible="true" version="1" changeset="32823700" timestamp="2015-07-23T11:41:12Z" user="maheshrkm" uid="2897465" lat="23.1763987" lon="80.0151888"/>
 <node id="3662920808" visible="true" version="1" changeset="32823700" timestamp="2015-07-23T11:41:12Z" user="maheshrkm" uid="2897465" lat="23.1763990" lon="80.0247938"/>
 <node id="3662920809" visible="true" version="1" changeset="32823700" timestamp="2015-07-23T11:41:12Z" user="maheshrkm" uid="2897465" lat="23.1763993" lon="80.0194838"/>
 <node id="3662920810" visible="true" version="1" changeset="32823700" timestamp="2015-07-23T11:41:12Z" user="maheshrkm" uid="2897465" lat="23.1764018" lon="80.0194441"/>
 <node id="3662920811" visible="true" version="1" changeset="32823700" timestamp="2015-07-23T11:41:12Z" user="maheshrkm" uid="2897465" lat="23.1764019" lon="80.0193629"/>
 <node id="3662920812" visible="true" version="1" changeset="32823700" timestamp="2015-07-23T11:41:12Z" user="maheshrkm" uid="2897465" lat="23.1764043" lon="80.0202316"/>
 <node id="3662920813" visible="true" version="1" changeset="32823700" timestamp="2015-07-23T11:41:12Z" user="maheshrkm" uid="2897465" lat="23.1764049" lon="80.0190650"/>
 <node id="3662920814" visible="true" version="1" changeset="32823700" timestamp="2015-07-23T11:41:12Z" user="maheshrkm" uid="2897465" lat="23.1764052" lon="80.0193836"/>
 <node id="3662920815" visible="true" version="1" changeset="32823700" timestamp="2015-07-23T11:41:12Z" user="maheshrkm" uid="2897465" lat="23.1764053" lon="80.0156421"/>
 <node id="3662920816" visible="true" version="1" changeset="32823700" timestamp="2015-07-23T11:41:12Z" user="maheshrkm" uid="2897465" lat="23.1764092" lon="80.0195818"/>
 <node id="3662920817" visible="true" version="1" changeset="32823700" timestamp="2015-07-23T11:41:13Z" user="maheshrkm" uid="2897465" lat="23.1764159" lon="80.0190543"/>
 <node id="3662920818" visible="true" version="1" changeset="32823700" timestamp="2015-07-23T11:41:13Z" user="maheshrkm" uid="2897465" lat="23.1764164" lon="80.0155296"/>
 <node id="3662920819" visible="true" version="1" changeset="32823700" timestamp="2015-07-23T11:41:13Z" user="maheshrkm" uid="2897465" lat="23.1764166" lon="80.0252503"/>
 <node id="3662920820" visible="true" version="1" changeset="32823700" timestamp="2015-07-23T11:41:13Z" user="maheshrkm" uid="2897465" lat="23.1764172" lon="80.0195449"/>
 <node id="3662920821" visible="true" version="1" changeset="32823700" timestamp="2015-07-23T11:41:13Z" user="maheshrkm" uid="2897465" lat="23.1764210" lon="80.0190606"/>
 <node id="3662920822" visible="true" version="1" changeset="32823700" timestamp="2015-07-23T11:41:13Z" user="maheshrkm" uid="2897465" lat="23.1764211" lon="80.0189864"/>
 <node id="3662920823" visible="true" version="1" changeset="32823700" timestamp="2015-07-23T11:41:13Z" user="maheshrkm" uid="2897465" lat="23.1764219" lon="80.0193188"/>
 <node id="3662920824" visible="true" version="1" changeset="32823700" timestamp="2015-07-23T11:41:13Z" user="maheshrkm" uid="2897465" lat="23.1764246" lon="80.0202893"/>
 <node id="3662920925" visible="true" version="1" changeset="32823700" timestamp="2015-07-23T11:41:13Z" user="maheshrkm" uid="2897465" lat="23.1764258" lon="80.0194007"/>
 <node id="3662920926" visible="true" version="1" changeset="32823700" timestamp="2015-07-23T11:41:13Z" user="maheshrkm" uid="2897465" lat="23.1764261" lon="80.0193958"/>
 <node id="3662920927" visible="true" version="1" changeset="32823700" timestamp="2015-07-23T11:41:13Z" user="maheshrkm" uid="2897465" lat="23.1764300" lon="80.0193980"/>
 <node id="3662920928" visible="true" version="1" changeset="32823700" timestamp="2015-07-23T11:41:13Z" user="maheshrkm" uid="2897465" lat="23.1764320" lon="80.0193243"/>
 <node id="3662920929" visible="true" version="1" changeset="32823700" timestamp="2015-07-23T11:41:13Z" user="maheshrkm" uid="2897465" lat="23.1764359" lon="80.0196052"/>
 <node id="3662920930" visible="true" version="1" changeset="32823700" timestamp="2015-07-23T11:41:13Z" user="maheshrkm" uid="2897465" lat="23.1764389" lon="80.0190319"/>
 <node id="3662920931" visible="true" version="1" changeset="32823700" timestamp="2015-07-23T11:41:13Z" user="maheshrkm" uid="2897465" lat="23.1764404" lon="80.0192782"/>
 <node id="3662920932" visible="true" version="1" changeset="32823700" timestamp="2015-07-23T11:41:13Z" user="maheshrkm" uid="2897465" lat="23.1764404" lon="80.0253729"/>
 <node id="3662920933" visible="true" version="1" changeset="32823700" timestamp="2015-07-23T11:41:13Z" user="maheshrkm" uid="2897465" lat="23.1764415" lon="80.0158663"/>
 <node id="3662920934" visible="true" version="1" changeset="32823700" timestamp="2015-07-23T11:41:13Z" user="maheshrkm" uid="2897465" lat="23.1764440" lon="80.0190381"/>
 <node id="3662920935" visible="true" version="1" changeset="32823700" timestamp="2015-07-23T11:41:13Z" user="maheshrkm" uid="2897465" lat="23.1764463" lon="80.0202141"/>
 <node id="3662920936" visible="true" version="1" changeset="32823700" timestamp="2015-07-23T11:41:13Z" user="maheshrkm" uid="2897465" lat="23.1764478" lon="80.0201878"/>
 <node id="3662920937" visible="true" version="1" changeset="32823700" timestamp="2015-07-23T11:41:13Z" user="maheshrkm" uid="2897465" lat="23.1764497" lon="80.0192832"/>
 <node id="3662920938" visible="true" version="1" changeset="32823700" timestamp="2015-07-23T11:41:13Z" user="maheshrkm" uid="2897465" lat="23.1764498" lon="80.0190212"/>
 <node id="3662920939" visible="true" version="1" changeset="32823700" timestamp="2015-07-23T11:41:13Z" user="maheshrkm" uid="2897465" lat="23.1764505" lon="80.0249312"/>
 <node id="3662920940" visible="true" version="1" changeset="32823700" timestamp="2015-07-23T11:41:13Z" user="maheshrkm" uid="2897465" lat="23.1764507" lon="80.0202265"/>
 <node id="3662920941" visible="true" version="1" changeset="32823700" timestamp="2015-07-23T11:41:13Z" user="maheshrkm" uid="2897465" lat="23.1764560" lon="80.0195975"/>
 <node id="3662920942" visible="true" version="1" changeset="32823700" timestamp="2015-07-23T11:41:13Z" user="maheshrkm" uid="2897465" lat="23.1764567" lon="80.0192423"/>
 <node id="3662920943" visible="true" version="1" changeset="32823700" timestamp="2015-07-23T11:41:13Z" user="maheshrkm" uid="2897465" lat="23.1764574" lon="80.0193379"/>
 <node id="3662920944" visible="true" version="1" changeset="32823700" timestamp="2015-07-23T11:41:13Z" user="maheshrkm" uid="2897465" lat="23.1764601" lon="80.0202226"/>
 <node id="3662920945" visible="true" version="1" changeset="32823700" timestamp="2015-07-23T11:41:13Z" user="maheshrkm" uid="2897465" lat="23.1764621" lon="80.0202573"/>
 <node id="3662920946" visible="true" version="1" changeset="32823700" timestamp="2015-07-23T11:41:13Z" user="maheshrkm" uid="2897465" lat="23.1764623" lon="80.0197514"/>
 <node id="3662920947" visible="true" version="1" changeset="32823700" timestamp="2015-07-23T11:41:13Z" user="maheshrkm" uid="2897465" lat="23.1764671" lon="80.0202715"/>
 <node id="3662920948" visible="true" version="1" changeset="32823700" timestamp="2015-07-23T11:41:13Z" user="maheshrkm" uid="2897465" lat="23.1764693" lon="80.0196385"/>
 <node id="3662920949" visible="true" version="1" changeset="32823700" timestamp="2015-07-23T11:41:13Z" user="maheshrkm" uid="2897465" lat="23.1764693" lon="80.0250764"/>
 <node id="3662920950" visible="true" version="1" changeset="32823700" timestamp="2015-07-23T11:41:13Z" user="maheshrkm" uid="2897465" lat="23.1764702" lon="80.0195485"/>
 <node id="3662920951" visible="true" version="1" changeset="32823700" timestamp="2015-07-23T11:41:13Z" user="maheshrkm" uid="2897465" lat="23.1764705" lon="80.0160194"/>
 <node id="3662920952" visible="true" version="1" changeset="32823700" timestamp="2015-07-23T11:41:13Z" user="maheshrkm" uid="2897465" lat="23.1764705" lon="80.0197188"/>
 <node id="3662920953" visible="true" version="1" changeset="32823700" timestamp="2015-07-23T11:41:13Z" user="maheshrkm" uid="2897465" lat="23.1764710" lon="80.0202536"/>
 <node id="3662920954" visible="true" version="1" changeset="32823700" timestamp="2015-07-23T11:41:13Z" user="maheshrkm" uid="2897465" lat="23.1764731" lon="80.0192958"/>
 <node id="3662920955" visible="true" version="1" changeset="32823700" timestamp="2015-07-23T11:41:13Z" user="maheshrkm" uid="2897465" lat="23.1764735" lon="80.0190093"/>
 <node id="3662920956" visible="true" version="1" changeset="32823700" timestamp="2015-07-23T11:41:13Z" user="maheshrkm" uid="2897465" lat="23.1764738" lon="80.0198364"/>
 <node id="3662920957" visible="true" version="1" changeset="32823700" timestamp="2015-07-23T11:41:13Z" user="maheshrkm" uid="2897465" lat="23.1764748" lon="80.0152141"/>
 <node id="3662920958" visible="true" version="1" changeset="32823700" timestamp="2015-07-23T11:41:13Z" user="maheshrkm" uid="2897465" lat="23.1764777" lon="80.0197410"/>
 <node id="3662920959" visible="true" version="1" changeset="32823700" timestamp="2015-07-23T11:41:13Z" user="maheshrkm" uid="2897465" lat="23.1764785" lon="80.0194043"/>
 <node id="3662920960" visible="true" version="1" changeset="32823700" timestamp="2015-07-23T11:41:13Z" user="maheshrkm" uid="2897465" lat="23.1764786" lon="80.0192178"/>
 <node id="3662920961" visible="true" version="1" changeset="32823700" timestamp="2015-07-23T11:41:13Z" user="maheshrkm" uid="2897465" lat="23.1764807" lon="80.0191991"/>
 <node id="3662920962" visible="true" version="1" changeset="32823700" timestamp="2015-07-23T11:41:13Z" user="maheshrkm" uid="2897465" lat="23.1764826" lon="80.0151057"/>
 <node id="3662920963" visible="true" version="1" changeset="32823700" timestamp="2015-07-23T11:41:13Z" user="maheshrkm" uid="2897465" lat="23.1764833" lon="80.0204438"/>
 <node id="3662920964" visible="true" version="1" changeset="32823700" timestamp="2015-07-23T11:41:13Z" user="maheshrkm" uid="2897465" lat="23.1764859" lon="80.0153250"/>
 <node id="3662920965" visible="true" version="1" changeset="32823700" timestamp="2015-07-23T11:41:13Z" user="maheshrkm" uid="2897465" lat="23.1764863" lon="80.0202969"/>
 <node id="3662920966" visible="true" version="1" changeset="32823700" timestamp="2015-07-23T11:41:13Z" user="maheshrkm" uid="2897465" lat="23.1764875" lon="80.0198783"/>
 <node id="3662920967" visible="true" version="1" changeset="32823700" timestamp="2015-07-23T11:41:14Z" user="maheshrkm" uid="2897465" lat="23.1764884" lon="80.0151807"/>
 <node id="3662920968" visible="true" version="1" changeset="32823700" timestamp="2015-07-23T11:41:14Z" user="maheshrkm" uid="2897465" lat="23.1764914" lon="80.0196300"/>
 <node id="3662920969" visible="true" version="1" changeset="32823700" timestamp="2015-07-23T11:41:14Z" user="maheshrkm" uid="2897465" lat="23.1764953" lon="80.0193583"/>
 <node id="3662920970" visible="true" version="1" changeset="32823700" timestamp="2015-07-23T11:41:14Z" user="maheshrkm" uid="2897465" lat="23.1764957" lon="80.0156527"/>
 <node id="3662920971" visible="true" version="1" changeset="32823700" timestamp="2015-07-23T11:41:14Z" user="maheshrkm" uid="2897465" lat="23.1764959" lon="80.0230533"/>
 <node id="3662920972" visible="true" version="1" changeset="32823700" timestamp="2015-07-23T11:41:14Z" user="maheshrkm" uid="2897465" lat="23.1764989" lon="80.0192389"/>
 <node id="3662920973" visible="true" version="1" changeset="32823700" timestamp="2015-07-23T11:41:14Z" user="maheshrkm" uid="2897465" lat="23.1764989" lon="80.0250605"/>
 <node id="3662920974" visible="true" version="1" changeset="32823700" timestamp="2015-07-23T11:41:14Z" user="maheshrkm" uid="2897465" lat="23.1764992" lon="80.0199145"/>
 <node id="3662920975" visible="true" version="1" changeset="32823700" timestamp="2015-07-23T11:41:14Z" user="maheshrkm" uid="2897465" lat="23.1764992" lon="80.0250613"/>
 <node id="3662920976" visible="true" version="1" changeset="32823700" timestamp="2015-07-23T11:41:14Z" user="maheshrkm" uid="2897465" lat="23.1764995" lon="80.0196549"/>
 <node id="3662920977" visible="true" version="1" changeset="32823700" timestamp="2015-07-23T11:41:14Z" user="maheshrkm" uid="2897465" lat="23.1765008" lon="80.0251511"/>
 <node id="3662920978" visible="true" version="1" changeset="32823700" timestamp="2015-07-23T11:41:14Z" user="maheshrkm" uid="2897465" lat="23.1765018" lon="80.0198728"/>
 <node id="3662920979" visible="true" version="1" changeset="32823700" timestamp="2015-07-23T11:41:14Z" user="maheshrkm" uid="2897465" lat="23.1765032" lon="80.0205001"/>
 <node id="3662920980" visible="true" version="1" changeset="32823700" timestamp="2015-07-23T11:41:14Z" user="maheshrkm" uid="2897465" lat="23.1765053" lon="80.0230430"/>
 <node id="3662920981" visible="true" version="1" changeset="32823700" timestamp="2015-07-23T11:41:14Z" user="maheshrkm" uid="2897465" lat="23.1765069" lon="80.0155402"/>
 <node id="3662920982" visible="true" version="1" changeset="32823700" timestamp="2015-07-23T11:41:14Z" user="maheshrkm" uid="2897465" lat="23.1765077" lon="80.0203605"/>
 <node id="3662920983" visible="true" version="1" changeset="32823700" timestamp="2015-07-23T11:41:14Z" user="maheshrkm" uid="2897465" lat="23.1765091" lon="80.0191714"/>
 <node id="3662920984" visible="true" version="1" changeset="32823700" timestamp="2015-07-23T11:41:14Z" user="maheshrkm" uid="2897465" lat="23.1765107" lon="80.0199101"/>
 <node id="3662920985" visible="true" version="1" changeset="32823700" timestamp="2015-07-23T11:41:14Z" user="maheshrkm" uid="2897465" lat="23.1765109" lon="80.0199505"/>
 <node id="3662920986" visible="true" version="1" changeset="32823700" timestamp="2015-07-23T11:41:14Z" user="maheshrkm" uid="2897465" lat="23.1765137" lon="80.0193177"/>
 <node id="3662920987" visible="true" version="1" changeset="32823700" timestamp="2015-07-23T11:41:14Z" user="maheshrkm" uid="2897465" lat="23.1765167" lon="80.0191806"/>
 <node id="3662920988" visible="true" version="1" changeset="32823700" timestamp="2015-07-23T11:41:14Z" user="maheshrkm" uid="2897465" lat="23.1765176" lon="80.0195935"/>
 <node id="3662920989" visible="true" version="1" changeset="32823700" timestamp="2015-07-23T11:41:14Z" user="maheshrkm" uid="2897465" lat="23.1765211" lon="80.0199423"/>
 <node id="3662920990" visible="true" version="1" changeset="32823700" timestamp="2015-07-23T11:41:14Z" user="maheshrkm" uid="2897465" lat="23.1765231" lon="80.0158481"/>
 <node id="3662920991" visible="true" version="1" changeset="32823700" timestamp="2015-07-23T11:41:14Z" user="maheshrkm" uid="2897465" lat="23.1765243" lon="80.0198810"/>
 <node id="3662920992" visible="true" version="1" changeset="32823700" timestamp="2015-07-23T11:41:14Z" user="maheshrkm" uid="2897465" lat="23.1765256" lon="80.0197226"/>
 <node id="3662920993" visible="true" version="1" changeset="32823700" timestamp="2015-07-23T11:41:14Z" user="maheshrkm" uid="2897465" lat="23.1765266" lon="80.0253191"/>
 <node id="3662920994" visible="true" version="1" changeset="32823700" timestamp="2015-07-23T11:41:14Z" user="maheshrkm" uid="2897465" lat="23.1765288" lon="80.0198948"/>
 <node id="3662920995" visible="true" version="1" changeset="32823700" timestamp="2015-07-23T11:41:14Z" user="maheshrkm" uid="2897465" lat="23.1765291" lon="80.0192754"/>
 <node id="3662920996" visible="true" version="1" changeset="32823700" timestamp="2015-07-23T11:41:14Z" user="maheshrkm" uid="2897465" lat="23.1765302" lon="80.0204242"/>
 <node id="3662920997" visible="true" version="1" changeset="32823700" timestamp="2015-07-23T11:41:14Z" user="maheshrkm" uid="2897465" lat="23.1765312" lon="80.0195287"/>
 <node id="3662920998" visible="true" version="1" changeset="32823700" timestamp="2015-07-23T11:41:14Z" user="maheshrkm" uid="2897465" lat="23.1765316" lon="80.0230914"/>
 <node id="3662920999" visible="true" version="1" changeset="32823700" timestamp="2015-07-23T11:41:14Z" user="maheshrkm" uid="2897465" lat="23.1765334" lon="80.0196418"/>
 <node id="3662921000" visible="true" version="1" changeset="32823700" timestamp="2015-07-23T11:41:14Z" user="maheshrkm" uid="2897465" lat="23.1765350" lon="80.0251345"/>
 <node id="3662921001" visible="true" version="1" changeset="32823700" timestamp="2015-07-23T11:41:14Z" user="maheshrkm" uid="2897465" lat="23.1765377" lon="80.0152067"/>
 <node id="3662921002" visible="true" version="1" changeset="32823700" timestamp="2015-07-23T11:41:14Z" user="maheshrkm" uid="2897465" lat="23.1765396" lon="80.0191416"/>
 <node id="3662921003" visible="true" version="1" changeset="32823700" timestamp="2015-07-23T11:41:14Z" user="maheshrkm" uid="2897465" lat="23.1765445" lon="80.0204829"/>
 <node id="3662921004" visible="true" version="1" changeset="32823700" timestamp="2015-07-23T11:41:14Z" user="maheshrkm" uid="2897465" lat="23.1765456" lon="80.0251666"/>
 <node id="3662921005" visible="true" version="1" changeset="32823700" timestamp="2015-07-23T11:41:14Z" user="maheshrkm" uid="2897465" lat="23.1765467" lon="80.0191501"/>
 <node id="3662921006" visible="true" version="1" changeset="32823700" timestamp="2015-07-23T11:41:14Z" user="maheshrkm" uid="2897465" lat="23.1765484" lon="80.0195816"/>
 <node id="3662921007" visible="true" version="1" changeset="32823700" timestamp="2015-07-23T11:41:14Z" user="maheshrkm" uid="2897465" lat="23.1765487" lon="80.0153176"/>
 <node id="3662921008" visible="true" version="1" changeset="32823700" timestamp="2015-07-23T11:41:14Z" user="maheshrkm" uid="2897465" lat="23.1765520" lon="80.0160012"/>
 <node id="3662921009" visible="true" version="1" changeset="32823700" timestamp="2015-07-23T11:41:14Z" user="maheshrkm" uid="2897465" lat="23.1765529" lon="80.0247406"/>
 <node id="3662921010" visible="true" version="1" changeset="32823700" timestamp="2015-07-23T11:41:14Z" user="maheshrkm" uid="2897465" lat="23.1765593" lon="80.0247651"/>
 <node id="3662921011" visible="true" version="1" changeset="32823700" timestamp="2015-07-23T11:41:14Z" user="maheshrkm" uid="2897465" lat="23.1765610" lon="80.0189572"/>
 <node id="3662921012" visible="true" version="1" changeset="32823700" timestamp="2015-07-23T11:41:14Z" user="maheshrkm" uid="2897465" lat="23.1765635" lon="80.0191184"/>
 <node id="3662921013" visible="true" version="1" changeset="32823700" timestamp="2015-07-23T11:41:14Z" user="maheshrkm" uid="2897465" lat="23.1765655" lon="80.0205424"/>
 <node id="3662921014" visible="true" version="1" changeset="32823700" timestamp="2015-07-23T11:41:15Z" user="maheshrkm" uid="2897465" lat="23.1765675" lon="80.0201379"/>
 <node id="3662921015" visible="true" version="1" changeset="32823700" timestamp="2015-07-23T11:41:15Z" user="maheshrkm" uid="2897465" lat="23.1765685" lon="80.0188901"/>
 <node id="3662921016" visible="true" version="1" changeset="32823700" timestamp="2015-07-23T11:41:15Z" user="maheshrkm" uid="2897465" lat="23.1765693" lon="80.0250305"/>
 <node id="3662921017" visible="true" version="1" changeset="32823700" timestamp="2015-07-23T11:41:15Z" user="maheshrkm" uid="2897465" lat="23.1765712" lon="80.0198630"/>
 <node id="3662921018" visible="true" version="1" changeset="32823700" timestamp="2015-07-23T11:41:15Z" user="maheshrkm" uid="2897465" lat="23.1765713" lon="80.0251559"/>
 <node id="3662921019" visible="true" version="1" changeset="32823700" timestamp="2015-07-23T11:41:15Z" user="maheshrkm" uid="2897465" lat="23.1765723" lon="80.0198781"/>
 <node id="3662921020" visible="true" version="1" changeset="32823700" timestamp="2015-07-23T11:41:15Z" user="maheshrkm" uid="2897465" lat="23.1765791" lon="80.0201336"/>
 <node id="3662921021" visible="true" version="1" changeset="32823700" timestamp="2015-07-23T11:41:15Z" user="maheshrkm" uid="2897465" lat="23.1765791" lon="80.0201709"/>
 <node id="3662921022" visible="true" version="1" changeset="32823700" timestamp="2015-07-23T11:41:15Z" user="maheshrkm" uid="2897465" lat="23.1765831" lon="80.0189349"/>
 <node id="3662921023" visible="true" version="1" changeset="32823700" timestamp="2015-07-23T11:41:15Z" user="maheshrkm" uid="2897465" lat="23.1765852" lon="80.0199176"/>
 <node id="3662921024" visible="true" version="1" changeset="32823700" timestamp="2015-07-23T11:41:15Z" user="maheshrkm" uid="2897465" lat="23.1765880" lon="80.0191098"/>
 <node id="3662921125" visible="true" version="1" changeset="32823700" timestamp="2015-07-23T11:41:15Z" user="maheshrkm" uid="2897465" lat="23.1765882" lon="80.0206953"/>
 <node id="3662921126" visible="true" version="1" changeset="32823700" timestamp="2015-07-23T11:41:15Z" user="maheshrkm" uid="2897465" lat="23.1765904" lon="80.0247261"/>
 <node id="3662921127" visible="true" version="1" changeset="32823700" timestamp="2015-07-23T11:41:15Z" user="maheshrkm" uid="2897465" lat="23.1765905" lon="80.0201661"/>
 <node id="3662921128" visible="true" version="1" changeset="32823700" timestamp="2015-07-23T11:41:15Z" user="maheshrkm" uid="2897465" lat="23.1765910" lon="80.0203258"/>
 <node id="3662921129" visible="true" version="1" changeset="32823700" timestamp="2015-07-23T11:41:15Z" user="maheshrkm" uid="2897465" lat="23.1765917" lon="80.0202077"/>
 <node id="3662921130" visible="true" version="1" changeset="32823700" timestamp="2015-07-23T11:41:15Z" user="maheshrkm" uid="2897465" lat="23.1765951" lon="80.0203374"/>
 <node id="3662921131" visible="true" version="1" changeset="32823700" timestamp="2015-07-23T11:41:15Z" user="maheshrkm" uid="2897465" lat="23.1765965" lon="80.0247527"/>
 <node id="3662921132" visible="true" version="1" changeset="32823700" timestamp="2015-07-23T11:41:15Z" user="maheshrkm" uid="2897465" lat="23.1765979" lon="80.0191402"/>
 <node id="3662921133" visible="true" version="1" changeset="32823700" timestamp="2015-07-23T11:41:15Z" user="maheshrkm" uid="2897465" lat="23.1765982" lon="80.0196966"/>
 <node id="3662921134" visible="true" version="1" changeset="32823700" timestamp="2015-07-23T11:41:15Z" user="maheshrkm" uid="2897465" lat="23.1766022" lon="80.0189275"/>
 <node id="3662921135" visible="true" version="1" changeset="32823700" timestamp="2015-07-23T11:41:15Z" user="maheshrkm" uid="2897465" lat="23.1766031" lon="80.0190867"/>
 <node id="3662921136" visible="true" version="1" changeset="32823700" timestamp="2015-07-23T11:41:15Z" user="maheshrkm" uid="2897465" lat="23.1766035" lon="80.0202028"/>
 <node id="3662921137" visible="true" version="1" changeset="32823700" timestamp="2015-07-23T11:41:15Z" user="maheshrkm" uid="2897465" lat="23.1766056" lon="80.0202471"/>
 <node id="3662921138" visible="true" version="1" changeset="32823700" timestamp="2015-07-23T11:41:15Z" user="maheshrkm" uid="2897465" lat="23.1766062" lon="80.0189398"/>
 <node id="3662921139" visible="true" version="1" changeset="32823700" timestamp="2015-07-23T11:41:15Z" user="maheshrkm" uid="2897465" lat="23.1766144" lon="80.0201661"/>
 <node id="3662921140" visible="true" version="1" changeset="32823700" timestamp="2015-07-23T11:41:15Z" user="maheshrkm" uid="2897465" lat="23.1766170" lon="80.0206420"/>
 <node id="3662921141" visible="true" version="1" changeset="32823700" timestamp="2015-07-23T11:41:15Z" user="maheshrkm" uid="2897465" lat="23.1766171" lon="80.0252718"/>
 <node id="3662921142" visible="true" version="1" changeset="32823700" timestamp="2015-07-23T11:41:15Z" user="maheshrkm" uid="2897465" lat="23.1766200" lon="80.0191252"/>
 <node id="3662921143" visible="true" version="1" changeset="32823700" timestamp="2015-07-23T11:41:15Z" user="maheshrkm" uid="2897465" lat="23.1766200" lon="80.0201819"/>
 <node id="3662921144" visible="true" version="1" changeset="32823700" timestamp="2015-07-23T11:41:15Z" user="maheshrkm" uid="2897465" lat="23.1766245" lon="80.0206596"/>
 <node id="3662921145" visible="true" version="1" changeset="32823700" timestamp="2015-07-23T11:41:15Z" user="maheshrkm" uid="2897465" lat="23.1766254" lon="80.0188683"/>
 <node id="3662921146" visible="true" version="1" changeset="32823700" timestamp="2015-07-23T11:41:15Z" user="maheshrkm" uid="2897465" lat="23.1766281" lon="80.0189175"/>
 <node id="3662921147" visible="true" version="1" changeset="32823700" timestamp="2015-07-23T11:41:15Z" user="maheshrkm" uid="2897465" lat="23.1766285" lon="80.0196580"/>
 <node id="3662921148" visible="true" version="1" changeset="32823700" timestamp="2015-07-23T11:41:16Z" user="maheshrkm" uid="2897465" lat="23.1766290" lon="80.0191778"/>
 <node id="3662921149" visible="true" version="1" changeset="32823700" timestamp="2015-07-23T11:41:16Z" user="maheshrkm" uid="2897465" lat="23.1766312" lon="80.0207469"/>
 <node id="3662921150" visible="true" version="1" changeset="32823700" timestamp="2015-07-23T11:41:16Z" user="maheshrkm" uid="2897465" lat="23.1766321" lon="80.0189299"/>
 <node id="3662921151" visible="true" version="1" changeset="32823700" timestamp="2015-07-23T11:41:16Z" user="maheshrkm" uid="2897465" lat="23.1766363" lon="80.0196820"/>
 <node id="3662921152" visible="true" version="1" changeset="32823700" timestamp="2015-07-23T11:41:16Z" user="maheshrkm" uid="2897465" lat="23.1766383" lon="80.0206762"/>
 <node id="3662921153" visible="true" version="1" changeset="32823700" timestamp="2015-07-23T11:41:16Z" user="maheshrkm" uid="2897465" lat="23.1766399" lon="80.0189130"/>
 <node id="3662921154" visible="true" version="1" changeset="32823700" timestamp="2015-07-23T11:41:16Z" user="maheshrkm" uid="2897465" lat="23.1766414" lon="80.0250038"/>
 <node id="3662921155" visible="true" version="1" changeset="32823700" timestamp="2015-07-23T11:41:16Z" user="maheshrkm" uid="2897465" lat="23.1766422" lon="80.0206723"/>
 <node id="3662921156" visible="true" version="1" changeset="32823700" timestamp="2015-07-23T11:41:16Z" user="maheshrkm" uid="2897465" lat="23.1766423" lon="80.0198323"/>
 <node id="3662921157" visible="true" version="1" changeset="32823700" timestamp="2015-07-23T11:41:16Z" user="maheshrkm" uid="2897465" lat="23.1766429" lon="80.0190714"/>
 <node id="3662921158" visible="true" version="1" changeset="32823700" timestamp="2015-07-23T11:41:16Z" user="maheshrkm" uid="2897465" lat="23.1766437" lon="80.0203171"/>
 <node id="3662921159" visible="true" version="1" changeset="32823700" timestamp="2015-07-23T11:41:16Z" user="maheshrkm" uid="2897465" lat="23.1766448" lon="80.0201062"/>
 <node id="3662921160" visible="true" version="1" changeset="32823700" timestamp="2015-07-23T11:41:16Z" user="maheshrkm" uid="2897465" lat="23.1766477" lon="80.0190860"/>
 <node id="3662921161" visible="true" version="1" changeset="32823700" timestamp="2015-07-23T11:41:16Z" user="maheshrkm" uid="2897465" lat="23.1766488" lon="80.0191163"/>
 <node id="3662921162" visible="true" version="1" changeset="32823700" timestamp="2015-07-23T11:41:16Z" user="maheshrkm" uid="2897465" lat="23.1766531" lon="80.0191295"/>
 <node id="3662921163" visible="true" version="1" changeset="32823700" timestamp="2015-07-23T11:41:16Z" user="maheshrkm" uid="2897465" lat="23.1766565" lon="80.0194806"/>
 <node id="3662921164" visible="true" version="1" changeset="32823700" timestamp="2015-07-23T11:41:16Z" user="maheshrkm" uid="2897465" lat="23.1766572" lon="80.0206988"/>
 <node id="3662921165" visible="true" version="1" changeset="32823700" timestamp="2015-07-23T11:41:16Z" user="maheshrkm" uid="2897465" lat="23.1766593" lon="80.0201474"/>
 <node id="3662921166" visible="true" version="1" changeset="32823700" timestamp="2015-07-23T11:41:16Z" user="maheshrkm" uid="2897465" lat="23.1766611" lon="80.0206950"/>
 <node id="3662921167" visible="true" version="1" changeset="32823700" timestamp="2015-07-23T11:41:16Z" user="maheshrkm" uid="2897465" lat="23.1766641" lon="80.0198312"/>
 <node id="3662921168" visible="true" version="1" changeset="32823700" timestamp="2015-07-23T11:41:16Z" user="maheshrkm" uid="2897465" lat="23.1766646" lon="80.0196441"/>
 <node id="3662921169" visible="true" version="1" changeset="32823700" timestamp="2015-07-23T11:41:16Z" user="maheshrkm" uid="2897465" lat="23.1766656" lon="80.0191247"/>
 <node id="3662921170" visible="true" version="1" changeset="32823700" timestamp="2015-07-23T11:41:16Z" user="maheshrkm" uid="2897465" lat="23.1766672" lon="80.0203157"/>
 <node id="3662921171" visible="true" version="1" changeset="32823700" timestamp="2015-07-23T11:41:16Z" user="maheshrkm" uid="2897465" lat="23.1766674" lon="80.0207112"/>
 <node id="3662921172" visible="true" version="1" changeset="32823700" timestamp="2015-07-23T11:41:16Z" user="maheshrkm" uid="2897465" lat="23.1766695" lon="80.0201612"/>
 <node id="3662921173" visible="true" version="1" changeset="32823700" timestamp="2015-07-23T11:41:16Z" user="maheshrkm" uid="2897465" lat="23.1766724" lon="80.0196681"/>
 <node id="3662921174" visible="true" version="1" changeset="32823700" timestamp="2015-07-23T11:41:16Z" user="maheshrkm" uid="2897465" lat="23.1766726" lon="80.0189143"/>
 <node id="3662921175" visible="true" version="1" changeset="32823700" timestamp="2015-07-23T11:41:16Z" user="maheshrkm" uid="2897465" lat="23.1766737" lon="80.0195335"/>
 <node id="3662921176" visible="true" version="1" changeset="32823700" timestamp="2015-07-23T11:41:16Z" user="maheshrkm" uid="2897465" lat="23.1766740" lon="80.0193245"/>
 <node id="3662921177" visible="true" version="1" changeset="32823700" timestamp="2015-07-23T11:41:16Z" user="maheshrkm" uid="2897465" lat="23.1766768" lon="80.0203430"/>
 <node id="3662921178" visible="true" version="1" changeset="32823700" timestamp="2015-07-23T11:41:16Z" user="maheshrkm" uid="2897465" lat="23.1766781" lon="80.0198742"/>
 <node id="3662921179" visible="true" version="1" changeset="32823700" timestamp="2015-07-23T11:41:16Z" user="maheshrkm" uid="2897465" lat="23.1766821" lon="80.0198170"/>
 <node id="3662921180" visible="true" version="1" changeset="32823700" timestamp="2015-07-23T11:41:16Z" user="maheshrkm" uid="2897465" lat="23.1766842" lon="80.0198235"/>
 <node id="3662921181" visible="true" version="1" changeset="32823700" timestamp="2015-07-23T11:41:16Z" user="maheshrkm" uid="2897465" lat="23.1766845" lon="80.0190554"/>
 <node id="3662921182" visible="true" version="1" changeset="32823700" timestamp="2015-07-23T11:41:16Z" user="maheshrkm" uid="2897465" lat="23.1766861" lon="80.0203637"/>
 <node id="3662921183" visible="true" version="1" changeset="32823700" timestamp="2015-07-23T11:41:16Z" user="maheshrkm" uid="2897465" lat="23.1766890" lon="80.0207285"/>
 <node id="3662921184" visible="true" version="1" changeset="32823700" timestamp="2015-07-23T11:41:16Z" user="maheshrkm" uid="2897465" lat="23.1766893" lon="80.0190700"/>
 <node id="3662921185" visible="true" version="1" changeset="32823700" timestamp="2015-07-23T11:41:16Z" user="maheshrkm" uid="2897465" lat="23.1766902" lon="80.0161002"/>
 <node id="3662921186" visible="true" version="1" changeset="32823700" timestamp="2015-07-23T11:41:16Z" user="maheshrkm" uid="2897465" lat="23.1766903" lon="80.0244343"/>
 <node id="3662921187" visible="true" version="1" changeset="32823700" timestamp="2015-07-23T11:41:16Z" user="maheshrkm" uid="2897465" lat="23.1766914" lon="80.0204899"/>
 <node id="3662921188" visible="true" version="1" changeset="32823700" timestamp="2015-07-23T11:41:16Z" user="maheshrkm" uid="2897465" lat="23.1766935" lon="80.0191139"/>
 <node id="3662921189" visible="true" version="1" changeset="32823700" timestamp="2015-07-23T11:41:16Z" user="maheshrkm" uid="2897465" lat="23.1766998" lon="80.0203580"/>
 <node id="3662921190" visible="true" version="1" changeset="32823700" timestamp="2015-07-23T11:41:16Z" user="maheshrkm" uid="2897465" lat="23.1767035" lon="80.0159925"/>
 <node id="3662921191" visible="true" version="1" changeset="32823700" timestamp="2015-07-23T11:41:16Z" user="maheshrkm" uid="2897465" lat="23.1767044" lon="80.0195216"/>
 <node id="3662921192" visible="true" version="1" changeset="32823700" timestamp="2015-07-23T11:41:16Z" user="maheshrkm" uid="2897465" lat="23.1767053" lon="80.0204180"/>
 <node id="3662921193" visible="true" version="1" changeset="32823700" timestamp="2015-07-23T11:41:16Z" user="maheshrkm" uid="2897465" lat="23.1767060" lon="80.0196551"/>
 <node id="3662921194" visible="true" version="1" changeset="32823700" timestamp="2015-07-23T11:41:16Z" user="maheshrkm" uid="2897465" lat="23.1767118" lon="80.0204508"/>
 <node id="3662921195" visible="true" version="1" changeset="32823700" timestamp="2015-07-23T11:41:16Z" user="maheshrkm" uid="2897465" lat="23.1767135" lon="80.0249778"/>
 <node id="3662921196" visible="true" version="1" changeset="32823700" timestamp="2015-07-23T11:41:16Z" user="maheshrkm" uid="2897465" lat="23.1767147" lon="80.0190438"/>
 <node id="3662921197" visible="true" version="1" changeset="32823700" timestamp="2015-07-23T11:41:16Z" user="maheshrkm" uid="2897465" lat="23.1767154" lon="80.0204023"/>
 <node id="3662921198" visible="true" version="1" changeset="32823700" timestamp="2015-07-23T11:41:16Z" user="maheshrkm" uid="2897465" lat="23.1767163" lon="80.0198038"/>
 <node id="3662921199" visible="true" version="1" changeset="32823700" timestamp="2015-07-23T11:41:16Z" user="maheshrkm" uid="2897465" lat="23.1767167" lon="80.0202951"/>
 <node id="3662921200" visible="true" version="1" changeset="32823700" timestamp="2015-07-23T11:41:16Z" user="maheshrkm" uid="2897465" lat="23.1767173" lon="80.0205432"/>
 <node id="3662921201" visible="true" version="1" changeset="32823700" timestamp="2015-07-23T11:41:16Z" user="maheshrkm" uid="2897465" lat="23.1767184" lon="80.0198103"/>
 <node id="3662921202" visible="true" version="1" changeset="32823700" timestamp="2015-07-23T11:41:16Z" user="maheshrkm" uid="2897465" lat="23.1767194" lon="80.0194643"/>
 <node id="3662921203" visible="true" version="1" changeset="32823700" timestamp="2015-07-23T11:41:16Z" user="maheshrkm" uid="2897465" lat="23.1767201" lon="80.0204119"/>
 <node id="3662921204" visible="true" version="1" changeset="32823700" timestamp="2015-07-23T11:41:17Z" user="maheshrkm" uid="2897465" lat="23.1767202" lon="80.0195700"/>
 <node id="3662921205" visible="true" version="1" changeset="32823700" timestamp="2015-07-23T11:41:17Z" user="maheshrkm" uid="2897465" lat="23.1767227" lon="80.0190572"/>
 <node id="3662921206" visible="true" version="1" changeset="32823700" timestamp="2015-07-23T11:41:17Z" user="maheshrkm" uid="2897465" lat="23.1767242" lon="80.0193052"/>
 <node id="3662921207" visible="true" version="1" changeset="32823700" timestamp="2015-07-23T11:41:17Z" user="maheshrkm" uid="2897465" lat="23.1767280" lon="80.0203216"/>
 <node id="3662921208" visible="true" version="1" changeset="32823700" timestamp="2015-07-23T11:41:17Z" user="maheshrkm" uid="2897465" lat="23.1767281" lon="80.0198066"/>
 <node id="3662921209" visible="true" version="1" changeset="32823700" timestamp="2015-07-23T11:41:17Z" user="maheshrkm" uid="2897465" lat="23.1767296" lon="80.0203262"/>
 <node id="3662921210" visible="true" version="1" changeset="32823700" timestamp="2015-07-23T11:41:17Z" user="maheshrkm" uid="2897465" lat="23.1767305" lon="80.0204416"/>
 <node id="3662921211" visible="true" version="1" changeset="32823700" timestamp="2015-07-23T11:41:17Z" user="maheshrkm" uid="2897465" lat="23.1767341" lon="80.0194919"/>
 <node id="3662921212" visible="true" version="1" changeset="32823700" timestamp="2015-07-23T11:41:17Z" user="maheshrkm" uid="2897465" lat="23.1767341" lon="80.0205041"/>
 <node id="3662921213" visible="true" version="1" changeset="32823700" timestamp="2015-07-23T11:41:17Z" user="maheshrkm" uid="2897465" lat="23.1767359" lon="80.0190976"/>
 <node id="3662921214" visible="true" version="1" changeset="32823700" timestamp="2015-07-23T11:41:17Z" user="maheshrkm" uid="2897465" lat="23.1767367" lon="80.0246916"/>
 <node id="3662921215" visible="true" version="1" changeset="32823700" timestamp="2015-07-23T11:41:17Z" user="maheshrkm" uid="2897465" lat="23.1767373" lon="80.0203669"/>
 <node id="3662921216" visible="true" version="1" changeset="32823700" timestamp="2015-07-23T11:41:17Z" user="maheshrkm" uid="2897465" lat="23.1767380" lon="80.0201400"/>
 <node id="3662921217" visible="true" version="1" changeset="32823700" timestamp="2015-07-23T11:41:17Z" user="maheshrkm" uid="2897465" lat="23.1767402" lon="80.0205706"/>
 <node id="3662921218" visible="true" version="1" changeset="32823700" timestamp="2015-07-23T11:41:17Z" user="maheshrkm" uid="2897465" lat="23.1767420" lon="80.0198496"/>
 <node id="3662921219" visible="true" version="1" changeset="32823700" timestamp="2015-07-23T11:41:17Z" user="maheshrkm" uid="2897465" lat="23.1767439" lon="80.0192690"/>
 <node id="3662921220" visible="true" version="1" changeset="32823700" timestamp="2015-07-23T11:41:17Z" user="maheshrkm" uid="2897465" lat="23.1767445" lon="80.0192318"/>
 <node id="3662921221" visible="true" version="1" changeset="32823700" timestamp="2015-07-23T11:41:17Z" user="maheshrkm" uid="2897465" lat="23.1767454" lon="80.0203898"/>
 <node id="3662921222" visible="true" version="1" changeset="32823700" timestamp="2015-07-23T11:41:17Z" user="maheshrkm" uid="2897465" lat="23.1767484" lon="80.0205626"/>
 <node id="3662921223" visible="true" version="1" changeset="32823700" timestamp="2015-07-23T11:41:17Z" user="maheshrkm" uid="2897465" lat="23.1767487" lon="80.0200777"/>
 <node id="3662921224" visible="true" version="1" changeset="32823700" timestamp="2015-07-23T11:41:17Z" user="maheshrkm" uid="2897465" lat="23.1767501" lon="80.0197908"/>
 <node id="3662921325" visible="true" version="1" changeset="32823700" timestamp="2015-07-23T11:41:17Z" user="maheshrkm" uid="2897465" lat="23.1767551" lon="80.0195566"/>
 <node id="3662921326" visible="true" version="1" changeset="32823700" timestamp="2015-07-23T11:41:17Z" user="maheshrkm" uid="2897465" lat="23.1767552" lon="80.0192647"/>
 <node id="3662921327" visible="true" version="1" changeset="32823700" timestamp="2015-07-23T11:41:17Z" user="maheshrkm" uid="2897465" lat="23.1767584" lon="80.0193135"/>
 <node id="3662921328" visible="true" version="1" changeset="32823700" timestamp="2015-07-23T11:41:17Z" user="maheshrkm" uid="2897465" lat="23.1767632" lon="80.0201186"/>
 <node id="3662921329" visible="true" version="1" changeset="32823700" timestamp="2015-07-23T11:41:17Z" user="maheshrkm" uid="2897465" lat="23.1767637" lon="80.0205989"/>
 <node id="3662921330" visible="true" version="1" changeset="32823700" timestamp="2015-07-23T11:41:17Z" user="maheshrkm" uid="2897465" lat="23.1767697" lon="80.0193091"/>
 <node id="3662921331" visible="true" version="1" changeset="32823700" timestamp="2015-07-23T11:41:17Z" user="maheshrkm" uid="2897465" lat="23.1767697" lon="80.0194450"/>
 <node id="3662921332" visible="true" version="1" changeset="32823700" timestamp="2015-07-23T11:41:17Z" user="maheshrkm" uid="2897465" lat="23.1767704" lon="80.0204706"/>
 <node id="3662921333" visible="true" version="1" changeset="32823700" timestamp="2015-07-23T11:41:17Z" user="maheshrkm" uid="2897465" lat="23.1767711" lon="80.0205916"/>
 <node id="3662921334" visible="true" version="1" changeset="32823700" timestamp="2015-07-23T11:41:17Z" user="maheshrkm" uid="2897465" lat="23.1767733" lon="80.0208634"/>
 <node id="3662921335" visible="true" version="1" changeset="32823700" timestamp="2015-07-23T11:41:17Z" user="maheshrkm" uid="2897465" lat="23.1767737" lon="80.0203517"/>
 <node id="3662921336" visible="true" version="1" changeset="32823700" timestamp="2015-07-23T11:41:17Z" user="maheshrkm" uid="2897465" lat="23.1767751" lon="80.0207935"/>
 <node id="3662921337" visible="true" version="1" changeset="32823700" timestamp="2015-07-23T11:41:17Z" user="maheshrkm" uid="2897465" lat="23.1767772" lon="80.0196296"/>
 <node id="3662921338" visible="true" version="1" changeset="32823700" timestamp="2015-07-23T11:41:17Z" user="maheshrkm" uid="2897465" lat="23.1767793" lon="80.0194745"/>
 <node id="3662921339" visible="true" version="1" changeset="32823700" timestamp="2015-07-23T11:41:17Z" user="maheshrkm" uid="2897465" lat="23.1767801" lon="80.0195963"/>
 <node id="3662921340" visible="true" version="1" changeset="32823700" timestamp="2015-07-23T11:41:17Z" user="maheshrkm" uid="2897465" lat="23.1767811" lon="80.0195993"/>
 <node id="3662921341" visible="true" version="1" changeset="32823700" timestamp="2015-07-23T11:41:17Z" user="maheshrkm" uid="2897465" lat="23.1767816" lon="80.0201109"/>
 <node id="3662921342" visible="true" version="1" changeset="32823700" timestamp="2015-07-23T11:41:17Z" user="maheshrkm" uid="2897465" lat="23.1767831" lon="80.0202680"/>
 <node id="3662921343" visible="true" version="1" changeset="32823700" timestamp="2015-07-23T11:41:17Z" user="maheshrkm" uid="2897465" lat="23.1767839" lon="80.0193530"/>
 <node id="3662921344" visible="true" version="1" changeset="32823700" timestamp="2015-07-23T11:41:17Z" user="maheshrkm" uid="2897465" lat="23.1767850" lon="80.0201205"/>
 <node id="3662921345" visible="true" version="1" changeset="32823700" timestamp="2015-07-23T11:41:18Z" user="maheshrkm" uid="2897465" lat="23.1767855" lon="80.0249554"/>
 <node id="3662921346" visible="true" version="1" changeset="32823700" timestamp="2015-07-23T11:41:18Z" user="maheshrkm" uid="2897465" lat="23.1767856" lon="80.0249559"/>
 <node id="3662921347" visible="true" version="1" changeset="32823700" timestamp="2015-07-23T11:41:18Z" user="maheshrkm" uid="2897465" lat="23.1767893" lon="80.0206297"/>
 <node id="3662921348" visible="true" version="1" changeset="32823700" timestamp="2015-07-23T11:41:18Z" user="maheshrkm" uid="2897465" lat="23.1767903" lon="80.0203988"/>
 <node id="3662921349" visible="true" version="1" changeset="32823700" timestamp="2015-07-23T11:41:18Z" user="maheshrkm" uid="2897465" lat="23.1767932" lon="80.0158512"/>
 <node id="3662921350" visible="true" version="1" changeset="32823700" timestamp="2015-07-23T11:41:18Z" user="maheshrkm" uid="2897465" lat="23.1767965" lon="80.0208135"/>
 <node id="3662921351" visible="true" version="1" changeset="32823700" timestamp="2015-07-23T11:41:18Z" user="maheshrkm" uid="2897465" lat="23.1768073" lon="80.0200984"/>
 <node id="3662921352" visible="true" version="1" changeset="32823700" timestamp="2015-07-23T11:41:18Z" user="maheshrkm" uid="2897465" lat="23.1768084" lon="80.0203912"/>
 <node id="3662921353" visible="true" version="1" changeset="32823700" timestamp="2015-07-23T11:41:18Z" user="maheshrkm" uid="2897465" lat="23.1768085" lon="80.0200527"/>
 <node id="3662921354" visible="true" version="1" changeset="32823700" timestamp="2015-07-23T11:41:18Z" user="maheshrkm" uid="2897465" lat="23.1768097" lon="80.0157683"/>
 <node id="3662921355" visible="true" version="1" changeset="32823700" timestamp="2015-07-23T11:41:18Z" user="maheshrkm" uid="2897465" lat="23.1768106" lon="80.0208213"/>
 <node id="3662921356" visible="true" version="1" changeset="32823700" timestamp="2015-07-23T11:41:18Z" user="maheshrkm" uid="2897465" lat="23.1768108" lon="80.0201083"/>
 <node id="3662921357" visible="true" version="1" changeset="32823700" timestamp="2015-07-23T11:41:18Z" user="maheshrkm" uid="2897465" lat="23.1768118" lon="80.0194531"/>
 <node id="3662921358" visible="true" version="1" changeset="32823700" timestamp="2015-07-23T11:41:18Z" user="maheshrkm" uid="2897465" lat="23.1768129" lon="80.0161181"/>
 <node id="3662921359" visible="true" version="1" changeset="32823700" timestamp="2015-07-23T11:41:18Z" user="maheshrkm" uid="2897465" lat="23.1768136" lon="80.0208148"/>
 <node id="3662921360" visible="true" version="1" changeset="32823700" timestamp="2015-07-23T11:41:18Z" user="maheshrkm" uid="2897465" lat="23.1768145" lon="80.0195830"/>
 <node id="3662921361" visible="true" version="1" changeset="32823700" timestamp="2015-07-23T11:41:18Z" user="maheshrkm" uid="2897465" lat="23.1768167" lon="80.0206496"/>
 <node id="3662921362" visible="true" version="1" changeset="32823700" timestamp="2015-07-23T11:41:18Z" user="maheshrkm" uid="2897465" lat="23.1768185" lon="80.0194986"/>
 <node id="3662921363" visible="true" version="1" changeset="32823700" timestamp="2015-07-23T11:41:18Z" user="maheshrkm" uid="2897465" lat="23.1768217" lon="80.0197664"/>
 <node id="3662921364" visible="true" version="1" changeset="32823700" timestamp="2015-07-23T11:41:18Z" user="maheshrkm" uid="2897465" lat="23.1768223" lon="80.0206173"/>
 <node id="3662921365" visible="true" version="1" changeset="32823700" timestamp="2015-07-23T11:41:18Z" user="maheshrkm" uid="2897465" lat="23.1768224" lon="80.0200921"/>
 <node id="3662921366" visible="true" version="1" changeset="32823700" timestamp="2015-07-23T11:41:18Z" user="maheshrkm" uid="2897465" lat="23.1768238" lon="80.0196117"/>
 <node id="3662921367" visible="true" version="1" changeset="32823700" timestamp="2015-07-23T11:41:18Z" user="maheshrkm" uid="2897465" lat="23.1768257" lon="80.0194958"/>
 <node id="3662921368" visible="true" version="1" changeset="32823700" timestamp="2015-07-23T11:41:18Z" user="maheshrkm" uid="2897465" lat="23.1768263" lon="80.0160105"/>
 <node id="3662921369" visible="true" version="1" changeset="32823700" timestamp="2015-07-23T11:41:18Z" user="maheshrkm" uid="2897465" lat="23.1768276" lon="80.0204457"/>
 <node id="3662921370" visible="true" version="1" changeset="32823700" timestamp="2015-07-23T11:41:18Z" user="maheshrkm" uid="2897465" lat="23.1768283" lon="80.0195288"/>
 <node id="3662921371" visible="true" version="1" changeset="32823700" timestamp="2015-07-23T11:41:18Z" user="maheshrkm" uid="2897465" lat="23.1768287" lon="80.0208940"/>
 <node id="3662921372" visible="true" version="1" changeset="32823700" timestamp="2015-07-23T11:41:18Z" user="maheshrkm" uid="2897465" lat="23.1768301" lon="80.0202484"/>
 <node id="3662921373" visible="true" version="1" changeset="32823700" timestamp="2015-07-23T11:41:18Z" user="maheshrkm" uid="2897465" lat="23.1768319" lon="80.0197802"/>
 <node id="3662921374" visible="true" version="1" changeset="32823700" timestamp="2015-07-23T11:41:18Z" user="maheshrkm" uid="2897465" lat="23.1768354" lon="80.0206643"/>
 <node id="3662921375" visible="true" version="1" changeset="32823700" timestamp="2015-07-23T11:41:18Z" user="maheshrkm" uid="2897465" lat="23.1768355" lon="80.0195261"/>
 <node id="3662921376" visible="true" version="1" changeset="32823700" timestamp="2015-07-23T11:41:18Z" user="maheshrkm" uid="2897465" lat="23.1768394" lon="80.0153297"/>
 <node id="3662921377" visible="true" version="1" changeset="32823700" timestamp="2015-07-23T11:41:18Z" user="maheshrkm" uid="2897465" lat="23.1768411" lon="80.0202797"/>
 <node id="3662921378" visible="true" version="1" changeset="32823700" timestamp="2015-07-23T11:41:18Z" user="maheshrkm" uid="2897465" lat="23.1768418" lon="80.0208385"/>
 <node id="3662921379" visible="true" version="1" changeset="32823700" timestamp="2015-07-23T11:41:18Z" user="maheshrkm" uid="2897465" lat="23.1768445" lon="80.0198190"/>
 <node id="3662921380" visible="true" version="1" changeset="32823700" timestamp="2015-07-23T11:41:18Z" user="maheshrkm" uid="2897465" lat="23.1768449" lon="80.0208320"/>
 <node id="3662921381" visible="true" version="1" changeset="32823700" timestamp="2015-07-23T11:41:18Z" user="maheshrkm" uid="2897465" lat="23.1768470" lon="80.0206337"/>
 <node id="3662921382" visible="true" version="1" changeset="32823700" timestamp="2015-07-23T11:41:18Z" user="maheshrkm" uid="2897465" lat="23.1768478" lon="80.0200928"/>
 <node id="3662921383" visible="true" version="1" changeset="32823700" timestamp="2015-07-23T11:41:18Z" user="maheshrkm" uid="2897465" lat="23.1768507" lon="80.0195727"/>
 <node id="3662921384" visible="true" version="1" changeset="32823700" timestamp="2015-07-23T11:41:18Z" user="maheshrkm" uid="2897465" lat="23.1768507" lon="80.0249410"/>
 <node id="3662921385" visible="true" version="1" changeset="32823700" timestamp="2015-07-23T11:41:19Z" user="maheshrkm" uid="2897465" lat="23.1768520" lon="80.0208441"/>
 <node id="3662921386" visible="true" version="1" changeset="32823700" timestamp="2015-07-23T11:41:19Z" user="maheshrkm" uid="2897465" lat="23.1768572" lon="80.0154792"/>
 <node id="3662921387" visible="true" version="1" changeset="32823700" timestamp="2015-07-23T11:41:19Z" user="maheshrkm" uid="2897465" lat="23.1768574" lon="80.0202404"/>
 <node id="3662921388" visible="true" version="1" changeset="32823700" timestamp="2015-07-23T11:41:19Z" user="maheshrkm" uid="2897465" lat="23.1768609" lon="80.0205793"/>
 <node id="3662921389" visible="true" version="1" changeset="32823700" timestamp="2015-07-23T11:41:19Z" user="maheshrkm" uid="2897465" lat="23.1768673" lon="80.0202687"/>
 <node id="3662921390" visible="true" version="1" changeset="32823700" timestamp="2015-07-23T11:41:19Z" user="maheshrkm" uid="2897465" lat="23.1768683" lon="80.0197485"/>
 <node id="3662921391" visible="true" version="1" changeset="32823700" timestamp="2015-07-23T11:41:19Z" user="maheshrkm" uid="2897465" lat="23.1768685" lon="80.0191842"/>
 <node id="3662921392" visible="true" version="1" changeset="32823700" timestamp="2015-07-23T11:41:19Z" user="maheshrkm" uid="2897465" lat="23.1768693" lon="80.0206830"/>
 <node id="3662921393" visible="true" version="1" changeset="32823700" timestamp="2015-07-23T11:41:19Z" user="maheshrkm" uid="2897465" lat="23.1768720" lon="80.0206772"/>
 <node id="3662921394" visible="true" version="1" changeset="32823700" timestamp="2015-07-23T11:41:19Z" user="maheshrkm" uid="2897465" lat="23.1768730" lon="80.0206461"/>
 <node id="3662921395" visible="true" version="1" changeset="32823700" timestamp="2015-07-23T11:41:19Z" user="maheshrkm" uid="2897465" lat="23.1768734" lon="80.0197642"/>
 <node id="3662921396" visible="true" version="1" changeset="32823700" timestamp="2015-07-23T11:41:19Z" user="maheshrkm" uid="2897465" lat="23.1768757" lon="80.0208490"/>
 <node id="3662921397" visible="true" version="1" changeset="32823700" timestamp="2015-07-23T11:41:19Z" user="maheshrkm" uid="2897465" lat="23.1768766" lon="80.0158709"/>
 <node id="3662921398" visible="true" version="1" changeset="32823700" timestamp="2015-07-23T11:41:19Z" user="maheshrkm" uid="2897465" lat="23.1768779" lon="80.0192131"/>
 <node id="3662921399" visible="true" version="1" changeset="32823700" timestamp="2015-07-23T11:41:19Z" user="maheshrkm" uid="2897465" lat="23.1768789" lon="80.0206333"/>
 <node id="3662921400" visible="true" version="1" changeset="32823700" timestamp="2015-07-23T11:41:19Z" user="maheshrkm" uid="2897465" lat="23.1768840" lon="80.0196745"/>
 <node id="3662921401" visible="true" version="1" changeset="32823700" timestamp="2015-07-23T11:41:19Z" user="maheshrkm" uid="2897465" lat="23.1768899" lon="80.0197181"/>
 <node id="3662921402" visible="true" version="1" changeset="32823700" timestamp="2015-07-23T11:41:19Z" user="maheshrkm" uid="2897465" lat="23.1768923" lon="80.0206407"/>
 <node id="3662921403" visible="true" version="1" changeset="32823700" timestamp="2015-07-23T11:41:19Z" user="maheshrkm" uid="2897465" lat="23.1768931" lon="80.0157880"/>
 <node id="3662921404" visible="true" version="1" changeset="32823700" timestamp="2015-07-23T11:41:19Z" user="maheshrkm" uid="2897465" lat="23.1768944" lon="80.0202249"/>
 <node id="3662921405" visible="true" version="1" changeset="32823700" timestamp="2015-07-23T11:41:19Z" user="maheshrkm" uid="2897465" lat="23.1768973" lon="80.0197153"/>
 <node id="3662921406" visible="true" version="1" changeset="32823700" timestamp="2015-07-23T11:41:19Z" user="maheshrkm" uid="2897465" lat="23.1768977" lon="80.0197661"/>
 <node id="3662921407" visible="true" version="1" changeset="32823700" timestamp="2015-07-23T11:41:19Z" user="maheshrkm" uid="2897465" lat="23.1768982" lon="80.0206989"/>
 <node id="3662921408" visible="true" version="1" changeset="32823700" timestamp="2015-07-23T11:41:19Z" user="maheshrkm" uid="2897465" lat="23.1768983" lon="80.0192760"/>
 <node id="3662921409" visible="true" version="1" changeset="32823700" timestamp="2015-07-23T11:41:19Z" user="maheshrkm" uid="2897465" lat="23.1769012" lon="80.0206925"/>
 <node id="3662921410" visible="true" version="1" changeset="32823700" timestamp="2015-07-23T11:41:19Z" user="maheshrkm" uid="2897465" lat="23.1769060" lon="80.0206112"/>
 <node id="3662921411" visible="true" version="1" changeset="32823700" timestamp="2015-07-23T11:41:19Z" user="maheshrkm" uid="2897465" lat="23.1769071" lon="80.0197950"/>
 <node id="3662921412" visible="true" version="1" changeset="32823700" timestamp="2015-07-23T11:41:19Z" user="maheshrkm" uid="2897465" lat="23.1769073" lon="80.0200128"/>
 <node id="3662921413" visible="true" version="1" changeset="32823700" timestamp="2015-07-23T11:41:19Z" user="maheshrkm" uid="2897465" lat="23.1769079" lon="80.0193054"/>
 <node id="3662921414" visible="true" version="1" changeset="32823700" timestamp="2015-07-23T11:41:19Z" user="maheshrkm" uid="2897465" lat="23.1769120" lon="80.0197606"/>
 <node id="3662921415" visible="true" version="1" changeset="32823700" timestamp="2015-07-23T11:41:19Z" user="maheshrkm" uid="2897465" lat="23.1769156" lon="80.0249333"/>
 <node id="3662921416" visible="true" version="1" changeset="32823700" timestamp="2015-07-23T11:41:19Z" user="maheshrkm" uid="2897465" lat="23.1769208" lon="80.0200512"/>
 <node id="3662921417" visible="true" version="1" changeset="32823700" timestamp="2015-07-23T11:41:19Z" user="maheshrkm" uid="2897465" lat="23.1769210" lon="80.0206701"/>
 <node id="3662921418" visible="true" version="1" changeset="32823700" timestamp="2015-07-23T11:41:19Z" user="maheshrkm" uid="2897465" lat="23.1769216" lon="80.0206569"/>
 <node id="3662921419" visible="true" version="1" changeset="32823700" timestamp="2015-07-23T11:41:19Z" user="maheshrkm" uid="2897465" lat="23.1769230" lon="80.0197944"/>
 <node id="3662921420" visible="true" version="1" changeset="32823700" timestamp="2015-07-23T11:41:19Z" user="maheshrkm" uid="2897465" lat="23.1769244" lon="80.0200612"/>
 <node id="3662921421" visible="true" version="1" changeset="32823700" timestamp="2015-07-23T11:41:19Z" user="maheshrkm" uid="2897465" lat="23.1769260" lon="80.0206593"/>
 <node id="3662921422" visible="true" version="1" changeset="32823700" timestamp="2015-07-23T11:41:19Z" user="maheshrkm" uid="2897465" lat="23.1769280" lon="80.0191939"/>
 <node id="3662921423" visible="true" version="1" changeset="32823700" timestamp="2015-07-23T11:41:19Z" user="maheshrkm" uid="2897465" lat="23.1769315" lon="80.0153168"/>
 <node id="3662921424" visible="true" version="1" changeset="32823700" timestamp="2015-07-23T11:41:19Z" user="maheshrkm" uid="2897465" lat="23.1769354" lon="80.0206274"/>
 <node id="3662921525" visible="true" version="1" changeset="32823700" timestamp="2015-07-23T11:41:19Z" user="maheshrkm" uid="2897465" lat="23.1769359" lon="80.0207197"/>
 <node id="3662921526" visible="true" version="1" changeset="32823700" timestamp="2015-07-23T11:41:19Z" user="maheshrkm" uid="2897465" lat="23.1769404" lon="80.0203440"/>
 <node id="3662921527" visible="true" version="1" changeset="32823700" timestamp="2015-07-23T11:41:19Z" user="maheshrkm" uid="2897465" lat="23.1769407" lon="80.0206827"/>
 <node id="3662921528" visible="true" version="1" changeset="32823700" timestamp="2015-07-23T11:41:19Z" user="maheshrkm" uid="2897465" lat="23.1769414" lon="80.0194033"/>
 <node id="3662921529" visible="true" version="1" changeset="32823700" timestamp="2015-07-23T11:41:19Z" user="maheshrkm" uid="2897465" lat="23.1769484" lon="80.0192567"/>
 <node id="3662921530" visible="true" version="1" changeset="32823700" timestamp="2015-07-23T11:41:19Z" user="maheshrkm" uid="2897465" lat="23.1769493" lon="80.0154662"/>
 <node id="3662921531" visible="true" version="1" changeset="32823700" timestamp="2015-07-23T11:41:19Z" user="maheshrkm" uid="2897465" lat="23.1769505" lon="80.0194314"/>
 <node id="3662921532" visible="true" version="1" changeset="32823700" timestamp="2015-07-23T11:41:19Z" user="maheshrkm" uid="2897465" lat="23.1769509" lon="80.0202832"/>
 <node id="3662921533" visible="true" version="1" changeset="32823700" timestamp="2015-07-23T11:41:19Z" user="maheshrkm" uid="2897465" lat="23.1769572" lon="80.0203916"/>
 <node id="3662921534" visible="true" version="1" changeset="32823700" timestamp="2015-07-23T11:41:19Z" user="maheshrkm" uid="2897465" lat="23.1769634" lon="80.0207228"/>
 <node id="3662921535" visible="true" version="1" changeset="32823700" timestamp="2015-07-23T11:41:19Z" user="maheshrkm" uid="2897465" lat="23.1769658" lon="80.0200325"/>
 <node id="3662921536" visible="true" version="1" changeset="32823700" timestamp="2015-07-23T11:41:19Z" user="maheshrkm" uid="2897465" lat="23.1769683" lon="80.0203324"/>
 <node id="3662921537" visible="true" version="1" changeset="32823700" timestamp="2015-07-23T11:41:19Z" user="maheshrkm" uid="2897465" lat="23.1769692" lon="80.0208762"/>
 <node id="3662921538" visible="true" version="1" changeset="32823700" timestamp="2015-07-23T11:41:20Z" user="maheshrkm" uid="2897465" lat="23.1769693" lon="80.0200425"/>
 <node id="3662921539" visible="true" version="1" changeset="32823700" timestamp="2015-07-23T11:41:20Z" user="maheshrkm" uid="2897465" lat="23.1769718" lon="80.0194969"/>
 <node id="3662921540" visible="true" version="1" changeset="32823700" timestamp="2015-07-23T11:41:20Z" user="maheshrkm" uid="2897465" lat="23.1769741" lon="80.0202024"/>
 <node id="3662921541" visible="true" version="1" changeset="32823700" timestamp="2015-07-23T11:41:20Z" user="maheshrkm" uid="2897465" lat="23.1769752" lon="80.0199844"/>
 <node id="3662921542" visible="true" version="1" changeset="32823700" timestamp="2015-07-23T11:41:20Z" user="maheshrkm" uid="2897465" lat="23.1769758" lon="80.0207319"/>
 <node id="3662921543" visible="true" version="1" changeset="32823700" timestamp="2015-07-23T11:41:20Z" user="maheshrkm" uid="2897465" lat="23.1769799" lon="80.0206978"/>
 <node id="3662921544" visible="true" version="1" changeset="32823700" timestamp="2015-07-23T11:41:20Z" user="maheshrkm" uid="2897465" lat="23.1769802" lon="80.0195229"/>
 <node id="3662921545" visible="true" version="1" changeset="32823700" timestamp="2015-07-23T11:41:20Z" user="maheshrkm" uid="2897465" lat="23.1769802" lon="80.0249273"/>
 <node id="3662921546" visible="true" version="1" changeset="32823700" timestamp="2015-07-23T11:41:20Z" user="maheshrkm" uid="2897465" lat="23.1769826" lon="80.0206409"/>
 <node id="3662921547" visible="true" version="1" changeset="32823700" timestamp="2015-07-23T11:41:20Z" user="maheshrkm" uid="2897465" lat="23.1769874" lon="80.0200191"/>
 <node id="3662921548" visible="true" version="1" changeset="32823700" timestamp="2015-07-23T11:41:20Z" user="maheshrkm" uid="2897465" lat="23.1769908" lon="80.0202986"/>
 <node id="3662921549" visible="true" version="1" changeset="32823700" timestamp="2015-07-23T11:41:20Z" user="maheshrkm" uid="2897465" lat="23.1769944" lon="80.0209378"/>
 <node id="3662921550" visible="true" version="1" changeset="32823700" timestamp="2015-07-23T11:41:20Z" user="maheshrkm" uid="2897465" lat="23.1769960" lon="80.0202644"/>
 <node id="3662921551" visible="true" version="1" changeset="32823700" timestamp="2015-07-23T11:41:20Z" user="maheshrkm" uid="2897465" lat="23.1769968" lon="80.0208843"/>
 <node id="3662921552" visible="true" version="1" changeset="32823700" timestamp="2015-07-23T11:41:20Z" user="maheshrkm" uid="2897465" lat="23.1769976" lon="80.0200479"/>
 <node id="3662921553" visible="true" version="1" changeset="32823700" timestamp="2015-07-23T11:41:20Z" user="maheshrkm" uid="2897465" lat="23.1769994" lon="80.0199796"/>
 <node id="3662921554" visible="true" version="1" changeset="32823700" timestamp="2015-07-23T11:41:20Z" user="maheshrkm" uid="2897465" lat="23.1770031" lon="80.0194111"/>
 <node id="3662921555" visible="true" version="1" changeset="32823700" timestamp="2015-07-23T11:41:20Z" user="maheshrkm" uid="2897465" lat="23.1770058" lon="80.0202924"/>
 <node id="3662921556" visible="true" version="1" changeset="32823700" timestamp="2015-07-23T11:41:20Z" user="maheshrkm" uid="2897465" lat="23.1770063" lon="80.0203426"/>
 <node id="3662921557" visible="true" version="1" changeset="32823700" timestamp="2015-07-23T11:41:20Z" user="maheshrkm" uid="2897465" lat="23.1770091" lon="80.0201878"/>
 <node id="3662921558" visible="true" version="1" changeset="32823700" timestamp="2015-07-23T11:41:20Z" user="maheshrkm" uid="2897465" lat="23.1770100" lon="80.0200096"/>
 <node id="3662921559" visible="true" version="1" changeset="32823700" timestamp="2015-07-23T11:41:20Z" user="maheshrkm" uid="2897465" lat="23.1770147" lon="80.0203618"/>
 <node id="3662921560" visible="true" version="1" changeset="32823700" timestamp="2015-07-23T11:41:20Z" user="maheshrkm" uid="2897465" lat="23.1770158" lon="80.0202068"/>
 <node id="3662921561" visible="true" version="1" changeset="32823700" timestamp="2015-07-23T11:41:20Z" user="maheshrkm" uid="2897465" lat="23.1770162" lon="80.0196237"/>
 <node id="3662921562" visible="true" version="1" changeset="32823700" timestamp="2015-07-23T11:41:20Z" user="maheshrkm" uid="2897465" lat="23.1770202" lon="80.0200385"/>
 <node id="3662921563" visible="true" version="1" changeset="32823700" timestamp="2015-07-23T11:41:20Z" user="maheshrkm" uid="2897465" lat="23.1770212" lon="80.0208856"/>
 <node id="3662921564" visible="true" version="1" changeset="32823700" timestamp="2015-07-23T11:41:20Z" user="maheshrkm" uid="2897465" lat="23.1770215" lon="80.0208791"/>
 <node id="3662921565" visible="true" version="1" changeset="32823700" timestamp="2015-07-23T11:41:20Z" user="maheshrkm" uid="2897465" lat="23.1770244" lon="80.0194767"/>
 <node id="3662921566" visible="true" version="1" changeset="32823700" timestamp="2015-07-23T11:41:20Z" user="maheshrkm" uid="2897465" lat="23.1770254" lon="80.0196520"/>
 <node id="3662921567" visible="true" version="1" changeset="32823700" timestamp="2015-07-23T11:41:20Z" user="maheshrkm" uid="2897465" lat="23.1770255" lon="80.0207346"/>
 <node id="3662921568" visible="true" version="1" changeset="32823700" timestamp="2015-07-23T11:41:20Z" user="maheshrkm" uid="2897465" lat="23.1770260" lon="80.0207236"/>
 <node id="3662921569" visible="true" version="1" changeset="32823700" timestamp="2015-07-23T11:41:20Z" user="maheshrkm" uid="2897465" lat="23.1770357" lon="80.0243869"/>
 <node id="3662921570" visible="true" version="1" changeset="32823700" timestamp="2015-07-23T11:41:20Z" user="maheshrkm" uid="2897465" lat="23.1770378" lon="80.0200885"/>
 <node id="3662921571" visible="true" version="1" changeset="32823700" timestamp="2015-07-23T11:41:20Z" user="maheshrkm" uid="2897465" lat="23.1770402" lon="80.0246472"/>
 <node id="3662921572" visible="true" version="1" changeset="32823700" timestamp="2015-07-23T11:41:20Z" user="maheshrkm" uid="2897465" lat="23.1770439" lon="80.0249278"/>
 <node id="3662921573" visible="true" version="1" changeset="32823700" timestamp="2015-07-23T11:41:20Z" user="maheshrkm" uid="2897465" lat="23.1770469" lon="80.0203257"/>
 <node id="3662921574" visible="true" version="1" changeset="32823700" timestamp="2015-07-23T11:41:20Z" user="maheshrkm" uid="2897465" lat="23.1770477" lon="80.0197207"/>
 <node id="3662921575" visible="true" version="1" changeset="32823700" timestamp="2015-07-23T11:41:20Z" user="maheshrkm" uid="2897465" lat="23.1770490" lon="80.0208871"/>
 <node id="3662921576" visible="true" version="1" changeset="32823700" timestamp="2015-07-23T11:41:20Z" user="maheshrkm" uid="2897465" lat="23.1770493" lon="80.0208806"/>
 <node id="3662921577" visible="true" version="1" changeset="32823700" timestamp="2015-07-23T11:41:20Z" user="maheshrkm" uid="2897465" lat="23.1770539" lon="80.0203455"/>
 <node id="3662921578" visible="true" version="1" changeset="32823700" timestamp="2015-07-23T11:41:20Z" user="maheshrkm" uid="2897465" lat="23.1770552" lon="80.0197435"/>
 <node id="3662921579" visible="true" version="1" changeset="32823700" timestamp="2015-07-23T11:41:20Z" user="maheshrkm" uid="2897465" lat="23.1770556" lon="80.0207363"/>
 <node id="3662921580" visible="true" version="1" changeset="32823700" timestamp="2015-07-23T11:41:20Z" user="maheshrkm" uid="2897465" lat="23.1770561" lon="80.0207240"/>
 <node id="3662921581" visible="true" version="1" changeset="32823700" timestamp="2015-07-23T11:41:20Z" user="maheshrkm" uid="2897465" lat="23.1770584" lon="80.0209413"/>
 <node id="3662921582" visible="true" version="1" changeset="32823700" timestamp="2015-07-23T11:41:20Z" user="maheshrkm" uid="2897465" lat="23.1770608" lon="80.0208878"/>
 <node id="3662921583" visible="true" version="1" changeset="32823700" timestamp="2015-07-23T11:41:20Z" user="maheshrkm" uid="2897465" lat="23.1770609" lon="80.0201975"/>
 <node id="3662921584" visible="true" version="1" changeset="32823700" timestamp="2015-07-23T11:41:20Z" user="maheshrkm" uid="2897465" lat="23.1770626" lon="80.0204976"/>
 <node id="3662921585" visible="true" version="1" changeset="32823700" timestamp="2015-07-23T11:41:20Z" user="maheshrkm" uid="2897465" lat="23.1770637" lon="80.0202353"/>
 <node id="3662921586" visible="true" version="1" changeset="32823700" timestamp="2015-07-23T11:41:20Z" user="maheshrkm" uid="2897465" lat="23.1770726" lon="80.0196338"/>
 <node id="3662921587" visible="true" version="1" changeset="32823700" timestamp="2015-07-23T11:41:20Z" user="maheshrkm" uid="2897465" lat="23.1770728" lon="80.0202315"/>
 <node id="3662921588" visible="true" version="1" changeset="32823700" timestamp="2015-07-23T11:41:20Z" user="maheshrkm" uid="2897465" lat="23.1770746" lon="80.0203054"/>
 <node id="3662921589" visible="true" version="1" changeset="32823700" timestamp="2015-07-23T11:41:21Z" user="maheshrkm" uid="2897465" lat="23.1770777" lon="80.0202753"/>
 <node id="3662921590" visible="true" version="1" changeset="32823700" timestamp="2015-07-23T11:41:21Z" user="maheshrkm" uid="2897465" lat="23.1770812" lon="80.0203242"/>
 <node id="3662921591" visible="true" version="1" changeset="32823700" timestamp="2015-07-23T11:41:21Z" user="maheshrkm" uid="2897465" lat="23.1770866" lon="80.0203004"/>
 <node id="3662921592" visible="true" version="1" changeset="32823700" timestamp="2015-07-23T11:41:21Z" user="maheshrkm" uid="2897465" lat="23.1770869" lon="80.0202714"/>
 <node id="3662921593" visible="true" version="2" changeset="178018311" timestamp="2026-02-02T18:01:05Z" user="rajdhani" uid="20051396" lat="23.1770614" lon="80.0212945"/>
 <node id="3662921594" visible="true" version="1" changeset="32823700" timestamp="2015-07-23T11:41:21Z" user="maheshrkm" uid="2897465" lat="23.1770884" lon="80.0208827"/>
 <node id="3662921595" visible="true" version="1" changeset="32823700" timestamp="2015-07-23T11:41:21Z" user="maheshrkm" uid="2897465" lat="23.1770950" lon="80.0197025"/>
 <node id="3662921596" visible="true" version="1" changeset="32823700" timestamp="2015-07-23T11:41:21Z" user="maheshrkm" uid="2897465" lat="23.1770951" lon="80.0207384"/>
 <node id="3662921597" visible="true" version="1" changeset="32823700" timestamp="2015-07-23T11:41:21Z" user="maheshrkm" uid="2897465" lat="23.1770993" lon="80.0203067"/>
 <node id="3662921598" visible="true" version="1" changeset="32823700" timestamp="2015-07-23T11:41:21Z" user="maheshrkm" uid="2897465" lat="23.1771037" lon="80.0204805"/>
 <node id="3662921599" visible="true" version="1" changeset="32823700" timestamp="2015-07-23T11:41:21Z" user="maheshrkm" uid="2897465" lat="23.1771061" lon="80.0206994"/>
 <node id="3662921600" visible="true" version="1" changeset="32823700" timestamp="2015-07-23T11:41:21Z" user="maheshrkm" uid="2897465" lat="23.1771084" lon="80.0206477"/>
 <node id="3662921601" visible="true" version="1" changeset="32823700" timestamp="2015-07-23T11:41:21Z" user="maheshrkm" uid="2897465" lat="23.1771119" lon="80.0204114"/>
 <node id="3662921602" visible="true" version="1" changeset="32823700" timestamp="2015-07-23T11:41:21Z" user="maheshrkm" uid="2897465" lat="23.1771120" lon="80.0199326"/>
 <node id="3662921603" visible="true" version="1" changeset="32823700" timestamp="2015-07-23T11:41:21Z" user="maheshrkm" uid="2897465" lat="23.1771183" lon="80.0206994"/>
 <node id="3662921604" visible="true" version="1" changeset="32823700" timestamp="2015-07-23T11:41:21Z" user="maheshrkm" uid="2897465" lat="23.1771183" lon="80.0206995"/>
 <node id="3662921605" visible="true" version="2" changeset="178018311" timestamp="2026-02-02T18:01:05Z" user="rajdhani" uid="20051396" lat="23.1771059" lon="80.0213077"/>
 <node id="3662921606" visible="true" version="1" changeset="32823700" timestamp="2015-07-23T11:41:21Z" user="maheshrkm" uid="2897465" lat="23.1771245" lon="80.0199682"/>
 <node id="3662921607" visible="true" version="1" changeset="32823700" timestamp="2015-07-23T11:41:21Z" user="maheshrkm" uid="2897465" lat="23.1771273" lon="80.0207249"/>
 <node id="3662921608" visible="true" version="1" changeset="32823700" timestamp="2015-07-23T11:41:21Z" user="maheshrkm" uid="2897465" lat="23.1771279" lon="80.0204569"/>
 <node id="3662921609" visible="true" version="2" changeset="178018311" timestamp="2026-02-02T18:01:05Z" user="rajdhani" uid="20051396" lat="23.1771023" lon="80.0211310"/>
 <node id="3662921610" visible="true" version="2" changeset="178018311" timestamp="2026-02-02T18:01:05Z" user="rajdhani" uid="20051396" lat="23.1771123" lon="80.0212820"/>
 <node id="3662921611" visible="true" version="1" changeset="32823700" timestamp="2015-07-23T11:41:21Z" user="maheshrkm" uid="2897465" lat="23.1771335" lon="80.0204107"/>
 <node id="3662921612" visible="true" version="1" changeset="32823700" timestamp="2015-07-23T11:41:21Z" user="maheshrkm" uid="2897465" lat="23.1771352" lon="80.0199464"/>
 <node id="3662921613" visible="true" version="1" changeset="32823700" timestamp="2015-07-23T11:41:21Z" user="maheshrkm" uid="2897465" lat="23.1771354" lon="80.0199991"/>
 <node id="3662921614" visible="true" version="1" changeset="32823700" timestamp="2015-07-23T11:41:21Z" user="maheshrkm" uid="2897465" lat="23.1771356" lon="80.0204911"/>
 <node id="3662921615" visible="true" version="1" changeset="32823700" timestamp="2015-07-23T11:41:21Z" user="maheshrkm" uid="2897465" lat="23.1771405" lon="80.0199616"/>
 <node id="3662921616" visible="true" version="1" changeset="32823700" timestamp="2015-07-23T11:41:21Z" user="maheshrkm" uid="2897465" lat="23.1771419" lon="80.0207424"/>
 <node id="3662921617" visible="true" version="1" changeset="32823700" timestamp="2015-07-23T11:41:21Z" user="maheshrkm" uid="2897465" lat="23.1771470" lon="80.0204489"/>
 <node id="3662921618" visible="true" version="1" changeset="32823700" timestamp="2015-07-23T11:41:21Z" user="maheshrkm" uid="2897465" lat="23.1771504" lon="80.0200416"/>
 <node id="3662921619" visible="true" version="1" changeset="32823700" timestamp="2015-07-23T11:41:21Z" user="maheshrkm" uid="2897465" lat="23.1771514" lon="80.0199924"/>
 <node id="3662921620" visible="true" version="1" changeset="32823700" timestamp="2015-07-23T11:41:21Z" user="maheshrkm" uid="2897465" lat="23.1771573" lon="80.0200092"/>
 <node id="3662921621" visible="true" version="1" changeset="32823700" timestamp="2015-07-23T11:41:21Z" user="maheshrkm" uid="2897465" lat="23.1771585" lon="80.0204815"/>
 <node id="3662921622" visible="true" version="2" changeset="178018311" timestamp="2026-02-02T18:01:05Z" user="rajdhani" uid="20051396" lat="23.1771420" lon="80.0211674"/>
 <node id="3662921623" visible="true" version="2" changeset="178018311" timestamp="2026-02-02T18:01:05Z" user="rajdhani" uid="20051396" lat="23.1771478" lon="80.0211444"/>
 <node id="3662921624" visible="true" version="1" changeset="32823700" timestamp="2015-07-23T11:41:21Z" user="maheshrkm" uid="2897465" lat="23.1771704" lon="80.0199317"/>
 <node id="3662921625" visible="true" version="2" changeset="178018311" timestamp="2026-02-02T18:01:05Z" user="rajdhani" uid="20051396" lat="23.1771458" lon="80.0213237"/>
 <node id="3662921626" visible="true" version="1" changeset="32823700" timestamp="2015-07-23T11:41:21Z" user="maheshrkm" uid="2897465" lat="23.1771728" lon="80.0206766"/>
 <node id="3662921627" visible="true" version="1" changeset="32823700" timestamp="2015-07-23T11:41:21Z" user="maheshrkm" uid="2897465" lat="23.1771733" lon="80.0205237"/>
 <node id="3662921628" visible="true" version="2" changeset="178018311" timestamp="2026-02-02T18:01:05Z" user="rajdhani" uid="20051396" lat="23.1771532" lon="80.0212941"/>
 <node id="3662921629" visible="true" version="2" changeset="178018311" timestamp="2026-02-02T18:01:05Z" user="rajdhani" uid="20051396" lat="23.1771600" lon="80.0213761"/>
 <node id="3662921630" visible="true" version="1" changeset="32823700" timestamp="2015-07-23T11:41:22Z" user="maheshrkm" uid="2897465" lat="23.1771818" lon="80.0207022"/>
 <node id="3662921631" visible="true" version="1" changeset="32823700" timestamp="2015-07-23T11:41:22Z" user="maheshrkm" uid="2897465" lat="23.1771828" lon="80.0201467"/>
 <node id="3662921632" visible="true" version="1" changeset="32823700" timestamp="2015-07-23T11:41:22Z" user="maheshrkm" uid="2897465" lat="23.1771872" lon="80.0208710"/>
 <node id="3662921633" visible="true" version="1" changeset="32823700" timestamp="2015-07-23T11:41:22Z" user="maheshrkm" uid="2897465" lat="23.1771891" lon="80.0207227"/>
 <node id="3662921634" visible="true" version="2" changeset="178018311" timestamp="2026-02-02T18:01:05Z" user="rajdhani" uid="20051396" lat="23.1771712" lon="80.0213313"/>
 <node id="3662921635" visible="true" version="1" changeset="32823700" timestamp="2015-07-23T11:41:22Z" user="maheshrkm" uid="2897465" lat="23.1771925" lon="80.0199945"/>
 <node id="3662921636" visible="true" version="1" changeset="32823700" timestamp="2015-07-23T11:41:22Z" user="maheshrkm" uid="2897465" lat="23.1771942" lon="80.0206574"/>
 <node id="3662921637" visible="true" version="1" changeset="32823700" timestamp="2015-07-23T11:41:22Z" user="maheshrkm" uid="2897465" lat="23.1771946" lon="80.0246814"/>
 <node id="3662921638" visible="true" version="1" changeset="32823700" timestamp="2015-07-23T11:41:22Z" user="maheshrkm" uid="2897465" lat="23.1771952" lon="80.0246483"/>
 <node id="3662921639" visible="true" version="1" changeset="32823700" timestamp="2015-07-23T11:41:22Z" user="maheshrkm" uid="2897465" lat="23.1771972" lon="80.0201875"/>
 <node id="3662921640" visible="true" version="2" changeset="178018311" timestamp="2026-02-02T18:01:05Z" user="rajdhani" uid="20051396" lat="23.1771881" lon="80.0211810"/>
 <node id="3662921641" visible="true" version="2" changeset="178018311" timestamp="2026-02-02T18:01:05Z" user="rajdhani" uid="20051396" lat="23.1771885" lon="80.0213845"/>
 <node id="3662921642" visible="true" version="1" changeset="32823700" timestamp="2015-07-23T11:41:22Z" user="maheshrkm" uid="2897465" lat="23.1772086" lon="80.0206981"/>
 <node id="3662921643" visible="true" version="1" changeset="32823700" timestamp="2015-07-23T11:41:22Z" user="maheshrkm" uid="2897465" lat="23.1772087" lon="80.0202203"/>
 <node id="3662921644" visible="true" version="1" changeset="32823700" timestamp="2015-07-23T11:41:22Z" user="maheshrkm" uid="2897465" lat="23.1772094" lon="80.0201653"/>
 <node id="3662921645" visible="true" version="1" changeset="32823700" timestamp="2015-07-23T11:41:22Z" user="maheshrkm" uid="2897465" lat="23.1772136" lon="80.0207125"/>
 <node id="3662921646" visible="true" version="1" changeset="32823700" timestamp="2015-07-23T11:41:22Z" user="maheshrkm" uid="2897465" lat="23.1772147" lon="80.0201802"/>
 <node id="3662921647" visible="true" version="2" changeset="178018311" timestamp="2026-02-02T18:01:05Z" user="rajdhani" uid="20051396" lat="23.1771949" lon="80.0211541"/>
 <node id="3662921648" visible="true" version="1" changeset="32823700" timestamp="2015-07-23T11:41:22Z" user="maheshrkm" uid="2897465" lat="23.1772159" lon="80.0208710"/>
 <node id="3662921649" visible="true" version="2" changeset="178018311" timestamp="2026-02-02T18:01:05Z" user="rajdhani" uid="20051396" lat="23.1771948" lon="80.0213593"/>
 <node id="3662921650" visible="true" version="1" changeset="32823700" timestamp="2015-07-23T11:41:22Z" user="maheshrkm" uid="2897465" lat="23.1772197" lon="80.0246806"/>
 <node id="3662921651" visible="true" version="1" changeset="32823700" timestamp="2015-07-23T11:41:22Z" user="maheshrkm" uid="2897465" lat="23.1772203" lon="80.0246475"/>
 <node id="3662921652" visible="true" version="1" changeset="32823700" timestamp="2015-07-23T11:41:22Z" user="maheshrkm" uid="2897465" lat="23.1772213" lon="80.0202558"/>
 <node id="3662921653" visible="true" version="2" changeset="178018311" timestamp="2026-02-02T18:01:05Z" user="rajdhani" uid="20051396" lat="23.1772032" lon="80.0214083"/>
 <node id="3662921654" visible="true" version="1" changeset="32823700" timestamp="2015-07-23T11:41:22Z" user="maheshrkm" uid="2897465" lat="23.1772262" lon="80.0202130"/>
 <node id="3662921655" visible="true" version="2" changeset="178018311" timestamp="2026-02-02T18:01:05Z" user="rajdhani" uid="20051396" lat="23.1772095" lon="80.0211585"/>
 <node id="3662921656" visible="true" version="1" changeset="32823700" timestamp="2015-07-23T11:41:22Z" user="maheshrkm" uid="2897465" lat="23.1772306" lon="80.0209128"/>
 <node id="3662921657" visible="true" version="1" changeset="32823700" timestamp="2015-07-23T11:41:22Z" user="maheshrkm" uid="2897465" lat="23.1772312" lon="80.0202272"/>
 <node id="3662921658" visible="true" version="2" changeset="178018311" timestamp="2026-02-02T18:01:05Z" user="rajdhani" uid="20051396" lat="23.1772140" lon="80.0213650"/>
 <node id="3662921659" visible="true" version="2" changeset="178018311" timestamp="2026-02-02T18:01:05Z" user="rajdhani" uid="20051396" lat="23.1772189" lon="80.0211209"/>
 <node id="3662921660" visible="true" version="1" changeset="32823700" timestamp="2015-07-23T11:41:22Z" user="maheshrkm" uid="2897465" lat="23.1772376" lon="80.0208500"/>
 <node id="3662921661" visible="true" version="1" changeset="32823700" timestamp="2015-07-23T11:41:22Z" user="maheshrkm" uid="2897465" lat="23.1772406" lon="80.0206380"/>
 <node id="3662921662" visible="true" version="1" changeset="32823700" timestamp="2015-07-23T11:41:22Z" user="maheshrkm" uid="2897465" lat="23.1772412" lon="80.0208604"/>
 <node id="3662921663" visible="true" version="1" changeset="32823700" timestamp="2015-07-23T11:41:22Z" user="maheshrkm" uid="2897465" lat="23.1772423" lon="80.0201515"/>
 <node id="3662921664" visible="true" version="1" changeset="32823700" timestamp="2015-07-23T11:41:22Z" user="maheshrkm" uid="2897465" lat="23.1772485" lon="80.0203627"/>
 <node id="3662921665" visible="true" version="1" changeset="32823700" timestamp="2015-07-23T11:41:22Z" user="maheshrkm" uid="2897465" lat="23.1772501" lon="80.0206973"/>
 <node id="3662921666" visible="true" version="1" changeset="32823700" timestamp="2015-07-23T11:41:22Z" user="maheshrkm" uid="2897465" lat="23.1772545" lon="80.0202556"/>
 <node id="3662921667" visible="true" version="1" changeset="32823700" timestamp="2015-07-23T11:41:22Z" user="maheshrkm" uid="2897465" lat="23.1772550" lon="80.0206788"/>
 <node id="3662921668" visible="true" version="1" changeset="32823700" timestamp="2015-07-23T11:41:22Z" user="maheshrkm" uid="2897465" lat="23.1772570" lon="80.0208419"/>
 <node id="3662921669" visible="true" version="2" changeset="178018311" timestamp="2026-02-02T18:01:05Z" user="rajdhani" uid="20051396" lat="23.1772433" lon="80.0211453"/>
 <node id="3662921670" visible="true" version="1" changeset="32823700" timestamp="2015-07-23T11:41:22Z" user="maheshrkm" uid="2897465" lat="23.1772606" lon="80.0208523"/>
 <node id="3662921671" visible="true" version="1" changeset="32823700" timestamp="2015-07-23T11:41:22Z" user="maheshrkm" uid="2897465" lat="23.1772629" lon="80.0204038"/>
 <node id="3662921672" visible="true" version="1" changeset="32823700" timestamp="2015-07-23T11:41:22Z" user="maheshrkm" uid="2897465" lat="23.1772642" lon="80.0202134"/>
 <node id="3662921673" visible="true" version="2" changeset="178018311" timestamp="2026-02-02T18:01:05Z" user="rajdhani" uid="20051396" lat="23.1772473" lon="80.0211293"/>
 <node id="3662921674" visible="true" version="1" changeset="32823700" timestamp="2015-07-23T11:41:22Z" user="maheshrkm" uid="2897465" lat="23.1772709" lon="80.0203820"/>
 <node id="3662921675" visible="true" version="1" changeset="32823700" timestamp="2015-07-23T11:41:22Z" user="maheshrkm" uid="2897465" lat="23.1772737" lon="80.0208469"/>
 <node id="3662921676" visible="true" version="1" changeset="32823700" timestamp="2015-07-23T11:41:22Z" user="maheshrkm" uid="2897465" lat="23.1772745" lon="80.0204368"/>
 <node id="3662921677" visible="true" version="1" changeset="32823700" timestamp="2015-07-23T11:41:22Z" user="maheshrkm" uid="2897465" lat="23.1772766" lon="80.0203981"/>
 <node id="3662921678" visible="true" version="2" changeset="178018311" timestamp="2026-02-02T18:01:05Z" user="rajdhani" uid="20051396" lat="23.1772608" lon="80.0211505"/>
 <node id="3662921679" visible="true" version="1" changeset="32823700" timestamp="2015-07-23T11:41:22Z" user="maheshrkm" uid="2897465" lat="23.1772839" lon="80.0203434"/>
 <node id="3662921680" visible="true" version="1" changeset="32823700" timestamp="2015-07-23T11:41:22Z" user="maheshrkm" uid="2897465" lat="23.1772853" lon="80.0252013"/>
 <node id="3662921681" visible="true" version="1" changeset="32823700" timestamp="2015-07-23T11:41:22Z" user="maheshrkm" uid="2897465" lat="23.1772882" lon="80.0204311"/>
 <node id="3662921682" visible="true" version="1" changeset="32823700" timestamp="2015-07-23T11:41:22Z" user="maheshrkm" uid="2897465" lat="23.1772883" lon="80.0204758"/>
 <node id="3662921683" visible="true" version="1" changeset="32823700" timestamp="2015-07-23T11:41:22Z" user="maheshrkm" uid="2897465" lat="23.1772885" lon="80.0208887"/>
 <node id="3662921684" visible="true" version="2" changeset="178018311" timestamp="2026-02-02T18:01:05Z" user="rajdhani" uid="20051396" lat="23.1772716" lon="80.0211071"/>
 <node id="3662921685" visible="true" version="1" changeset="32823700" timestamp="2015-07-23T11:41:22Z" user="maheshrkm" uid="2897465" lat="23.1772946" lon="80.0204493"/>
 <node id="3662921686" visible="true" version="1" changeset="32823700" timestamp="2015-07-23T11:41:22Z" user="maheshrkm" uid="2897465" lat="23.1772954" lon="80.0208259"/>
 <node id="3662921687" visible="true" version="1" changeset="32823700" timestamp="2015-07-23T11:41:22Z" user="maheshrkm" uid="2897465" lat="23.1773041" lon="80.0250717"/>
 <node id="3662921688" visible="true" version="1" changeset="32823700" timestamp="2015-07-23T11:41:22Z" user="maheshrkm" uid="2897465" lat="23.1773069" lon="80.0203670"/>
 <node id="3662921689" visible="true" version="1" changeset="32823700" timestamp="2015-07-23T11:41:22Z" user="maheshrkm" uid="2897465" lat="23.1773306" lon="80.0204343"/>
 <node id="3662921690" visible="true" version="1" changeset="32823700" timestamp="2015-07-23T11:41:22Z" user="maheshrkm" uid="2897465" lat="23.1773308" lon="80.0250736"/>
 <node id="3662921691" visible="true" version="1" changeset="32823700" timestamp="2015-07-23T11:41:22Z" user="maheshrkm" uid="2897465" lat="23.1773480" lon="80.0249478"/>
 <node id="3662921692" visible="true" version="1" changeset="32823700" timestamp="2015-07-23T11:41:22Z" user="maheshrkm" uid="2897465" lat="23.1773676" lon="80.0248316"/>
 <node id="3662921693" visible="true" version="1" changeset="32823700" timestamp="2015-07-23T11:41:22Z" user="maheshrkm" uid="2897465" lat="23.1773910" lon="80.0246750"/>
 <node id="3662921694" visible="true" version="1" changeset="32823700" timestamp="2015-07-23T11:41:22Z" user="maheshrkm" uid="2897465" lat="23.1774148" lon="80.0248406"/>
 <node id="3662921695" visible="true" version="1" changeset="32823700" timestamp="2015-07-23T11:41:22Z" user="maheshrkm" uid="2897465" lat="23.1774178" lon="80.0248208"/>
 <node id="3662921696" visible="true" version="2" changeset="178018311" timestamp="2026-02-02T18:01:05Z" user="rajdhani" uid="20051396" lat="23.1774149" lon="80.0214709"/>
 <node id="3662921697" visible="true" version="2" changeset="178018311" timestamp="2026-02-02T18:01:05Z" user="rajdhani" uid="20051396" lat="23.1774247" lon="80.0214318"/>
 <node id="3662921698" visible="true" version="2" changeset="178018311" timestamp="2026-02-02T18:01:05Z" user="rajdhani" uid="20051396" lat="23.1774427" lon="80.0214474"/>
 <node id="3662921699" visible="true" version="2" changeset="178018311" timestamp="2026-02-02T18:01:05Z" user="rajdhani" uid="20051396" lat="23.1774451" lon="80.0214378"/>
 <node id="3662921700" visible="true" version="2" changeset="178018311" timestamp="2026-02-02T18:01:05Z" user="rajdhani" uid="20051396" lat="23.1774805" lon="80.0212045"/>
 <node id="3662921701" visible="true" version="2" changeset="178018311" timestamp="2026-02-02T18:01:05Z" user="rajdhani" uid="20051396" lat="23.1774888" lon="80.0211713"/>
 <node id="3662921702" visible="true" version="2" changeset="178018311" timestamp="2026-02-02T18:01:05Z" user="rajdhani" uid="20051396" lat="23.1774939" lon="80.0214626"/>
 <node id="3662921703" visible="true" version="2" changeset="178018311" timestamp="2026-02-02T18:01:05Z" user="rajdhani" uid="20051396" lat="23.1775010" lon="80.0212105"/>
 <node id="3662921704" visible="true" version="1" changeset="32823700" timestamp="2015-07-23T11:41:23Z" user="maheshrkm" uid="2897465" lat="23.1775200" lon="80.0249766"/>
 <node id="3662921705" visible="true" version="2" changeset="178018311" timestamp="2026-02-02T18:01:05Z" user="rajdhani" uid="20051396" lat="23.1775045" lon="80.0214201"/>
 <node id="3662921706" visible="true" version="2" changeset="178018311" timestamp="2026-02-02T18:01:05Z" user="rajdhani" uid="20051396" lat="23.1775053" lon="80.0211932"/>
 <node id="3662921707" visible="true" version="1" changeset="32823700" timestamp="2015-07-23T11:41:23Z" user="maheshrkm" uid="2897465" lat="23.1775539" lon="80.0248568"/>
 <node id="3662921708" visible="true" version="1" changeset="32823700" timestamp="2015-07-23T11:41:23Z" user="maheshrkm" uid="2897465" lat="23.1775602" lon="80.0249945"/>
 <node id="3662921709" visible="true" version="2" changeset="178018311" timestamp="2026-02-02T18:01:05Z" user="rajdhani" uid="20051396" lat="23.1775484" lon="80.0212414"/>
 <node id="3662921710" visible="true" version="1" changeset="32823700" timestamp="2015-07-23T11:41:23Z" user="maheshrkm" uid="2897465" lat="23.1775696" lon="80.0249620"/>
 <node id="3662921711" visible="true" version="2" changeset="178018311" timestamp="2026-02-02T18:01:05Z" user="rajdhani" uid="20051396" lat="23.1775566" lon="80.0212084"/>
 <node id="3662921712" visible="true" version="1" changeset="32823700" timestamp="2015-07-23T11:41:23Z" user="maheshrkm" uid="2897465" lat="23.1776004" lon="80.0229716"/>
 <node id="3662921713" visible="true" version="1" changeset="32823700" timestamp="2015-07-23T11:41:23Z" user="maheshrkm" uid="2897465" lat="23.1776015" lon="80.0228941"/>
 <node id="3662921714" visible="true" version="1" changeset="32823700" timestamp="2015-07-23T11:41:23Z" user="maheshrkm" uid="2897465" lat="23.1776134" lon="80.0228944"/>
 <node id="3662921715" visible="true" version="1" changeset="32823700" timestamp="2015-07-23T11:41:23Z" user="maheshrkm" uid="2897465" lat="23.1776152" lon="80.0227757"/>
 <node id="3662921716" visible="true" version="1" changeset="32823700" timestamp="2015-07-23T11:41:23Z" user="maheshrkm" uid="2897465" lat="23.1776167" lon="80.0230349"/>
 <node id="3662921717" visible="true" version="1" changeset="32823700" timestamp="2015-07-23T11:41:23Z" user="maheshrkm" uid="2897465" lat="23.1776176" lon="80.0229720"/>
 <node id="3662921718" visible="true" version="1" changeset="32823700" timestamp="2015-07-23T11:41:23Z" user="maheshrkm" uid="2897465" lat="23.1776475" lon="80.0250681"/>
 <node id="3662921719" visible="true" version="1" changeset="32823700" timestamp="2015-07-23T11:41:23Z" user="maheshrkm" uid="2897465" lat="23.1776708" lon="80.0253263"/>
 <node id="3662921720" visible="true" version="1" changeset="32823700" timestamp="2015-07-23T11:41:23Z" user="maheshrkm" uid="2897465" lat="23.1776711" lon="80.0249980"/>
 <node id="3662921721" visible="true" version="2" changeset="178018311" timestamp="2026-02-02T18:01:05Z" user="rajdhani" uid="20051396" lat="23.1776742" lon="80.0214703"/>
 <node id="3662921722" visible="true" version="2" changeset="178018311" timestamp="2026-02-02T18:01:05Z" user="rajdhani" uid="20051396" lat="23.1776797" lon="80.0214483"/>
 <node id="3662921723" visible="true" version="1" changeset="32823700" timestamp="2015-07-23T11:41:23Z" user="maheshrkm" uid="2897465" lat="23.1777014" lon="80.0227773"/>
 <node id="3662921724" visible="true" version="1" changeset="32823700" timestamp="2015-07-23T11:41:23Z" user="maheshrkm" uid="2897465" lat="23.1777048" lon="80.0228969"/>
 <node id="3662921725" visible="true" version="1" changeset="32823700" timestamp="2015-07-23T11:41:23Z" user="maheshrkm" uid="2897465" lat="23.1777052" lon="80.0228748"/>
 <node id="3662921726" visible="true" version="1" changeset="32823700" timestamp="2015-07-23T11:41:23Z" user="maheshrkm" uid="2897465" lat="23.1777099" lon="80.0230365"/>
 <node id="3662921727" visible="true" version="1" changeset="32823700" timestamp="2015-07-23T11:41:23Z" user="maheshrkm" uid="2897465" lat="23.1777109" lon="80.0229723"/>
 <node id="3662921728" visible="true" version="1" changeset="32823700" timestamp="2015-07-23T11:41:23Z" user="maheshrkm" uid="2897465" lat="23.1777233" lon="80.0229725"/>
 <node id="3662921729" visible="true" version="1" changeset="32823700" timestamp="2015-07-23T11:41:23Z" user="maheshrkm" uid="2897465" lat="23.1777244" lon="80.0228972"/>
 <node id="3662921730" visible="true" version="1" changeset="32823700" timestamp="2015-07-23T11:41:23Z" user="maheshrkm" uid="2897465" lat="23.1777252" lon="80.0227503"/>
 <node id="3662921731" visible="true" version="2" changeset="178018311" timestamp="2026-02-02T18:01:05Z" user="rajdhani" uid="20051396" lat="23.1777126" lon="80.0213143"/>
 <node id="3662921732" visible="true" version="1" changeset="32823700" timestamp="2015-07-23T11:41:23Z" user="maheshrkm" uid="2897465" lat="23.1777304" lon="80.0227634"/>
 <node id="3662921733" visible="true" version="2" changeset="178018311" timestamp="2026-02-02T18:01:05Z" user="rajdhani" uid="20051396" lat="23.1777169" lon="80.0214593"/>
 <node id="3662921734" visible="true" version="2" changeset="178018311" timestamp="2026-02-02T18:01:05Z" user="rajdhani" uid="20051396" lat="23.1777183" lon="80.0212916"/>
 <node id="3662921735" visible="true" version="1" changeset="32823700" timestamp="2015-07-23T11:41:23Z" user="maheshrkm" uid="2897465" lat="23.1777640" lon="80.0228468"/>
 <node id="3662921736" visible="true" version="2" changeset="178018311" timestamp="2026-02-02T18:01:05Z" user="rajdhani" uid="20051396" lat="23.1777504" lon="80.0213255"/>
 <node id="3662921737" visible="true" version="1" changeset="32823700" timestamp="2015-07-23T11:41:23Z" user="maheshrkm" uid="2897465" lat="23.1777714" lon="80.0228651"/>
 <node id="3662921738" visible="true" version="1" changeset="32823700" timestamp="2015-07-23T11:41:23Z" user="maheshrkm" uid="2897465" lat="23.1777730" lon="80.0251153"/>
 <node id="3662921741" visible="true" version="1" changeset="32823700" timestamp="2015-07-23T11:41:23Z" user="maheshrkm" uid="2897465" lat="23.1777908" lon="80.0227190"/>
 <node id="3662921744" visible="true" version="1" changeset="32823700" timestamp="2015-07-23T11:41:23Z" user="maheshrkm" uid="2897465" lat="23.1777948" lon="80.0227290"/>
 <node id="3662921745" visible="true" version="1" changeset="32823700" timestamp="2015-07-23T11:41:23Z" user="maheshrkm" uid="2897465" lat="23.1777962" lon="80.0264911"/>
 <node id="3662921746" visible="true" version="1" changeset="32823700" timestamp="2015-07-23T11:41:23Z" user="maheshrkm" uid="2897465" lat="23.1777993" lon="80.0265629"/>
 <node id="3662921747" visible="true" version="1" changeset="32823700" timestamp="2015-07-23T11:41:23Z" user="maheshrkm" uid="2897465" lat="23.1778167" lon="80.0227970"/>
 <node id="3662921749" visible="true" version="1" changeset="32823700" timestamp="2015-07-23T11:41:23Z" user="maheshrkm" uid="2897465" lat="23.1778183" lon="80.0231144"/>
 <node id="3662921752" visible="true" version="1" changeset="32823700" timestamp="2015-07-23T11:41:23Z" user="maheshrkm" uid="2897465" lat="23.1778324" lon="80.0228361"/>
 <node id="3662921755" visible="true" version="1" changeset="32823700" timestamp="2015-07-23T11:41:23Z" user="maheshrkm" uid="2897465" lat="23.1778466" lon="80.0257355"/>
 <node id="3662921756" visible="true" version="1" changeset="32823700" timestamp="2015-07-23T11:41:23Z" user="maheshrkm" uid="2897465" lat="23.1778503" lon="80.0266110"/>
 <node id="3662921757" visible="true" version="1" changeset="32823700" timestamp="2015-07-23T11:41:23Z" user="maheshrkm" uid="2897465" lat="23.1778590" lon="80.0227768"/>
 <node id="3662921759" visible="true" version="1" changeset="32823700" timestamp="2015-07-23T11:41:23Z" user="maheshrkm" uid="2897465" lat="23.1778712" lon="80.0228424"/>
 <node id="3662921760" visible="true" version="1" changeset="32823700" timestamp="2015-07-23T11:41:23Z" user="maheshrkm" uid="2897465" lat="23.1778748" lon="80.0232190"/>
 <node id="3662921761" visible="true" version="1" changeset="32823700" timestamp="2015-07-23T11:41:24Z" user="maheshrkm" uid="2897465" lat="23.1778793" lon="80.0230679"/>
 <node id="3662921762" visible="true" version="1" changeset="32823700" timestamp="2015-07-23T11:41:24Z" user="maheshrkm" uid="2897465" lat="23.1778801" lon="80.0257052"/>
 <node id="3662921763" visible="true" version="1" changeset="32823700" timestamp="2015-07-23T11:41:24Z" user="maheshrkm" uid="2897465" lat="23.1778820" lon="80.0232136"/>
 <node id="3662921764" visible="true" version="1" changeset="32823700" timestamp="2015-07-23T11:41:24Z" user="maheshrkm" uid="2897465" lat="23.1778880" lon="80.0227630"/>
 <node id="3662921766" visible="true" version="1" changeset="32823700" timestamp="2015-07-23T11:41:24Z" user="maheshrkm" uid="2897465" lat="23.1778918" lon="80.0226827"/>
 <node id="3662921767" visible="true" version="1" changeset="32823700" timestamp="2015-07-23T11:41:24Z" user="maheshrkm" uid="2897465" lat="23.1778923" lon="80.0228261"/>
 <node id="3662921768" visible="true" version="1" changeset="32823700" timestamp="2015-07-23T11:41:24Z" user="maheshrkm" uid="2897465" lat="23.1778931" lon="80.0225242"/>
 <node id="3662921769" visible="true" version="1" changeset="32823700" timestamp="2015-07-23T11:41:24Z" user="maheshrkm" uid="2897465" lat="23.1778955" lon="80.0230168"/>
 <node id="3662921770" visible="true" version="1" changeset="32823700" timestamp="2015-07-23T11:41:24Z" user="maheshrkm" uid="2897465" lat="23.1779063" lon="80.0228962"/>
 <node id="3662921771" visible="true" version="1" changeset="32823700" timestamp="2015-07-23T11:41:24Z" user="maheshrkm" uid="2897465" lat="23.1779070" lon="80.0230257"/>
 <node id="3662921772" visible="true" version="1" changeset="32823700" timestamp="2015-07-23T11:41:24Z" user="maheshrkm" uid="2897465" lat="23.1779116" lon="80.0232763"/>
 <node id="3662921773" visible="true" version="1" changeset="32823700" timestamp="2015-07-23T11:41:24Z" user="maheshrkm" uid="2897465" lat="23.1779135" lon="80.0225833"/>
 <node id="3662921774" visible="true" version="1" changeset="32823700" timestamp="2015-07-23T11:41:24Z" user="maheshrkm" uid="2897465" lat="23.1779175" lon="80.0228066"/>
 <node id="3662921775" visible="true" version="1" changeset="32823700" timestamp="2015-07-23T11:41:24Z" user="maheshrkm" uid="2897465" lat="23.1779183" lon="80.0227485"/>
 <node id="3662921776" visible="true" version="1" changeset="32823700" timestamp="2015-07-23T11:41:24Z" user="maheshrkm" uid="2897465" lat="23.1779188" lon="80.0232708"/>
 <node id="3662921778" visible="true" version="1" changeset="32823700" timestamp="2015-07-23T11:41:24Z" user="maheshrkm" uid="2897465" lat="23.1779314" lon="80.0224825"/>
 <node id="3662921779" visible="true" version="1" changeset="32823700" timestamp="2015-07-23T11:41:24Z" user="maheshrkm" uid="2897465" lat="23.1779325" lon="80.0225755"/>
 <node id="3662921780" visible="true" version="1" changeset="32823700" timestamp="2015-07-23T11:41:24Z" user="maheshrkm" uid="2897465" lat="23.1779337" lon="80.0228751"/>
 <node id="3662921781" visible="true" version="1" changeset="32823700" timestamp="2015-07-23T11:41:24Z" user="maheshrkm" uid="2897465" lat="23.1779341" lon="80.0227931"/>
 <node id="3662921782" visible="true" version="1" changeset="32823700" timestamp="2015-07-23T11:41:24Z" user="maheshrkm" uid="2897465" lat="23.1779345" lon="80.0227936"/>
 <node id="3662921783" visible="true" version="1" changeset="32823700" timestamp="2015-07-23T11:41:24Z" user="maheshrkm" uid="2897465" lat="23.1779369" lon="80.0229538"/>
 <node id="3662921784" visible="true" version="1" changeset="32823700" timestamp="2015-07-23T11:41:24Z" user="maheshrkm" uid="2897465" lat="23.1779393" lon="80.0225054"/>
 <node id="3662921785" visible="true" version="1" changeset="32823700" timestamp="2015-07-23T11:41:24Z" user="maheshrkm" uid="2897465" lat="23.1779406" lon="80.0231321"/>
 <node id="3662921786" visible="true" version="1" changeset="32823700" timestamp="2015-07-23T11:41:24Z" user="maheshrkm" uid="2897465" lat="23.1779484" lon="80.0229627"/>
 <node id="3662921787" visible="true" version="1" changeset="32823700" timestamp="2015-07-23T11:41:24Z" user="maheshrkm" uid="2897465" lat="23.1779501" lon="80.0233194"/>
 <node id="3662921788" visible="true" version="1" changeset="32823700" timestamp="2015-07-23T11:41:24Z" user="maheshrkm" uid="2897465" lat="23.1779504" lon="80.0227958"/>
 <node id="3662921789" visible="true" version="1" changeset="32823700" timestamp="2015-07-23T11:41:24Z" user="maheshrkm" uid="2897465" lat="23.1779514" lon="80.0228614"/>
 <node id="3662921791" visible="true" version="1" changeset="32823700" timestamp="2015-07-23T11:41:24Z" user="maheshrkm" uid="2897465" lat="23.1779559" lon="80.0231559"/>
 <node id="3662921793" visible="true" version="1" changeset="32823700" timestamp="2015-07-23T11:41:24Z" user="maheshrkm" uid="2897465" lat="23.1779612" lon="80.0227682"/>
 <node id="3662921794" visible="true" version="1" changeset="32823700" timestamp="2015-07-23T11:41:24Z" user="maheshrkm" uid="2897465" lat="23.1779627" lon="80.0229014"/>
 <node id="3662921795" visible="true" version="1" changeset="32823700" timestamp="2015-07-23T11:41:24Z" user="maheshrkm" uid="2897465" lat="23.1779657" lon="80.0231484"/>
 <node id="3662921796" visible="true" version="1" changeset="32823700" timestamp="2015-07-23T11:41:24Z" user="maheshrkm" uid="2897465" lat="23.1779692" lon="80.0227785"/>
 <node id="3662921797" visible="true" version="1" changeset="32823700" timestamp="2015-07-23T11:41:24Z" user="maheshrkm" uid="2897465" lat="23.1779755" lon="80.0230789"/>
 <node id="3662921798" visible="true" version="1" changeset="32823700" timestamp="2015-07-23T11:41:24Z" user="maheshrkm" uid="2897465" lat="23.1779772" lon="80.0224639"/>
 <node id="3662921799" visible="true" version="1" changeset="32823700" timestamp="2015-07-23T11:41:24Z" user="maheshrkm" uid="2897465" lat="23.1779772" lon="80.0227888"/>
 <node id="3662921800" visible="true" version="1" changeset="32823700" timestamp="2015-07-23T11:41:24Z" user="maheshrkm" uid="2897465" lat="23.1779782" lon="80.0228857"/>
 <node id="3662921801" visible="true" version="1" changeset="32823700" timestamp="2015-07-23T11:41:24Z" user="maheshrkm" uid="2897465" lat="23.1779792" lon="80.0228400"/>
 <node id="3662921802" visible="true" version="1" changeset="32823700" timestamp="2015-07-23T11:41:24Z" user="maheshrkm" uid="2897465" lat="23.1779797" lon="80.0229149"/>
 <node id="3662921803" visible="true" version="1" changeset="32823700" timestamp="2015-07-23T11:41:24Z" user="maheshrkm" uid="2897465" lat="23.1779877" lon="80.0230883"/>
 <node id="3662921804" visible="true" version="1" changeset="32823700" timestamp="2015-07-23T11:41:25Z" user="maheshrkm" uid="2897465" lat="23.1779922" lon="80.0225073"/>
 <node id="3662921805" visible="true" version="1" changeset="32823700" timestamp="2015-07-23T11:41:25Z" user="maheshrkm" uid="2897465" lat="23.1779923" lon="80.0227490"/>
 <node id="3662921806" visible="true" version="1" changeset="32823700" timestamp="2015-07-23T11:41:25Z" user="maheshrkm" uid="2897465" lat="23.1779949" lon="80.0232123"/>
 <node id="3662921807" visible="true" version="1" changeset="32823700" timestamp="2015-07-23T11:41:25Z" user="maheshrkm" uid="2897465" lat="23.1779957" lon="80.0229994"/>
 <node id="3662921808" visible="true" version="1" changeset="32823700" timestamp="2015-07-23T11:41:25Z" user="maheshrkm" uid="2897465" lat="23.1779961" lon="80.0246113"/>
 <node id="3662921809" visible="true" version="1" changeset="32823700" timestamp="2015-07-23T11:41:25Z" user="maheshrkm" uid="2897465" lat="23.1779969" lon="80.0263841"/>
 <node id="3662921810" visible="true" version="1" changeset="32823700" timestamp="2015-07-23T11:41:25Z" user="maheshrkm" uid="2897465" lat="23.1779982" lon="80.0244976"/>
 <node id="3662921811" visible="true" version="1" changeset="32823700" timestamp="2015-07-23T11:41:25Z" user="maheshrkm" uid="2897465" lat="23.1780029" lon="80.0232062"/>
 <node id="3662921812" visible="true" version="1" changeset="32823700" timestamp="2015-07-23T11:41:25Z" user="maheshrkm" uid="2897465" lat="23.1780044" lon="80.0224794"/>
 <node id="3662921813" visible="true" version="1" changeset="32823700" timestamp="2015-07-23T11:41:25Z" user="maheshrkm" uid="2897465" lat="23.1780097" lon="80.0229121"/>
 <node id="3662921814" visible="true" version="1" changeset="32823700" timestamp="2015-07-23T11:41:25Z" user="maheshrkm" uid="2897465" lat="23.1780113" lon="80.0224995"/>
 <node id="3662921815" visible="true" version="1" changeset="32823700" timestamp="2015-07-23T11:41:25Z" user="maheshrkm" uid="2897465" lat="23.1780216" lon="80.0227615"/>
 <node id="3662921816" visible="true" version="1" changeset="32823700" timestamp="2015-07-23T11:41:25Z" user="maheshrkm" uid="2897465" lat="23.1780264" lon="80.0232613"/>
 <node id="3662921817" visible="true" version="1" changeset="32823700" timestamp="2015-07-23T11:41:25Z" user="maheshrkm" uid="2897465" lat="23.1780278" lon="80.0229504"/>
 <node id="3662921818" visible="true" version="1" changeset="32823700" timestamp="2015-07-23T11:41:25Z" user="maheshrkm" uid="2897465" lat="23.1780291" lon="80.0230253"/>
 <node id="3662921819" visible="true" version="1" changeset="32823700" timestamp="2015-07-23T11:41:25Z" user="maheshrkm" uid="2897465" lat="23.1780339" lon="80.0229546"/>
 <node id="3662921820" visible="true" version="1" changeset="32823700" timestamp="2015-07-23T11:41:25Z" user="maheshrkm" uid="2897465" lat="23.1780418" lon="80.0229339"/>
 <node id="3662921821" visible="true" version="1" changeset="32823700" timestamp="2015-07-23T11:41:25Z" user="maheshrkm" uid="2897465" lat="23.1780445" lon="80.0264309"/>
 <node id="3662921822" visible="true" version="1" changeset="32823700" timestamp="2015-07-23T11:41:25Z" user="maheshrkm" uid="2897465" lat="23.1780455" lon="80.0252147"/>
 <node id="3662921823" visible="true" version="1" changeset="32823700" timestamp="2015-07-23T11:41:25Z" user="maheshrkm" uid="2897465" lat="23.1780509" lon="80.0265040"/>
 <node id="3662921824" visible="true" version="1" changeset="32823700" timestamp="2015-07-23T11:41:25Z" user="maheshrkm" uid="2897465" lat="23.1780538" lon="80.0230073"/>
 <node id="3662921825" visible="true" version="1" changeset="32823700" timestamp="2015-07-23T11:41:25Z" user="maheshrkm" uid="2897465" lat="23.1780582" lon="80.0252311"/>
 <node id="3662921826" visible="true" version="1" changeset="32823700" timestamp="2015-07-23T11:41:25Z" user="maheshrkm" uid="2897465" lat="23.1780606" lon="80.0252008"/>
 <node id="3662921827" visible="true" version="1" changeset="32823700" timestamp="2015-07-23T11:41:25Z" user="maheshrkm" uid="2897465" lat="23.1780642" lon="80.0229698"/>
 <node id="3662921828" visible="true" version="1" changeset="32823700" timestamp="2015-07-23T11:41:25Z" user="maheshrkm" uid="2897465" lat="23.1780657" lon="80.0224545"/>
 <node id="3662921829" visible="true" version="1" changeset="32823700" timestamp="2015-07-23T11:41:25Z" user="maheshrkm" uid="2897465" lat="23.1780660" lon="80.0227401"/>
 <node id="3662921830" visible="true" version="1" changeset="32823700" timestamp="2015-07-23T11:41:25Z" user="maheshrkm" uid="2897465" lat="23.1780662" lon="80.0225190"/>
 <node id="3662921831" visible="true" version="1" changeset="32823700" timestamp="2015-07-23T11:41:25Z" user="maheshrkm" uid="2897465" lat="23.1780702" lon="80.0229484"/>
 <node id="3662921832" visible="true" version="1" changeset="32823700" timestamp="2015-07-23T11:41:25Z" user="maheshrkm" uid="2897465" lat="23.1780728" lon="80.0246671"/>
 <node id="3662921833" visible="true" version="1" changeset="32823700" timestamp="2015-07-23T11:41:25Z" user="maheshrkm" uid="2897465" lat="23.1780733" lon="80.0252172"/>
 <node id="3662921834" visible="true" version="1" changeset="32823700" timestamp="2015-07-23T11:41:25Z" user="maheshrkm" uid="2897465" lat="23.1780789" lon="80.0229171"/>
 <node id="3662921835" visible="true" version="1" changeset="32823700" timestamp="2015-07-23T11:41:25Z" user="maheshrkm" uid="2897465" lat="23.1780796" lon="80.0251879"/>
 <node id="3662921836" visible="true" version="1" changeset="32823700" timestamp="2015-07-23T11:41:25Z" user="maheshrkm" uid="2897465" lat="23.1780853" lon="80.0225112"/>
 <node id="3662921837" visible="true" version="1" changeset="32823700" timestamp="2015-07-23T11:41:25Z" user="maheshrkm" uid="2897465" lat="23.1780858" lon="80.0260479"/>
 <node id="3662921838" visible="true" version="1" changeset="32823700" timestamp="2015-07-23T11:41:25Z" user="maheshrkm" uid="2897465" lat="23.1780902" lon="80.0244498"/>
 <node id="3662921839" visible="true" version="1" changeset="32823700" timestamp="2015-07-23T11:41:25Z" user="maheshrkm" uid="2897465" lat="23.1780903" lon="80.0252017"/>
 <node id="3662921840" visible="true" version="1" changeset="32823700" timestamp="2015-07-23T11:41:25Z" user="maheshrkm" uid="2897465" lat="23.1781136" lon="80.0227243"/>
 <node id="3662921841" visible="true" version="1" changeset="32823700" timestamp="2015-07-23T11:41:25Z" user="maheshrkm" uid="2897465" lat="23.1781176" lon="80.0230282"/>
 <node id="3662921842" visible="true" version="1" changeset="32823700" timestamp="2015-07-23T11:41:25Z" user="maheshrkm" uid="2897465" lat="23.1781192" lon="80.0260176"/>
 <node id="3662921843" visible="true" version="1" changeset="32823700" timestamp="2015-07-23T11:41:25Z" user="maheshrkm" uid="2897465" lat="23.1781229" lon="80.0226837"/>
 <node id="3662921844" visible="true" version="1" changeset="32823700" timestamp="2015-07-23T11:41:25Z" user="maheshrkm" uid="2897465" lat="23.1781264" lon="80.0229968"/>
 <node id="3662921845" visible="true" version="1" changeset="32823700" timestamp="2015-07-23T11:41:25Z" user="maheshrkm" uid="2897465" lat="23.1781329" lon="80.0229733"/>
 <node id="3662921846" visible="true" version="1" changeset="32823700" timestamp="2015-07-23T11:41:25Z" user="maheshrkm" uid="2897465" lat="23.1781339" lon="80.0253228"/>
 <node id="3662921847" visible="true" version="1" changeset="32823700" timestamp="2015-07-23T11:41:25Z" user="maheshrkm" uid="2897465" lat="23.1781369" lon="80.0232635"/>
 <node id="3662921848" visible="true" version="1" changeset="32823700" timestamp="2015-07-23T11:41:25Z" user="maheshrkm" uid="2897465" lat="23.1781373" lon="80.0249783"/>
 <node id="3662921849" visible="true" version="1" changeset="32823700" timestamp="2015-07-23T11:41:25Z" user="maheshrkm" uid="2897465" lat="23.1781427" lon="80.0229380"/>
 <node id="3662921850" visible="true" version="1" changeset="32823700" timestamp="2015-07-23T11:41:25Z" user="maheshrkm" uid="2897465" lat="23.1781474" lon="80.0255243"/>
 <node id="3662921851" visible="true" version="1" changeset="32823700" timestamp="2015-07-23T11:41:25Z" user="maheshrkm" uid="2897465" lat="23.1781541" lon="80.0231367"/>
 <node id="3662921852" visible="true" version="1" changeset="32823700" timestamp="2015-07-23T11:41:26Z" user="maheshrkm" uid="2897465" lat="23.1781588" lon="80.0226998"/>
 <node id="3662921853" visible="true" version="1" changeset="32823700" timestamp="2015-07-23T11:41:26Z" user="maheshrkm" uid="2897465" lat="23.1781595" lon="80.0230594"/>
 <node id="3662921854" visible="true" version="1" changeset="32823700" timestamp="2015-07-23T11:41:26Z" user="maheshrkm" uid="2897465" lat="23.1781599" lon="80.0252979"/>
 <node id="3662921855" visible="true" version="1" changeset="32823700" timestamp="2015-07-23T11:41:26Z" user="maheshrkm" uid="2897465" lat="23.1781613" lon="80.0227102"/>
 <node id="3662921856" visible="true" version="1" changeset="32823700" timestamp="2015-07-23T11:41:26Z" user="maheshrkm" uid="2897465" lat="23.1781619" lon="80.0254980"/>
 <node id="3662921857" visible="true" version="1" changeset="32823700" timestamp="2015-07-23T11:41:26Z" user="maheshrkm" uid="2897465" lat="23.1781647" lon="80.0246192"/>
 <node id="3662921858" visible="true" version="1" changeset="32823700" timestamp="2015-07-23T11:41:26Z" user="maheshrkm" uid="2897465" lat="23.1781652" lon="80.0231938"/>
 <node id="3662921859" visible="true" version="1" changeset="32823700" timestamp="2015-07-23T11:41:26Z" user="maheshrkm" uid="2897465" lat="23.1781669" lon="80.0255620"/>
 <node id="3662921860" visible="true" version="1" changeset="32823700" timestamp="2015-07-23T11:41:26Z" user="maheshrkm" uid="2897465" lat="23.1781688" lon="80.0255112"/>
 <node id="3662921861" visible="true" version="1" changeset="32823700" timestamp="2015-07-23T11:41:26Z" user="maheshrkm" uid="2897465" lat="23.1781691" lon="80.0231379"/>
 <node id="3662921862" visible="true" version="1" changeset="32823700" timestamp="2015-07-23T11:41:26Z" user="maheshrkm" uid="2897465" lat="23.1781693" lon="80.0249578"/>
 <node id="3662921863" visible="true" version="1" changeset="32823700" timestamp="2015-07-23T11:41:26Z" user="maheshrkm" uid="2897465" lat="23.1781707" lon="80.0230604"/>
 <node id="3662921864" visible="true" version="1" changeset="32823700" timestamp="2015-07-23T11:41:26Z" user="maheshrkm" uid="2897465" lat="23.1781717" lon="80.0253621"/>
 <node id="3662921865" visible="true" version="1" changeset="32823700" timestamp="2015-07-23T11:41:26Z" user="maheshrkm" uid="2897465" lat="23.1781749" lon="80.0230009"/>
 <node id="3662921866" visible="true" version="1" changeset="32823700" timestamp="2015-07-23T11:41:26Z" user="maheshrkm" uid="2897465" lat="23.1781764" lon="80.0245139"/>
 <node id="3662921867" visible="true" version="1" changeset="32823700" timestamp="2015-07-23T11:41:26Z" user="maheshrkm" uid="2897465" lat="23.1781765" lon="80.0229770"/>
 <node id="3662921868" visible="true" version="1" changeset="32823700" timestamp="2015-07-23T11:41:26Z" user="maheshrkm" uid="2897465" lat="23.1781766" lon="80.0224112"/>
 <node id="3662921869" visible="true" version="1" changeset="32823700" timestamp="2015-07-23T11:41:26Z" user="maheshrkm" uid="2897465" lat="23.1781779" lon="80.0226134"/>
 <node id="3662921870" visible="true" version="1" changeset="32823700" timestamp="2015-07-23T11:41:26Z" user="maheshrkm" uid="2897465" lat="23.1781785" lon="80.0229483"/>
 <node id="3662921871" visible="true" version="1" changeset="32823700" timestamp="2015-07-23T11:41:26Z" user="maheshrkm" uid="2897465" lat="23.1781791" lon="80.0225442"/>
 <node id="3662921872" visible="true" version="1" changeset="32823700" timestamp="2015-07-23T11:41:26Z" user="maheshrkm" uid="2897465" lat="23.1781806" lon="80.0226948"/>
 <node id="3662921873" visible="true" version="1" changeset="32823700" timestamp="2015-07-23T11:41:26Z" user="maheshrkm" uid="2897465" lat="23.1781806" lon="80.0227255"/>
 <node id="3662921874" visible="true" version="1" changeset="32823700" timestamp="2015-07-23T11:41:26Z" user="maheshrkm" uid="2897465" lat="23.1781813" lon="80.0250947"/>
 <node id="3662921875" visible="true" version="1" changeset="32823700" timestamp="2015-07-23T11:41:26Z" user="maheshrkm" uid="2897465" lat="23.1781883" lon="80.0255489"/>
 <node id="3662921876" visible="true" version="1" changeset="32823700" timestamp="2015-07-23T11:41:26Z" user="maheshrkm" uid="2897465" lat="23.1781914" lon="80.0253382"/>
 <node id="3662921877" visible="true" version="1" changeset="32823700" timestamp="2015-07-23T11:41:26Z" user="maheshrkm" uid="2897465" lat="23.1781920" lon="80.0251084"/>
 <node id="3662921878" visible="true" version="1" changeset="32823700" timestamp="2015-07-23T11:41:26Z" user="maheshrkm" uid="2897465" lat="23.1781930" lon="80.0226675"/>
 <node id="3662921879" visible="true" version="1" changeset="32823700" timestamp="2015-07-23T11:41:26Z" user="maheshrkm" uid="2897465" lat="23.1781968" lon="80.0226138"/>
 <node id="3662921880" visible="true" version="1" changeset="32823700" timestamp="2015-07-23T11:41:26Z" user="maheshrkm" uid="2897465" lat="23.1781993" lon="80.0249327"/>
 <node id="3662921881" visible="true" version="1" changeset="32823700" timestamp="2015-07-23T11:41:26Z" user="maheshrkm" uid="2897465" lat="23.1782016" lon="80.0256203"/>
 <node id="3662921882" visible="true" version="1" changeset="32823700" timestamp="2015-07-23T11:41:26Z" user="maheshrkm" uid="2897465" lat="23.1782018" lon="80.0225447"/>
 <node id="3662921883" visible="true" version="1" changeset="32823700" timestamp="2015-07-23T11:41:26Z" user="maheshrkm" uid="2897465" lat="23.1782049" lon="80.0225014"/>
 <node id="3662921884" visible="true" version="1" changeset="32823700" timestamp="2015-07-23T11:41:26Z" user="maheshrkm" uid="2897465" lat="23.1782090" lon="80.0250929"/>
 <node id="3662921885" visible="true" version="1" changeset="32823700" timestamp="2015-07-23T11:41:26Z" user="maheshrkm" uid="2897465" lat="23.1782195" lon="80.0256093"/>
 <node id="3662921886" visible="true" version="1" changeset="32823700" timestamp="2015-07-23T11:41:26Z" user="maheshrkm" uid="2897465" lat="23.1782224" lon="80.0249058"/>
 <node id="3662921887" visible="true" version="1" changeset="32823700" timestamp="2015-07-23T11:41:26Z" user="maheshrkm" uid="2897465" lat="23.1782239" lon="80.0256633"/>
 <node id="3662921888" visible="true" version="1" changeset="32823700" timestamp="2015-07-23T11:41:26Z" user="maheshrkm" uid="2897465" lat="23.1782259" lon="80.0254588"/>
 <node id="3662921889" visible="true" version="1" changeset="32823700" timestamp="2015-07-23T11:41:26Z" user="maheshrkm" uid="2897465" lat="23.1782318" lon="80.0230654"/>
 <node id="3662921890" visible="true" version="1" changeset="32823700" timestamp="2015-07-23T11:41:26Z" user="maheshrkm" uid="2897465" lat="23.1782359" lon="80.0230065"/>
 <node id="3662921891" visible="true" version="1" changeset="32823700" timestamp="2015-07-23T11:41:26Z" user="maheshrkm" uid="2897465" lat="23.1782360" lon="80.0233217"/>
 <node id="3662921892" visible="true" version="1" changeset="32823700" timestamp="2015-07-23T11:41:26Z" user="maheshrkm" uid="2897465" lat="23.1782373" lon="80.0229857"/>
 <node id="3662921893" visible="true" version="1" changeset="32823700" timestamp="2015-07-23T11:41:26Z" user="maheshrkm" uid="2897465" lat="23.1782396" lon="80.0229534"/>
 <node id="3662921894" visible="true" version="1" changeset="32823700" timestamp="2015-07-23T11:41:26Z" user="maheshrkm" uid="2897465" lat="23.1782396" lon="80.0233129"/>
 <node id="3662921895" visible="true" version="1" changeset="32823700" timestamp="2015-07-23T11:41:26Z" user="maheshrkm" uid="2897465" lat="23.1782418" lon="80.0256523"/>
 <node id="3662921896" visible="true" version="1" changeset="32823700" timestamp="2015-07-23T11:41:26Z" user="maheshrkm" uid="2897465" lat="23.1782439" lon="80.0248754"/>
 <node id="3662921897" visible="true" version="1" changeset="32823700" timestamp="2015-07-23T11:41:26Z" user="maheshrkm" uid="2897465" lat="23.1782490" lon="80.0226933"/>
 <node id="3662921898" visible="true" version="1" changeset="32823700" timestamp="2015-07-23T11:41:26Z" user="maheshrkm" uid="2897465" lat="23.1782490" lon="80.0227255"/>
 <node id="3662921899" visible="true" version="1" changeset="32823700" timestamp="2015-07-23T11:41:26Z" user="maheshrkm" uid="2897465" lat="23.1782521" lon="80.0223832"/>
 <node id="3662921900" visible="true" version="1" changeset="32823700" timestamp="2015-07-23T11:41:26Z" user="maheshrkm" uid="2897465" lat="23.1782538" lon="80.0226760"/>
 <node id="3662921901" visible="true" version="1" changeset="32823700" timestamp="2015-07-23T11:41:26Z" user="maheshrkm" uid="2897465" lat="23.1782551" lon="80.0257258"/>
 <node id="3662921902" visible="true" version="1" changeset="32823700" timestamp="2015-07-23T11:41:26Z" user="maheshrkm" uid="2897465" lat="23.1782553" lon="80.0232123"/>
 <node id="3662921903" visible="true" version="1" changeset="32823700" timestamp="2015-07-23T11:41:26Z" user="maheshrkm" uid="2897465" lat="23.1782582" lon="80.0226150"/>
 <node id="3662921904" visible="true" version="1" changeset="32823700" timestamp="2015-07-23T11:41:26Z" user="maheshrkm" uid="2897465" lat="23.1782599" lon="80.0231454"/>
 <node id="3662921905" visible="true" version="1" changeset="32823700" timestamp="2015-07-23T11:41:27Z" user="maheshrkm" uid="2897465" lat="23.1782737" lon="80.0229409"/>
 <node id="3662921906" visible="true" version="1" changeset="32823700" timestamp="2015-07-23T11:41:27Z" user="maheshrkm" uid="2897465" lat="23.1782739" lon="80.0257143"/>
 <node id="3662921907" visible="true" version="1" changeset="32823700" timestamp="2015-07-23T11:41:27Z" user="maheshrkm" uid="2897465" lat="23.1782746" lon="80.0261819"/>
 <node id="3662921908" visible="true" version="1" changeset="32823700" timestamp="2015-07-23T11:41:27Z" user="maheshrkm" uid="2897465" lat="23.1782753" lon="80.0232220"/>
 <node id="3662921909" visible="true" version="1" changeset="32823700" timestamp="2015-07-23T11:41:27Z" user="maheshrkm" uid="2897465" lat="23.1782768" lon="80.0231468"/>
 <node id="3662921910" visible="true" version="1" changeset="32823700" timestamp="2015-07-23T11:41:27Z" user="maheshrkm" uid="2897465" lat="23.1782795" lon="80.0257728"/>
 <node id="3662921911" visible="true" version="1" changeset="32823700" timestamp="2015-07-23T11:41:27Z" user="maheshrkm" uid="2897465" lat="23.1782798" lon="80.0227352"/>
 <node id="3662921912" visible="true" version="1" changeset="32823700" timestamp="2015-07-23T11:41:27Z" user="maheshrkm" uid="2897465" lat="23.1782802" lon="80.0232100"/>
 <node id="3662921913" visible="true" version="1" changeset="32823700" timestamp="2015-07-23T11:41:27Z" user="maheshrkm" uid="2897465" lat="23.1782808" lon="80.0229794"/>
 <node id="3662921914" visible="true" version="1" changeset="32823700" timestamp="2015-07-23T11:41:27Z" user="maheshrkm" uid="2897465" lat="23.1782821" lon="80.0230696"/>
 <node id="3662921915" visible="true" version="1" changeset="32823700" timestamp="2015-07-23T11:41:27Z" user="maheshrkm" uid="2897465" lat="23.1782845" lon="80.0229995"/>
 <node id="3662921916" visible="true" version="1" changeset="32823700" timestamp="2015-07-23T11:41:27Z" user="maheshrkm" uid="2897465" lat="23.1782848" lon="80.0225464"/>
 <node id="3662921917" visible="true" version="1" changeset="32823700" timestamp="2015-07-23T11:41:27Z" user="maheshrkm" uid="2897465" lat="23.1782887" lon="80.0249307"/>
 <node id="3662921918" visible="true" version="1" changeset="32823700" timestamp="2015-07-23T11:41:27Z" user="maheshrkm" uid="2897465" lat="23.1782901" lon="80.0224733"/>
 <node id="3662921919" visible="true" version="1" changeset="32823700" timestamp="2015-07-23T11:41:27Z" user="maheshrkm" uid="2897465" lat="23.1782902" lon="80.0223466"/>
 <node id="3662921920" visible="true" version="1" changeset="32823700" timestamp="2015-07-23T11:41:27Z" user="maheshrkm" uid="2897465" lat="23.1782910" lon="80.0230347"/>
 <node id="3662921921" visible="true" version="1" changeset="32823700" timestamp="2015-07-23T11:41:27Z" user="maheshrkm" uid="2897465" lat="23.1782921" lon="80.0226996"/>
 <node id="3662921922" visible="true" version="1" changeset="32823700" timestamp="2015-07-23T11:41:27Z" user="maheshrkm" uid="2897465" lat="23.1782948" lon="80.0233499"/>
 <node id="3662921923" visible="true" version="1" changeset="32823700" timestamp="2015-07-23T11:41:27Z" user="maheshrkm" uid="2897465" lat="23.1782959" lon="80.0226158"/>
 <node id="3662921924" visible="true" version="1" changeset="32823700" timestamp="2015-07-23T11:41:27Z" user="maheshrkm" uid="2897465" lat="23.1782971" lon="80.0225466"/>
 <node id="3662922025" visible="true" version="1" changeset="32823700" timestamp="2015-07-23T11:41:27Z" user="maheshrkm" uid="2897465" lat="23.1782981" lon="80.0226824"/>
 <node id="3662922026" visible="true" version="1" changeset="32823700" timestamp="2015-07-23T11:41:27Z" user="maheshrkm" uid="2897465" lat="23.1782984" lon="80.0233412"/>
 <node id="3662922027" visible="true" version="1" changeset="32823700" timestamp="2015-07-23T11:41:27Z" user="maheshrkm" uid="2897465" lat="23.1783010" lon="80.0263175"/>
 <node id="3662922028" visible="true" version="1" changeset="32823700" timestamp="2015-07-23T11:41:27Z" user="maheshrkm" uid="2897465" lat="23.1783058" lon="80.0224674"/>
 <node id="3662922029" visible="true" version="1" changeset="32823700" timestamp="2015-07-23T11:41:27Z" user="maheshrkm" uid="2897465" lat="23.1783104" lon="80.0226468"/>
 <node id="3662922030" visible="true" version="1" changeset="32823700" timestamp="2015-07-23T11:41:27Z" user="maheshrkm" uid="2897465" lat="23.1783114" lon="80.0224854"/>
 <node id="3662922031" visible="true" version="1" changeset="32823700" timestamp="2015-07-23T11:41:27Z" user="maheshrkm" uid="2897465" lat="23.1783240" lon="80.0262404"/>
 <node id="3662922032" visible="true" version="1" changeset="32823700" timestamp="2015-07-23T11:41:27Z" user="maheshrkm" uid="2897465" lat="23.1783288" lon="80.0263567"/>
 <node id="3662922033" visible="true" version="1" changeset="32823700" timestamp="2015-07-23T11:41:27Z" user="maheshrkm" uid="2897465" lat="23.1783340" lon="80.0229278"/>
 <node id="3662922034" visible="true" version="1" changeset="32823700" timestamp="2015-07-23T11:41:27Z" user="maheshrkm" uid="2897465" lat="23.1783355" lon="80.0232483"/>
 <node id="3662922035" visible="true" version="1" changeset="32823700" timestamp="2015-07-23T11:41:27Z" user="maheshrkm" uid="2897465" lat="23.1783390" lon="80.0223285"/>
 <node id="3662922036" visible="true" version="1" changeset="32823700" timestamp="2015-07-23T11:41:27Z" user="maheshrkm" uid="2897465" lat="23.1783395" lon="80.0232386"/>
 <node id="3662922037" visible="true" version="1" changeset="32823700" timestamp="2015-07-23T11:41:27Z" user="maheshrkm" uid="2897465" lat="23.1783403" lon="80.0227599"/>
 <node id="3662922038" visible="true" version="1" changeset="32823700" timestamp="2015-07-23T11:41:27Z" user="maheshrkm" uid="2897465" lat="23.1783422" lon="80.0248844"/>
 <node id="3662922039" visible="true" version="1" changeset="32823700" timestamp="2015-07-23T11:41:27Z" user="maheshrkm" uid="2897465" lat="23.1783426" lon="80.0223398"/>
 <node id="3662922040" visible="true" version="1" changeset="32823700" timestamp="2015-07-23T11:41:27Z" user="maheshrkm" uid="2897465" lat="23.1783441" lon="80.0258440"/>
 <node id="3662922041" visible="true" version="1" changeset="32823700" timestamp="2015-07-23T11:41:27Z" user="maheshrkm" uid="2897465" lat="23.1783452" lon="80.0257325"/>
 <node id="3662922042" visible="true" version="1" changeset="32823700" timestamp="2015-07-23T11:41:27Z" user="maheshrkm" uid="2897465" lat="23.1783482" lon="80.0233652"/>
 <node id="3662922043" visible="true" version="1" changeset="32823700" timestamp="2015-07-23T11:41:27Z" user="maheshrkm" uid="2897465" lat="23.1783506" lon="80.0227300"/>
 <node id="3662922044" visible="true" version="1" changeset="32823700" timestamp="2015-07-23T11:41:27Z" user="maheshrkm" uid="2897465" lat="23.1783513" lon="80.0230216"/>
 <node id="3662922045" visible="true" version="1" changeset="32823700" timestamp="2015-07-23T11:41:27Z" user="maheshrkm" uid="2897465" lat="23.1783594" lon="80.0227048"/>
 <node id="3662922046" visible="true" version="1" changeset="32823700" timestamp="2015-07-23T11:41:27Z" user="maheshrkm" uid="2897465" lat="23.1783615" lon="80.0257640"/>
 <node id="3662922047" visible="true" version="1" changeset="32823700" timestamp="2015-07-23T11:41:27Z" user="maheshrkm" uid="2897465" lat="23.1783661" lon="80.0262626"/>
 <node id="3662922048" visible="true" version="1" changeset="32823700" timestamp="2015-07-23T11:41:27Z" user="maheshrkm" uid="2897465" lat="23.1783709" lon="80.0226716"/>
 <node id="3662922049" visible="true" version="1" changeset="32823700" timestamp="2015-07-23T11:41:27Z" user="maheshrkm" uid="2897465" lat="23.1783722" lon="80.0258127"/>
 <node id="3662922050" visible="true" version="1" changeset="32823700" timestamp="2015-07-23T11:41:27Z" user="maheshrkm" uid="2897465" lat="23.1783760" lon="80.0249399"/>
 <node id="3662922051" visible="true" version="1" changeset="32823700" timestamp="2015-07-23T11:41:27Z" user="maheshrkm" uid="2897465" lat="23.1783776" lon="80.0258230"/>
 <node id="3662922052" visible="true" version="1" changeset="32823700" timestamp="2015-07-23T11:41:27Z" user="maheshrkm" uid="2897465" lat="23.1783781" lon="80.0224501"/>
 <node id="3662922053" visible="true" version="1" changeset="32823700" timestamp="2015-07-23T11:41:27Z" user="maheshrkm" uid="2897465" lat="23.1783790" lon="80.0227460"/>
 <node id="3662922054" visible="true" version="1" changeset="32823700" timestamp="2015-07-23T11:41:27Z" user="maheshrkm" uid="2897465" lat="23.1783808" lon="80.0260758"/>
 <node id="3662922055" visible="true" version="1" changeset="32823700" timestamp="2015-07-23T11:41:27Z" user="maheshrkm" uid="2897465" lat="23.1783811" lon="80.0224595"/>
 <node id="3662922056" visible="true" version="1" changeset="32823700" timestamp="2015-07-23T11:41:28Z" user="maheshrkm" uid="2897465" lat="23.1783852" lon="80.0249312"/>
 <node id="3662922057" visible="true" version="1" changeset="32823700" timestamp="2015-07-23T11:41:28Z" user="maheshrkm" uid="2897465" lat="23.1783859" lon="80.0232725"/>
 <node id="3662922058" visible="true" version="1" changeset="32823700" timestamp="2015-07-23T11:41:28Z" user="maheshrkm" uid="2897465" lat="23.1783879" lon="80.0261765"/>
 <node id="3662922059" visible="true" version="1" changeset="32823700" timestamp="2015-07-23T11:41:28Z" user="maheshrkm" uid="2897465" lat="23.1783890" lon="80.0227224"/>
 <node id="3662922060" visible="true" version="1" changeset="32823700" timestamp="2015-07-23T11:41:28Z" user="maheshrkm" uid="2897465" lat="23.1783940" lon="80.0263018"/>
 <node id="3662922061" visible="true" version="1" changeset="32823700" timestamp="2015-07-23T11:41:28Z" user="maheshrkm" uid="2897465" lat="23.1783972" lon="80.0223195"/>
 <node id="3662922062" visible="true" version="1" changeset="32823700" timestamp="2015-07-23T11:41:28Z" user="maheshrkm" uid="2897465" lat="23.1784015" lon="80.0227316"/>
 <node id="3662922063" visible="true" version="1" changeset="32823700" timestamp="2015-07-23T11:41:28Z" user="maheshrkm" uid="2897465" lat="23.1784059" lon="80.0261979"/>
 <node id="3662922064" visible="true" version="1" changeset="32823700" timestamp="2015-07-23T11:41:28Z" user="maheshrkm" uid="2897465" lat="23.1784116" lon="80.0249841"/>
 <node id="3662922065" visible="true" version="1" changeset="32823700" timestamp="2015-07-23T11:41:28Z" user="maheshrkm" uid="2897465" lat="23.1784129" lon="80.0255590"/>
 <node id="3662922066" visible="true" version="1" changeset="32823700" timestamp="2015-07-23T11:41:28Z" user="maheshrkm" uid="2897465" lat="23.1784152" lon="80.0227741"/>
 <node id="3662922067" visible="true" version="1" changeset="32823700" timestamp="2015-07-23T11:41:28Z" user="maheshrkm" uid="2897465" lat="23.1784188" lon="80.0249774"/>
 <node id="3662922068" visible="true" version="1" changeset="32823700" timestamp="2015-07-23T11:41:28Z" user="maheshrkm" uid="2897465" lat="23.1784194" lon="80.0261451"/>
 <node id="3662922069" visible="true" version="1" changeset="32823700" timestamp="2015-07-23T11:41:28Z" user="maheshrkm" uid="2897465" lat="23.1784196" lon="80.0226748"/>
 <node id="3662922070" visible="true" version="1" changeset="32823700" timestamp="2015-07-23T11:41:28Z" user="maheshrkm" uid="2897465" lat="23.1784253" lon="80.0259975"/>
 <node id="3662922071" visible="true" version="1" changeset="32823700" timestamp="2015-07-23T11:41:28Z" user="maheshrkm" uid="2897465" lat="23.1784302" lon="80.0261343"/>
 <node id="3662922072" visible="true" version="1" changeset="32823700" timestamp="2015-07-23T11:41:28Z" user="maheshrkm" uid="2897465" lat="23.1784319" lon="80.0224301"/>
 <node id="3662922073" visible="true" version="1" changeset="32823700" timestamp="2015-07-23T11:41:28Z" user="maheshrkm" uid="2897465" lat="23.1784350" lon="80.0226868"/>
 <node id="3662922074" visible="true" version="1" changeset="32823700" timestamp="2015-07-23T11:41:28Z" user="maheshrkm" uid="2897465" lat="23.1784374" lon="80.0261664"/>
 <node id="3662922075" visible="true" version="1" changeset="32823700" timestamp="2015-07-23T11:41:28Z" user="maheshrkm" uid="2897465" lat="23.1784396" lon="80.0256106"/>
 <node id="3662922076" visible="true" version="1" changeset="32823700" timestamp="2015-07-23T11:41:28Z" user="maheshrkm" uid="2897465" lat="23.1784422" lon="80.0228472"/>
 <node id="3662922077" visible="true" version="1" changeset="32823700" timestamp="2015-07-23T11:41:28Z" user="maheshrkm" uid="2897465" lat="23.1784428" lon="80.0250331"/>
 <node id="3662922078" visible="true" version="1" changeset="32823700" timestamp="2015-07-23T11:41:28Z" user="maheshrkm" uid="2897465" lat="23.1784447" lon="80.0227998"/>
 <node id="3662922079" visible="true" version="1" changeset="32823700" timestamp="2015-07-23T11:41:28Z" user="maheshrkm" uid="2897465" lat="23.1784486" lon="80.0256051"/>
 <node id="3662922080" visible="true" version="1" changeset="32823700" timestamp="2015-07-23T11:41:28Z" user="maheshrkm" uid="2897465" lat="23.1784511" lon="80.0227708"/>
 <node id="3662922081" visible="true" version="1" changeset="32823700" timestamp="2015-07-23T11:41:28Z" user="maheshrkm" uid="2897465" lat="23.1784515" lon="80.0255354"/>
 <node id="3662922082" visible="true" version="1" changeset="32823700" timestamp="2015-07-23T11:41:28Z" user="maheshrkm" uid="2897465" lat="23.1784566" lon="80.0226186"/>
 <node id="3662922083" visible="true" version="1" changeset="32823700" timestamp="2015-07-23T11:41:28Z" user="maheshrkm" uid="2897465" lat="23.1784578" lon="80.0250210"/>
 <node id="3662922084" visible="true" version="1" changeset="32823700" timestamp="2015-07-23T11:41:28Z" user="maheshrkm" uid="2897465" lat="23.1784579" lon="80.0255477"/>
 <node id="3662922085" visible="true" version="1" changeset="32823700" timestamp="2015-07-23T11:41:28Z" user="maheshrkm" uid="2897465" lat="23.1784588" lon="80.0259765"/>
 <node id="3662922086" visible="true" version="1" changeset="32823700" timestamp="2015-07-23T11:41:28Z" user="maheshrkm" uid="2897465" lat="23.1784594" lon="80.0227777"/>
 <node id="3662922087" visible="true" version="1" changeset="32823700" timestamp="2015-07-23T11:41:28Z" user="maheshrkm" uid="2897465" lat="23.1784650" lon="80.0228258"/>
 <node id="3662922088" visible="true" version="1" changeset="32823700" timestamp="2015-07-23T11:41:28Z" user="maheshrkm" uid="2897465" lat="23.1784654" lon="80.0259890"/>
 <node id="3662922089" visible="true" version="1" changeset="32823700" timestamp="2015-07-23T11:41:28Z" user="maheshrkm" uid="2897465" lat="23.1784728" lon="80.0251644"/>
 <node id="3662922090" visible="true" version="1" changeset="32823700" timestamp="2015-07-23T11:41:28Z" user="maheshrkm" uid="2897465" lat="23.1784751" lon="80.0226330"/>
 <node id="3662922091" visible="true" version="1" changeset="32823700" timestamp="2015-07-23T11:41:28Z" user="maheshrkm" uid="2897465" lat="23.1784795" lon="80.0250809"/>
 <node id="3662922092" visible="true" version="1" changeset="32823700" timestamp="2015-07-23T11:41:28Z" user="maheshrkm" uid="2897465" lat="23.1784796" lon="80.0228944"/>
 <node id="3662922093" visible="true" version="1" changeset="32823700" timestamp="2015-07-23T11:41:28Z" user="maheshrkm" uid="2897465" lat="23.1784848" lon="80.0227257"/>
 <node id="3662922094" visible="true" version="1" changeset="32823700" timestamp="2015-07-23T11:41:28Z" user="maheshrkm" uid="2897465" lat="23.1784855" lon="80.0228065"/>
 <node id="3662922095" visible="true" version="1" changeset="32823700" timestamp="2015-07-23T11:41:28Z" user="maheshrkm" uid="2897465" lat="23.1784856" lon="80.0250742"/>
 <node id="3662922096" visible="true" version="1" changeset="32823700" timestamp="2015-07-23T11:41:28Z" user="maheshrkm" uid="2897465" lat="23.1784901" lon="80.0256851"/>
 <node id="3662922097" visible="true" version="1" changeset="32823700" timestamp="2015-07-23T11:41:28Z" user="maheshrkm" uid="2897465" lat="23.1784984" lon="80.0255067"/>
 <node id="3662922098" visible="true" version="1" changeset="32823700" timestamp="2015-07-23T11:41:28Z" user="maheshrkm" uid="2897465" lat="23.1785002" lon="80.0225993"/>
 <node id="3662922099" visible="true" version="1" changeset="32823700" timestamp="2015-07-23T11:41:28Z" user="maheshrkm" uid="2897465" lat="23.1785026" lon="80.0228728"/>
 <node id="3662922100" visible="true" version="1" changeset="32823700" timestamp="2015-07-23T11:41:28Z" user="maheshrkm" uid="2897465" lat="23.1785029" lon="80.0229137"/>
 <node id="3662922101" visible="true" version="1" changeset="32823700" timestamp="2015-07-23T11:41:28Z" user="maheshrkm" uid="2897465" lat="23.1785047" lon="80.0255190"/>
 <node id="3662922102" visible="true" version="1" changeset="32823700" timestamp="2015-07-23T11:41:28Z" user="maheshrkm" uid="2897465" lat="23.1785099" lon="80.0227836"/>
 <node id="3662922103" visible="true" version="1" changeset="32823700" timestamp="2015-07-23T11:41:28Z" user="maheshrkm" uid="2897465" lat="23.1785155" lon="80.0227497"/>
 <node id="3662922104" visible="true" version="1" changeset="32823700" timestamp="2015-07-23T11:41:28Z" user="maheshrkm" uid="2897465" lat="23.1785210" lon="80.0228556"/>
 <node id="3662922105" visible="true" version="1" changeset="32823700" timestamp="2015-07-23T11:41:28Z" user="maheshrkm" uid="2897465" lat="23.1785230" lon="80.0229050"/>
 <node id="3662922106" visible="true" version="1" changeset="32823700" timestamp="2015-07-23T11:41:29Z" user="maheshrkm" uid="2897465" lat="23.1785240" lon="80.0225075"/>
 <node id="3662922107" visible="true" version="1" changeset="32823700" timestamp="2015-07-23T11:41:29Z" user="maheshrkm" uid="2897465" lat="23.1785257" lon="80.0229762"/>
 <node id="3662922108" visible="true" version="1" changeset="32823700" timestamp="2015-07-23T11:41:29Z" user="maheshrkm" uid="2897465" lat="23.1785296" lon="80.0252806"/>
 <node id="3662922109" visible="true" version="1" changeset="32823700" timestamp="2015-07-23T11:41:29Z" user="maheshrkm" uid="2897465" lat="23.1785301" lon="80.0251081"/>
 <node id="3662922110" visible="true" version="1" changeset="32823700" timestamp="2015-07-23T11:41:29Z" user="maheshrkm" uid="2897465" lat="23.1785305" lon="80.0230215"/>
 <node id="3662922111" visible="true" version="1" changeset="32823700" timestamp="2015-07-23T11:41:29Z" user="maheshrkm" uid="2897465" lat="23.1785394" lon="80.0230957"/>
 <node id="3662922112" visible="true" version="1" changeset="32823700" timestamp="2015-07-23T11:41:29Z" user="maheshrkm" uid="2897465" lat="23.1785425" lon="80.0226856"/>
 <node id="3662922113" visible="true" version="1" changeset="32823700" timestamp="2015-07-23T11:41:29Z" user="maheshrkm" uid="2897465" lat="23.1785474" lon="80.0228307"/>
 <node id="3662922114" visible="true" version="1" changeset="32823700" timestamp="2015-07-23T11:41:29Z" user="maheshrkm" uid="2897465" lat="23.1785487" lon="80.0254758"/>
 <node id="3662922115" visible="true" version="1" changeset="32823700" timestamp="2015-07-23T11:41:29Z" user="maheshrkm" uid="2897465" lat="23.1785499" lon="80.0229657"/>
 <node id="3662922116" visible="true" version="1" changeset="32823700" timestamp="2015-07-23T11:41:29Z" user="maheshrkm" uid="2897465" lat="23.1785526" lon="80.0226935"/>
 <node id="3662922117" visible="true" version="1" changeset="32823700" timestamp="2015-07-23T11:41:29Z" user="maheshrkm" uid="2897465" lat="23.1785535" lon="80.0229070"/>
 <node id="3662922118" visible="true" version="1" changeset="32823700" timestamp="2015-07-23T11:41:29Z" user="maheshrkm" uid="2897465" lat="23.1785540" lon="80.0252612"/>
 <node id="3662922119" visible="true" version="1" changeset="32823700" timestamp="2015-07-23T11:41:29Z" user="maheshrkm" uid="2897465" lat="23.1785556" lon="80.0260340"/>
 <node id="3662922120" visible="true" version="1" changeset="32823700" timestamp="2015-07-23T11:41:29Z" user="maheshrkm" uid="2897465" lat="23.1785575" lon="80.0254929"/>
 <node id="3662922121" visible="true" version="1" changeset="32823700" timestamp="2015-07-23T11:41:29Z" user="maheshrkm" uid="2897465" lat="23.1785595" lon="80.0230174"/>
 <node id="3662922122" visible="true" version="1" changeset="32823700" timestamp="2015-07-23T11:41:29Z" user="maheshrkm" uid="2897465" lat="23.1785757" lon="80.0229690"/>
 <node id="3662922123" visible="true" version="1" changeset="32823700" timestamp="2015-07-23T11:41:29Z" user="maheshrkm" uid="2897465" lat="23.1785768" lon="80.0253974"/>
 <node id="3662922124" visible="true" version="1" changeset="32823700" timestamp="2015-07-23T11:41:29Z" user="maheshrkm" uid="2897465" lat="23.1785840" lon="80.0230139"/>
 <node id="3662922125" visible="true" version="1" changeset="32823700" timestamp="2015-07-23T11:41:29Z" user="maheshrkm" uid="2897465" lat="23.1785850" lon="80.0226287"/>
 <node id="3662922126" visible="true" version="1" changeset="32823700" timestamp="2015-07-23T11:41:29Z" user="maheshrkm" uid="2897465" lat="23.1785867" lon="80.0254525"/>
 <node id="3662922127" visible="true" version="1" changeset="32823700" timestamp="2015-07-23T11:41:29Z" user="maheshrkm" uid="2897465" lat="23.1785883" lon="80.0228712"/>
 <node id="3662922128" visible="true" version="1" changeset="32823700" timestamp="2015-07-23T11:41:29Z" user="maheshrkm" uid="2897465" lat="23.1785955" lon="80.0254696"/>
 <node id="3662922129" visible="true" version="1" changeset="32823700" timestamp="2015-07-23T11:41:29Z" user="maheshrkm" uid="2897465" lat="23.1785958" lon="80.0228901"/>
 <node id="3662922130" visible="true" version="1" changeset="32823700" timestamp="2015-07-23T11:41:29Z" user="maheshrkm" uid="2897465" lat="23.1785963" lon="80.0226519"/>
 <node id="3662922131" visible="true" version="1" changeset="32823700" timestamp="2015-07-23T11:41:29Z" user="maheshrkm" uid="2897465" lat="23.1786007" lon="80.0225310"/>
 <node id="3662922132" visible="true" version="1" changeset="32823700" timestamp="2015-07-23T11:41:29Z" user="maheshrkm" uid="2897465" lat="23.1786010" lon="80.0226336"/>
 <node id="3662922133" visible="true" version="1" changeset="32823700" timestamp="2015-07-23T11:41:29Z" user="maheshrkm" uid="2897465" lat="23.1786011" lon="80.0254437"/>
 <node id="3662922134" visible="true" version="1" changeset="32823700" timestamp="2015-07-23T11:41:29Z" user="maheshrkm" uid="2897465" lat="23.1786147" lon="80.0230096"/>
 <node id="3662922135" visible="true" version="1" changeset="32823700" timestamp="2015-07-23T11:41:29Z" user="maheshrkm" uid="2897465" lat="23.1786152" lon="80.0253696"/>
 <node id="3662922136" visible="true" version="1" changeset="32823700" timestamp="2015-07-23T11:41:29Z" user="maheshrkm" uid="2897465" lat="23.1786199" lon="80.0262085"/>
 <node id="3662922137" visible="true" version="1" changeset="32823700" timestamp="2015-07-23T11:41:29Z" user="maheshrkm" uid="2897465" lat="23.1786203" lon="80.0229513"/>
 <node id="3662922138" visible="true" version="1" changeset="32823700" timestamp="2015-07-23T11:41:29Z" user="maheshrkm" uid="2897465" lat="23.1786216" lon="80.0261625"/>
 <node id="3662922139" visible="true" version="1" changeset="32823700" timestamp="2015-07-23T11:41:29Z" user="maheshrkm" uid="2897465" lat="23.1786236" lon="80.0230837"/>
 <node id="3662922140" visible="true" version="1" changeset="32823700" timestamp="2015-07-23T11:41:29Z" user="maheshrkm" uid="2897465" lat="23.1786353" lon="80.0229890"/>
 <node id="3662922141" visible="true" version="1" changeset="32823700" timestamp="2015-07-23T11:41:29Z" user="maheshrkm" uid="2897465" lat="23.1786400" lon="80.0255935"/>
 <node id="3662922142" visible="true" version="1" changeset="32823700" timestamp="2015-07-23T11:41:29Z" user="maheshrkm" uid="2897465" lat="23.1786466" lon="80.0228437"/>
 <node id="3662922143" visible="true" version="1" changeset="32823700" timestamp="2015-07-23T11:41:29Z" user="maheshrkm" uid="2897465" lat="23.1786512" lon="80.0225245"/>
 <node id="3662922144" visible="true" version="1" changeset="32823700" timestamp="2015-07-23T11:41:29Z" user="maheshrkm" uid="2897465" lat="23.1786557" lon="80.0228663"/>
 <node id="3662922145" visible="true" version="1" changeset="32823700" timestamp="2015-07-23T11:41:29Z" user="maheshrkm" uid="2897465" lat="23.1786605" lon="80.0256323"/>
 <node id="3662922146" visible="true" version="1" changeset="32823700" timestamp="2015-07-23T11:41:29Z" user="maheshrkm" uid="2897465" lat="23.1786671" lon="80.0226736"/>
 <node id="3662922147" visible="true" version="1" changeset="32823700" timestamp="2015-07-23T11:41:29Z" user="maheshrkm" uid="2897465" lat="23.1786718" lon="80.0226553"/>
 <node id="3662922148" visible="true" version="1" changeset="32823700" timestamp="2015-07-23T11:41:29Z" user="maheshrkm" uid="2897465" lat="23.1786887" lon="80.0229492"/>
 <node id="3662922149" visible="true" version="1" changeset="32823700" timestamp="2015-07-23T11:41:29Z" user="maheshrkm" uid="2897465" lat="23.1786931" lon="80.0228515"/>
 <node id="3662922150" visible="true" version="1" changeset="32823700" timestamp="2015-07-23T11:41:29Z" user="maheshrkm" uid="2897465" lat="23.1786936" lon="80.0229615"/>
 <node id="3662922151" visible="true" version="1" changeset="32823700" timestamp="2015-07-23T11:41:30Z" user="maheshrkm" uid="2897465" lat="23.1786940" lon="80.0263528"/>
 <node id="3662922152" visible="true" version="1" changeset="32823700" timestamp="2015-07-23T11:41:30Z" user="maheshrkm" uid="2897465" lat="23.1786979" lon="80.0225512"/>
 <node id="3662922153" visible="true" version="1" changeset="32823700" timestamp="2015-07-23T11:41:30Z" user="maheshrkm" uid="2897465" lat="23.1787009" lon="80.0225397"/>
 <node id="3662922154" visible="true" version="1" changeset="32823700" timestamp="2015-07-23T11:41:30Z" user="maheshrkm" uid="2897465" lat="23.1787010" lon="80.0257118"/>
 <node id="3662922155" visible="true" version="1" changeset="32823700" timestamp="2015-07-23T11:41:30Z" user="maheshrkm" uid="2897465" lat="23.1787047" lon="80.0255530"/>
 <node id="3662922156" visible="true" version="1" changeset="32823700" timestamp="2015-07-23T11:41:30Z" user="maheshrkm" uid="2897465" lat="23.1787265" lon="80.0226721"/>
 <node id="3662922157" visible="true" version="1" changeset="32823700" timestamp="2015-07-23T11:41:30Z" user="maheshrkm" uid="2897465" lat="23.1787508" lon="80.0229502"/>
 <node id="3662922158" visible="true" version="1" changeset="32823700" timestamp="2015-07-23T11:41:30Z" user="maheshrkm" uid="2897465" lat="23.1787520" lon="80.0229240"/>
 <node id="3662922159" visible="true" version="1" changeset="32823700" timestamp="2015-07-23T11:41:30Z" user="maheshrkm" uid="2897465" lat="23.1787526" lon="80.0258093"/>
 <node id="3662922160" visible="true" version="1" changeset="32823700" timestamp="2015-07-23T11:41:30Z" user="maheshrkm" uid="2897465" lat="23.1787534" lon="80.0225682"/>
 <node id="3662922161" visible="true" version="1" changeset="32823700" timestamp="2015-07-23T11:41:30Z" user="maheshrkm" uid="2897465" lat="23.1787568" lon="80.0227860"/>
 <node id="3662922162" visible="true" version="1" changeset="32823700" timestamp="2015-07-23T11:41:30Z" user="maheshrkm" uid="2897465" lat="23.1787635" lon="80.0229372"/>
 <node id="3662922163" visible="true" version="1" changeset="32823700" timestamp="2015-07-23T11:41:30Z" user="maheshrkm" uid="2897465" lat="23.1787669" lon="80.0256705"/>
 <node id="3662922164" visible="true" version="1" changeset="32823700" timestamp="2015-07-23T11:41:30Z" user="maheshrkm" uid="2897465" lat="23.1787884" lon="80.0258926"/>
 <node id="3662922165" visible="true" version="1" changeset="32823700" timestamp="2015-07-23T11:41:30Z" user="maheshrkm" uid="2897465" lat="23.1788013" lon="80.0230084"/>
 <node id="3662922166" visible="true" version="1" changeset="32823700" timestamp="2015-07-23T11:41:30Z" user="maheshrkm" uid="2897465" lat="23.1788116" lon="80.0228490"/>
 <node id="3662922167" visible="true" version="1" changeset="32823700" timestamp="2015-07-23T11:41:30Z" user="maheshrkm" uid="2897465" lat="23.1788140" lon="80.0229953"/>
 <node id="3662922168" visible="true" version="1" changeset="32823700" timestamp="2015-07-23T11:41:30Z" user="maheshrkm" uid="2897465" lat="23.1788530" lon="80.0230403"/>
 <node id="3662922169" visible="true" version="1" changeset="32823700" timestamp="2015-07-23T11:41:30Z" user="maheshrkm" uid="2897465" lat="23.1788544" lon="80.0260211"/>
 <node id="3662922170" visible="true" version="1" changeset="32823700" timestamp="2015-07-23T11:41:30Z" user="maheshrkm" uid="2897465" lat="23.1788580" lon="80.0228715"/>
 <node id="3662922171" visible="true" version="1" changeset="32823700" timestamp="2015-07-23T11:41:30Z" user="maheshrkm" uid="2897465" lat="23.1788726" lon="80.0260549"/>
 <node id="3662922172" visible="true" version="1" changeset="32823700" timestamp="2015-07-23T11:41:30Z" user="maheshrkm" uid="2897465" lat="23.1788855" lon="80.0229205"/>
 <node id="3662922173" visible="true" version="1" changeset="32823700" timestamp="2015-07-23T11:41:30Z" user="maheshrkm" uid="2897465" lat="23.1788935" lon="80.0229123"/>
 <node id="3662922174" visible="true" version="1" changeset="32823700" timestamp="2015-07-23T11:41:30Z" user="maheshrkm" uid="2897465" lat="23.1789251" lon="80.0229661"/>
 <node id="3662922175" visible="true" version="1" changeset="32823700" timestamp="2015-07-23T11:41:30Z" user="maheshrkm" uid="2897465" lat="23.1789467" lon="80.0261993"/>
 <node id="3662922176" visible="true" version="1" changeset="32823700" timestamp="2015-07-23T11:41:30Z" user="maheshrkm" uid="2897465" lat="23.1792556" lon="80.0233201"/>
 <node id="3662922177" visible="true" version="1" changeset="32823700" timestamp="2015-07-23T11:41:30Z" user="maheshrkm" uid="2897465" lat="23.1792564" lon="80.0233607"/>
 <node id="3662922178" visible="true" version="1" changeset="32823700" timestamp="2015-07-23T11:41:30Z" user="maheshrkm" uid="2897465" lat="23.1792696" lon="80.0233265"/>
 <node id="3662922179" visible="true" version="1" changeset="32823700" timestamp="2015-07-23T11:41:30Z" user="maheshrkm" uid="2897465" lat="23.1792731" lon="80.0233768"/>
 <node id="3662922180" visible="true" version="1" changeset="32823700" timestamp="2015-07-23T11:41:30Z" user="maheshrkm" uid="2897465" lat="23.1792739" lon="80.0232729"/>
 <node id="3662922181" visible="true" version="1" changeset="32823700" timestamp="2015-07-23T11:41:30Z" user="maheshrkm" uid="2897465" lat="23.1792759" lon="80.0233696"/>
 <node id="3662922182" visible="true" version="1" changeset="32823700" timestamp="2015-07-23T11:41:30Z" user="maheshrkm" uid="2897465" lat="23.1793235" lon="80.0233999"/>
 <node id="3662922183" visible="true" version="1" changeset="32823700" timestamp="2015-07-23T11:41:30Z" user="maheshrkm" uid="2897465" lat="23.1793275" lon="80.0232975"/>
 <node id="3662922184" visible="true" version="1" changeset="32823700" timestamp="2015-07-23T11:41:30Z" user="maheshrkm" uid="2897465" lat="23.1793320" lon="80.0232859"/>
 <node id="3662922185" visible="true" version="1" changeset="32823700" timestamp="2015-07-23T11:41:30Z" user="maheshrkm" uid="2897465" lat="23.1793365" lon="80.0233661"/>
 <node id="3662922186" visible="true" version="1" changeset="32823700" timestamp="2015-07-23T11:41:30Z" user="maheshrkm" uid="2897465" lat="23.1793530" lon="80.0233371"/>
 <node id="3662922187" visible="true" version="1" changeset="32823700" timestamp="2015-07-23T11:41:30Z" user="maheshrkm" uid="2897465" lat="23.1793553" lon="80.0233748"/>
 <node id="3662922188" visible="true" version="1" changeset="32823700" timestamp="2015-07-23T11:41:30Z" user="maheshrkm" uid="2897465" lat="23.1793586" lon="80.0232981"/>
 <node id="3662922189" visible="true" version="1" changeset="32823700" timestamp="2015-07-23T11:41:30Z" user="maheshrkm" uid="2897465" lat="23.1793619" lon="80.0233321"/>
 <node id="3662922190" visible="true" version="1" changeset="32823700" timestamp="2015-07-23T11:41:30Z" user="maheshrkm" uid="2897465" lat="23.1793633" lon="80.0233104"/>
 <node id="3662922191" visible="true" version="1" changeset="32823700" timestamp="2015-07-23T11:41:30Z" user="maheshrkm" uid="2897465" lat="23.1793674" lon="80.0233437"/>
 <node id="3662922192" visible="true" version="1" changeset="32823700" timestamp="2015-07-23T11:41:30Z" user="maheshrkm" uid="2897465" lat="23.1793675" lon="80.0233118"/>
 <node id="3662922193" visible="true" version="1" changeset="32823700" timestamp="2015-07-23T11:41:30Z" user="maheshrkm" uid="2897465" lat="23.1793688" lon="80.0232614"/>
 <node id="3662922194" visible="true" version="1" changeset="32823700" timestamp="2015-07-23T11:41:30Z" user="maheshrkm" uid="2897465" lat="23.1793732" lon="80.0233364"/>
 <node id="3662922195" visible="true" version="1" changeset="32823700" timestamp="2015-07-23T11:41:30Z" user="maheshrkm" uid="2897465" lat="23.1793815" lon="80.0233346"/>
 <node id="3662922196" visible="true" version="1" changeset="32823700" timestamp="2015-07-23T11:41:30Z" user="maheshrkm" uid="2897465" lat="23.1793902" lon="80.0233361"/>
 <node id="3662922197" visible="true" version="1" changeset="32823700" timestamp="2015-07-23T11:41:30Z" user="maheshrkm" uid="2897465" lat="23.1793964" lon="80.0234317"/>
 <node id="3662922198" visible="true" version="1" changeset="32823700" timestamp="2015-07-23T11:41:30Z" user="maheshrkm" uid="2897465" lat="23.1793969" lon="80.0233839"/>
 <node id="3662922199" visible="true" version="1" changeset="32823700" timestamp="2015-07-23T11:41:30Z" user="maheshrkm" uid="2897465" lat="23.1793979" lon="80.0233411"/>
 <node id="3662922200" visible="true" version="1" changeset="32823700" timestamp="2015-07-23T11:41:30Z" user="maheshrkm" uid="2897465" lat="23.1794041" lon="80.0233476"/>
 <node id="3662922201" visible="true" version="1" changeset="32823700" timestamp="2015-07-23T11:41:30Z" user="maheshrkm" uid="2897465" lat="23.1794052" lon="80.0233569"/>
 <node id="3662922202" visible="true" version="1" changeset="32823700" timestamp="2015-07-23T11:41:30Z" user="maheshrkm" uid="2897465" lat="23.1794096" lon="80.0233885"/>
 <node id="3662922203" visible="true" version="1" changeset="32823700" timestamp="2015-07-23T11:41:30Z" user="maheshrkm" uid="2897465" lat="23.1794179" lon="80.0233615"/>
 <node id="3662922204" visible="true" version="1" changeset="32823700" timestamp="2015-07-23T11:41:30Z" user="maheshrkm" uid="2897465" lat="23.1794184" lon="80.0233506"/>
 <node id="3662922205" visible="true" version="1" changeset="32823700" timestamp="2015-07-23T11:41:30Z" user="maheshrkm" uid="2897465" lat="23.1794246" lon="80.0233280"/>
 <node id="3662922206" visible="true" version="1" changeset="32823700" timestamp="2015-07-23T11:41:30Z" user="maheshrkm" uid="2897465" lat="23.1794278" lon="80.0233291"/>
 <node id="3662922207" visible="true" version="1" changeset="32823700" timestamp="2015-07-23T11:41:30Z" user="maheshrkm" uid="2897465" lat="23.1794478" lon="80.0233247"/>
 <node id="3662922208" visible="true" version="1" changeset="32823700" timestamp="2015-07-23T11:41:30Z" user="maheshrkm" uid="2897465" lat="23.1794497" lon="80.0234509"/>
 <node id="3662922209" visible="true" version="1" changeset="32823700" timestamp="2015-07-23T11:41:30Z" user="maheshrkm" uid="2897465" lat="23.1794515" lon="80.0234451"/>
 <node id="3662922210" visible="true" version="1" changeset="32823700" timestamp="2015-07-23T11:41:30Z" user="maheshrkm" uid="2897465" lat="23.1794573" lon="80.0232905"/>
 <node id="3662922211" visible="true" version="1" changeset="32823700" timestamp="2015-07-23T11:41:30Z" user="maheshrkm" uid="2897465" lat="23.1794641" lon="80.0233516"/>
 <node id="3662922212" visible="true" version="1" changeset="32823700" timestamp="2015-07-23T11:41:31Z" user="maheshrkm" uid="2897465" lat="23.1794699" lon="80.0233327"/>
 <node id="3662922213" visible="true" version="1" changeset="32823700" timestamp="2015-07-23T11:41:31Z" user="maheshrkm" uid="2897465" lat="23.1794707" lon="80.0248874"/>
 <node id="3662922214" visible="true" version="1" changeset="32823700" timestamp="2015-07-23T11:41:31Z" user="maheshrkm" uid="2897465" lat="23.1794802" lon="80.0234555"/>
 <node id="3662922215" visible="true" version="1" changeset="32823700" timestamp="2015-07-23T11:41:31Z" user="maheshrkm" uid="2897465" lat="23.1794919" lon="80.0234175"/>
 <node id="3662922216" visible="true" version="1" changeset="32823700" timestamp="2015-07-23T11:41:31Z" user="maheshrkm" uid="2897465" lat="23.1794929" lon="80.0247797"/>
 <node id="3662922217" visible="true" version="1" changeset="32823700" timestamp="2015-07-23T11:41:31Z" user="maheshrkm" uid="2897465" lat="23.1794954" lon="80.0233828"/>
 <node id="3662922218" visible="true" version="1" changeset="32823700" timestamp="2015-07-23T11:41:31Z" user="maheshrkm" uid="2897465" lat="23.1795009" lon="80.0233649"/>
 <node id="3662922219" visible="true" version="1" changeset="32823700" timestamp="2015-07-23T11:41:31Z" user="maheshrkm" uid="2897465" lat="23.1795054" lon="80.0234223"/>
 <node id="3662922220" visible="true" version="1" changeset="32823700" timestamp="2015-07-23T11:41:31Z" user="maheshrkm" uid="2897465" lat="23.1795153" lon="80.0233900"/>
 <node id="3662922221" visible="true" version="1" changeset="32823700" timestamp="2015-07-23T11:41:31Z" user="maheshrkm" uid="2897465" lat="23.1795309" lon="80.0249021"/>
 <node id="3662922222" visible="true" version="1" changeset="32823700" timestamp="2015-07-23T11:41:31Z" user="maheshrkm" uid="2897465" lat="23.1795531" lon="80.0247944"/>
 <node id="5468054230" visible="true" version="1" changeset="57043278" timestamp="2018-03-09T20:18:39Z" user="indigomc" uid="136860" lat="23.1644300" lon="80.0211954"/>
 <node id="5468054231" visible="true" version="1" changeset="57043278" timestamp="2018-03-09T20:18:39Z" user="indigomc" uid="136860" lat="23.1683360" lon="80.0182343"/>
 <node id="5468054232" visible="true" version="1" changeset="57043278" timestamp="2018-03-09T20:18:39Z" user="indigomc" uid="136860" lat="23.1705849" lon="80.0147581"/>
 <node id="5468054233" visible="true" version="1" changeset="57043278" timestamp="2018-03-09T20:18:39Z" user="indigomc" uid="136860" lat="23.1607211" lon="80.0187922"/>
 <node id="5468054234" visible="true" version="1" changeset="57043278" timestamp="2018-03-09T20:18:39Z" user="indigomc" uid="136860" lat="23.1695591" lon="80.0223970"/>
 <node id="5468054235" visible="true" version="1" changeset="57043278" timestamp="2018-03-09T20:18:39Z" user="indigomc" uid="136860" lat="23.1624572" lon="80.0249720"/>
 <node id="5468054236" visible="true" version="1" changeset="57043278" timestamp="2018-03-09T20:18:39Z" user="indigomc" uid="136860" lat="23.1664422" lon="80.0171185"/>
 <node id="5468054237" visible="true" version="1" changeset="57043278" timestamp="2018-03-09T20:18:39Z" user="indigomc" uid="136860" lat="23.1709400" lon="80.0156593"/>
 <node id="5468054238" visible="true" version="1" changeset="57043278" timestamp="2018-03-09T20:18:39Z" user="indigomc" uid="136860" lat="23.1603660" lon="80.0200367"/>
 <node id="5468054239" visible="true" version="1" changeset="57043278" timestamp="2018-03-09T20:18:39Z" user="indigomc" uid="136860" lat="23.1712162" lon="80.0187063"/>
 <node id="5468054240" visible="true" version="1" changeset="57043278" timestamp="2018-03-09T20:18:39Z" user="indigomc" uid="136860" lat="23.1603660" lon="80.0246716"/>
 <node id="5468054241" visible="true" version="1" changeset="57043278" timestamp="2018-03-09T20:18:39Z" user="indigomc" uid="136860" lat="23.1698748" lon="80.0253153"/>
 <node id="5468054242" visible="true" version="1" changeset="57043278" timestamp="2018-03-09T20:18:39Z" user="indigomc" uid="136860" lat="23.1652980" lon="80.0147581"/>
 <node id="5468054243" visible="true" version="1" changeset="57043278" timestamp="2018-03-09T20:18:39Z" user="indigomc" uid="136860" lat="23.1668762" lon="80.0164747"/>
 <node id="5468054244" visible="true" version="1" changeset="57043278" timestamp="2018-03-09T20:18:39Z" user="indigomc" uid="136860" lat="23.1701509" lon="80.0212383"/>
 <node id="5468054245" visible="true" version="1" changeset="57043278" timestamp="2018-03-09T20:18:39Z" user="indigomc" uid="136860" lat="23.1714924" lon="80.0148010"/>
 <node id="5468054246" visible="true" version="1" changeset="57043278" timestamp="2018-03-09T20:18:39Z" user="indigomc" uid="136860" lat="23.1718474" lon="80.0184488"/>
 <node id="5468054247" visible="true" version="1" changeset="57043278" timestamp="2018-03-09T20:18:39Z" user="indigomc" uid="136860" lat="23.1605633" lon="80.0254869"/>
 <node id="5468054248" visible="true" version="1" changeset="57043278" timestamp="2018-03-09T20:18:39Z" user="indigomc" uid="136860" lat="23.1657320" lon="80.0188351"/>
 <node id="5468054249" visible="true" version="1" changeset="57043278" timestamp="2018-03-09T20:18:39Z" user="indigomc" uid="136860" lat="23.1613130" lon="80.0180626"/>
 <node id="5468054250" visible="true" version="1" changeset="57043278" timestamp="2018-03-09T20:18:39Z" user="indigomc" uid="136860" lat="23.1700720" lon="80.0221825"/>
 <node id="5468054251" visible="true" version="1" changeset="57043278" timestamp="2018-03-09T20:18:39Z" user="indigomc" uid="136860" lat="23.1708611" lon="80.0194359"/>
 <node id="5468054252" visible="true" version="1" changeset="57043278" timestamp="2018-03-09T20:18:39Z" user="indigomc" uid="136860" lat="23.1613130" lon="80.0223541"/>
 <node id="5468054253" visible="true" version="1" changeset="57043278" timestamp="2018-03-09T20:18:39Z" user="indigomc" uid="136860" lat="23.1652191" lon="80.0217962"/>
 <node id="5468054254" visible="true" version="1" changeset="57043278" timestamp="2018-03-09T20:18:39Z" user="indigomc" uid="136860" lat="23.1704666" lon="80.0160885"/>
 <node id="5468054255" visible="true" version="1" changeset="57043278" timestamp="2018-03-09T20:18:39Z" user="indigomc" uid="136860" lat="23.1675864" lon="80.0132132"/>
 <node id="5468054256" visible="true" version="1" changeset="57043278" timestamp="2018-03-09T20:18:39Z" user="indigomc" uid="136860" lat="23.1699931" lon="80.0205517"/>
 <node id="5468054257" visible="true" version="1" changeset="57043278" timestamp="2018-03-09T20:18:39Z" user="indigomc" uid="136860" lat="23.1606028" lon="80.0238991"/>
 <node id="5468054258" visible="true" version="1" changeset="57043278" timestamp="2018-03-09T20:18:39Z" user="indigomc" uid="136860" lat="23.1656531" lon="80.0211525"/>
 <node id="5468054259" visible="true" version="1" changeset="57043278" timestamp="2018-03-09T20:18:39Z" user="indigomc" uid="136860" lat="23.1602082" lon="80.0210667"/>
 <node id="5468054260" visible="true" version="1" changeset="57043278" timestamp="2018-03-09T20:18:39Z" user="indigomc" uid="136860" lat="23.1699931" lon="80.0250149"/>
 <node id="5468054261" visible="true" version="1" changeset="57043278" timestamp="2018-03-09T20:18:39Z" user="indigomc" uid="136860" lat="23.1633647" lon="80.0221825"/>
 <node id="5468054262" visible="true" version="1" changeset="57043278" timestamp="2018-03-09T20:18:39Z" user="indigomc" uid="136860" lat="23.1683360" lon="80.0173759"/>
 <node id="5468054263" visible="true" version="1" changeset="57043278" timestamp="2018-03-09T20:18:39Z" user="indigomc" uid="136860" lat="23.1708611" lon="80.0145435"/>
 <node id="5468054264" visible="true" version="1" changeset="57043278" timestamp="2018-03-09T20:18:39Z" user="indigomc" uid="136860" lat="23.1604844" lon="80.0215387"/>
 <node id="5468059214" visible="true" version="1" changeset="57043278" timestamp="2018-03-09T20:18:36Z" user="indigomc" uid="136860" lat="23.1684149" lon="80.0519657"/>
 <node id="5468059215" visible="true" version="1" changeset="57043278" timestamp="2018-03-09T20:18:36Z" user="indigomc" uid="136860" lat="23.1700720" lon="80.0509357"/>
 <node id="5468059216" visible="true" version="1" changeset="57043278" timestamp="2018-03-09T20:18:36Z" user="indigomc" uid="136860" lat="23.1694013" lon="80.0502920"/>
 <node id="5468059217" visible="true" version="1" changeset="57043278" timestamp="2018-03-09T20:18:36Z" user="indigomc" uid="136860" lat="23.1680599" lon="80.0503778"/>
 <node id="5468059218" visible="true" version="1" changeset="57043278" timestamp="2018-03-09T20:18:36Z" user="indigomc" uid="136860" lat="23.1685333" lon="80.0520945"/>
 <node id="5468059219" visible="true" version="1" changeset="57043278" timestamp="2018-03-09T20:18:36Z" user="indigomc" uid="136860" lat="23.1699537" lon="80.0520945"/>
 <node id="5468059220" visible="true" version="1" changeset="57043278" timestamp="2018-03-09T20:18:36Z" user="indigomc" uid="136860" lat="23.1691646" lon="80.0502920"/>
 <node id="5468059221" visible="true" version="1" changeset="57043278" timestamp="2018-03-09T20:18:36Z" user="indigomc" uid="136860" lat="23.1677048" lon="80.0508499"/>
 <node id="5468059222" visible="true" version="1" changeset="57043278" timestamp="2018-03-09T20:18:36Z" user="indigomc" uid="136860" lat="23.1690857" lon="80.0502062"/>
 <node id="5468059223" visible="true" version="1" changeset="57043278" timestamp="2018-03-09T20:18:36Z" user="indigomc" uid="136860" lat="23.1701509" lon="80.0516224"/>
 <node id="5468059224" visible="true" version="1" changeset="57043278" timestamp="2018-03-09T20:18:36Z" user="indigomc" uid="136860" lat="23.1677048" lon="80.0509357"/>
 <node id="5468059225" visible="true" version="1" changeset="57043278" timestamp="2018-03-09T20:18:36Z" user="indigomc" uid="136860" lat="23.1700720" lon="80.0515366"/>
 <node id="5468059226" visible="true" version="1" changeset="57043278" timestamp="2018-03-09T20:18:36Z" user="indigomc" uid="136860" lat="23.1701509" lon="80.0517941"/>
 <node id="5468059227" visible="true" version="1" changeset="57043278" timestamp="2018-03-09T20:18:36Z" user="indigomc" uid="136860" lat="23.1701509" lon="80.0513649"/>
 <node id="5468059228" visible="true" version="1" changeset="57043278" timestamp="2018-03-09T20:18:36Z" user="indigomc" uid="136860" lat="23.1684544" lon="80.0502062"/>
 <node id="5468059229" visible="true" version="1" changeset="57043278" timestamp="2018-03-09T20:18:36Z" user="indigomc" uid="136860" lat="23.1683360" lon="80.0516224"/>
 <node id="5468059230" visible="true" version="1" changeset="57043278" timestamp="2018-03-09T20:18:36Z" user="indigomc" uid="136860" lat="23.1708611" lon="80.0221825"/>
 <node id="5468059231" visible="true" version="1" changeset="57043278" timestamp="2018-03-09T20:18:36Z" user="indigomc" uid="136860" lat="23.1611946" lon="80.0255728"/>
 <node id="5468059232" visible="true" version="1" changeset="57043278" timestamp="2018-03-09T20:18:36Z" user="indigomc" uid="136860" lat="23.1684939" lon="80.0188351"/>
 <node id="5468059233" visible="true" version="1" changeset="57043278" timestamp="2018-03-09T20:18:36Z" user="indigomc" uid="136860" lat="23.1697169" lon="80.0146723"/>
 <node id="5468059234" visible="true" version="1" changeset="57043278" timestamp="2018-03-09T20:18:36Z" user="indigomc" uid="136860" lat="23.1601293" lon="80.0196934"/>
 <node id="5468059235" visible="true" version="1" changeset="57043278" timestamp="2018-03-09T20:18:36Z" user="indigomc" uid="136860" lat="23.1695197" lon="80.0227833"/>
 <node id="5468059236" visible="true" version="1" changeset="57043278" timestamp="2018-03-09T20:18:36Z" user="indigomc" uid="136860" lat="23.1627334" lon="80.0247574"/>
 <node id="5468059237" visible="true" version="1" changeset="57043278" timestamp="2018-03-09T20:18:36Z" user="indigomc" uid="136860" lat="23.1666395" lon="80.0166464"/>
 <node id="5468059238" visible="true" version="1" changeset="57043278" timestamp="2018-03-09T20:18:36Z" user="indigomc" uid="136860" lat="23.1604449" lon="80.0202942"/>
 <node id="5468059239" visible="true" version="1" changeset="57043278" timestamp="2018-03-09T20:18:36Z" user="indigomc" uid="136860" lat="23.1715713" lon="80.0148869"/>
 <node id="5468059240" visible="true" version="1" changeset="57043278" timestamp="2018-03-09T20:18:36Z" user="indigomc" uid="136860" lat="23.1720052" lon="80.0184488"/>
 <node id="5468059241" visible="true" version="1" changeset="57043278" timestamp="2018-03-09T20:18:36Z" user="indigomc" uid="136860" lat="23.1598531" lon="80.0256586"/>
 <node id="5468059242" visible="true" version="1" changeset="57043278" timestamp="2018-03-09T20:18:36Z" user="indigomc" uid="136860" lat="23.1658109" lon="80.0190067"/>
 <node id="5468059243" visible="true" version="1" changeset="57043278" timestamp="2018-03-09T20:18:36Z" user="indigomc" uid="136860" lat="23.1647456" lon="80.0151873"/>
 <node id="5468059244" visible="true" version="1" changeset="57043278" timestamp="2018-03-09T20:18:36Z" user="indigomc" uid="136860" lat="23.1715713" lon="80.0144577"/>
 <node id="5468059245" visible="true" version="1" changeset="57043278" timestamp="2018-03-09T20:18:36Z" user="indigomc" uid="136860" lat="23.1700720" lon="80.0219250"/>
 <node id="5468059246" visible="true" version="1" changeset="57043278" timestamp="2018-03-09T20:18:36Z" user="indigomc" uid="136860" lat="23.1710978" lon="80.0214958"/>
 <node id="5468059247" visible="true" version="1" changeset="57043278" timestamp="2018-03-09T20:18:36Z" user="indigomc" uid="136860" lat="23.1608000" lon="80.0258303"/>
 <node id="5468059248" visible="true" version="1" changeset="57043278" timestamp="2018-03-09T20:18:36Z" user="indigomc" uid="136860" lat="23.1658898" lon="80.0184059"/>
 <node id="5468059249" visible="true" version="1" changeset="57043278" timestamp="2018-03-09T20:18:36Z" user="indigomc" uid="136860" lat="23.1680599" lon="80.0134706"/>
 <node id="5468059250" visible="true" version="1" changeset="57043278" timestamp="2018-03-09T20:18:36Z" user="indigomc" uid="136860" lat="23.1691251" lon="80.0190926"/>
 <node id="5468059251" visible="true" version="1" changeset="57043278" timestamp="2018-03-09T20:18:36Z" user="indigomc" uid="136860" lat="23.1707822" lon="80.0190067"/>
 <node id="5468059252" visible="true" version="1" changeset="57043278" timestamp="2018-03-09T20:18:36Z" user="indigomc" uid="136860" lat="23.1609184" lon="80.0234699"/>
 <node id="5468059253" visible="true" version="1" changeset="57043278" timestamp="2018-03-09T20:18:36Z" user="indigomc" uid="136860" lat="23.1656531" lon="80.0214100"/>
 <node id="5468059254" visible="true" version="1" changeset="57043278" timestamp="2018-03-09T20:18:36Z" user="indigomc" uid="136860" lat="23.1668762" lon="80.0136423"/>
 <node id="5468059255" visible="true" version="1" changeset="57043278" timestamp="2018-03-09T20:18:36Z" user="indigomc" uid="136860" lat="23.1697958" lon="80.0208521"/>
 <node id="5468059256" visible="true" version="1" changeset="57043278" timestamp="2018-03-09T20:18:36Z" user="indigomc" uid="136860" lat="23.1625756" lon="80.0243282"/>
 <node id="5468059257" visible="true" version="1" changeset="57043278" timestamp="2018-03-09T20:18:36Z" user="indigomc" uid="136860" lat="23.1651007" lon="80.0201225"/>
 <node id="5468059258" visible="true" version="1" changeset="57043278" timestamp="2018-03-09T20:18:37Z" user="indigomc" uid="136860" lat="23.1603266" lon="80.0215387"/>
 <node id="5468059259" visible="true" version="1" changeset="57043278" timestamp="2018-03-09T20:18:37Z" user="indigomc" uid="136860" lat="23.1701509" lon="80.0245857"/>
 <node id="5468059260" visible="true" version="1" changeset="57043278" timestamp="2018-03-09T20:18:37Z" user="indigomc" uid="136860" lat="23.1646667" lon="80.0211954"/>
 <node id="5468059261" visible="true" version="1" changeset="57043278" timestamp="2018-03-09T20:18:37Z" user="indigomc" uid="136860" lat="23.1684939" lon="80.0184917"/>
 <node id="5468059262" visible="true" version="1" changeset="57043278" timestamp="2018-03-09T20:18:37Z" user="indigomc" uid="136860" lat="23.1606817" lon="80.0211525"/>
 <node id="5468059263" visible="true" version="1" changeset="57043278" timestamp="2018-03-09T20:18:37Z" user="indigomc" uid="136860" lat="23.1701904" lon="80.0145864"/>
 <node id="5468059264" visible="true" version="1" changeset="57043278" timestamp="2018-03-09T20:18:37Z" user="indigomc" uid="136860" lat="23.1694408" lon="80.0225258"/>
 <node id="5468059265" visible="true" version="1" changeset="57043278" timestamp="2018-03-09T20:18:37Z" user="indigomc" uid="136860" lat="23.1615497" lon="80.0249290"/>
 <node id="5468059266" visible="true" version="1" changeset="57043278" timestamp="2018-03-09T20:18:37Z" user="indigomc" uid="136860" lat="23.1659688" lon="80.0175476"/>
 <node id="5468059267" visible="true" version="1" changeset="57043278" timestamp="2018-03-09T20:18:37Z" user="indigomc" uid="136860" lat="23.1689279" lon="80.0139856"/>
 <node id="5468059268" visible="true" version="1" changeset="57043278" timestamp="2018-03-09T20:18:37Z" user="indigomc" uid="136860" lat="23.1703877" lon="80.0186634"/>
 <node id="5468059269" visible="true" version="1" changeset="57043278" timestamp="2018-03-09T20:18:37Z" user="indigomc" uid="136860" lat="23.1603660" lon="80.0202084"/>
 <node id="5468059270" visible="true" version="1" changeset="57043278" timestamp="2018-03-09T20:18:37Z" user="indigomc" uid="136860" lat="23.1698353" lon="80.0240707"/>
 <node id="5468059271" visible="true" version="1" changeset="57043278" timestamp="2018-03-09T20:18:37Z" user="indigomc" uid="136860" lat="23.1650613" lon="80.0148439"/>
 <node id="5468059272" visible="true" version="1" changeset="57043278" timestamp="2018-03-09T20:18:37Z" user="indigomc" uid="136860" lat="23.1671130" lon="80.0164747"/>
 <node id="5468059273" visible="true" version="1" changeset="57043278" timestamp="2018-03-09T20:18:37Z" user="indigomc" uid="136860" lat="23.1714924" lon="80.0145435"/>
 <node id="5468059274" visible="true" version="1" changeset="57043278" timestamp="2018-03-09T20:18:37Z" user="indigomc" uid="136860" lat="23.1696380" lon="80.0208521"/>
 <node id="5468059275" visible="true" version="1" changeset="57043278" timestamp="2018-03-09T20:18:37Z" user="indigomc" uid="136860" lat="23.1717291" lon="80.0182343"/>
 <node id="5468059276" visible="true" version="1" changeset="57043278" timestamp="2018-03-09T20:18:37Z" user="indigomc" uid="136860" lat="23.1606028" lon="80.0257874"/>
 <node id="5468059277" visible="true" version="1" changeset="57043278" timestamp="2018-03-09T20:18:37Z" user="indigomc" uid="136860" lat="23.1657320" lon="80.0185776"/>
 <node id="5468059278" visible="true" version="1" changeset="57043278" timestamp="2018-03-09T20:18:37Z" user="indigomc" uid="136860" lat="23.1633252" lon="80.0160456"/>
 <node id="5468059279" visible="true" version="1" changeset="57043278" timestamp="2018-03-09T20:18:37Z" user="indigomc" uid="136860" lat="23.1710189" lon="80.0208950"/>
 <node id="5468059280" visible="true" version="1" changeset="57043278" timestamp="2018-03-09T20:18:37Z" user="indigomc" uid="136860" lat="23.1699537" lon="80.0223112"/>
 <node id="5468059281" visible="true" version="1" changeset="57043278" timestamp="2018-03-09T20:18:37Z" user="indigomc" uid="136860" lat="23.1611552" lon="80.0214100"/>
 <node id="5468059282" visible="true" version="1" changeset="57043278" timestamp="2018-03-09T20:18:37Z" user="indigomc" uid="136860" lat="23.1658109" lon="80.0181484"/>
 <node id="5468059283" visible="true" version="1" changeset="57043278" timestamp="2018-03-09T20:18:37Z" user="indigomc" uid="136860" lat="23.1672708" lon="80.0132132"/>
 <node id="5468059284" visible="true" version="1" changeset="57043278" timestamp="2018-03-09T20:18:37Z" user="indigomc" uid="136860" lat="23.1694013" lon="80.0201654"/>
 <node id="5468059285" visible="true" version="1" changeset="57043278" timestamp="2018-03-09T20:18:37Z" user="indigomc" uid="136860" lat="23.1606028" lon="80.0241566"/>
 <node id="5468059286" visible="true" version="1" changeset="57043278" timestamp="2018-03-09T20:18:37Z" user="indigomc" uid="136860" lat="23.1651007" lon="80.0205517"/>
 <node id="5468059287" visible="true" version="1" changeset="57043278" timestamp="2018-03-09T20:18:37Z" user="indigomc" uid="136860" lat="23.1658504" lon="80.0143290"/>
 <node id="5468059288" visible="true" version="1" changeset="57043278" timestamp="2018-03-09T20:18:37Z" user="indigomc" uid="136860" lat="23.1699931" lon="80.0247574"/>
 <node id="5468059289" visible="true" version="1" changeset="57043278" timestamp="2018-03-09T20:18:37Z" user="indigomc" uid="136860" lat="23.1626545" lon="80.0237274"/>
 <node id="5468059290" visible="true" version="1" changeset="57043278" timestamp="2018-03-09T20:18:37Z" user="indigomc" uid="136860" lat="23.1671919" lon="80.0163889"/>
 <node id="5468059291" visible="true" version="1" changeset="57043278" timestamp="2018-03-09T20:18:37Z" user="indigomc" uid="136860" lat="23.1606422" lon="80.0217104"/>
 <node id="5468059292" visible="true" version="1" changeset="57043278" timestamp="2018-03-09T20:18:37Z" user="indigomc" uid="136860" lat="23.1703877" lon="80.0239849"/>
 <node id="5468059293" visible="true" version="1" changeset="57043278" timestamp="2018-03-09T20:18:37Z" user="indigomc" uid="136860" lat="23.1615497" lon="80.0251865"/>
 <node id="5468059294" visible="true" version="1" changeset="57043278" timestamp="2018-03-09T20:18:37Z" user="indigomc" uid="136860" lat="23.1689279" lon="80.0188780"/>
 <node id="5468059295" visible="true" version="1" changeset="57043278" timestamp="2018-03-09T20:18:37Z" user="indigomc" uid="136860" lat="23.1690857" lon="80.0138998"/>
 <node id="5468059296" visible="true" version="1" changeset="57043278" timestamp="2018-03-09T20:18:37Z" user="indigomc" uid="136860" lat="23.1609973" lon="80.0185776"/>
 <node id="5468059297" visible="true" version="1" changeset="57043278" timestamp="2018-03-09T20:18:37Z" user="indigomc" uid="136860" lat="23.1699142" lon="80.0231266"/>
 <node id="5468059298" visible="true" version="1" changeset="57043278" timestamp="2018-03-09T20:18:37Z" user="indigomc" uid="136860" lat="23.1619837" lon="80.0244570"/>
 <node id="5468059299" visible="true" version="1" changeset="57043278" timestamp="2018-03-09T20:18:37Z" user="indigomc" uid="136860" lat="23.1663239" lon="80.0172472"/>
 <node id="5468059300" visible="true" version="1" changeset="57043278" timestamp="2018-03-09T20:18:37Z" user="indigomc" uid="136860" lat="23.1709795" lon="80.0184488"/>
 <node id="5468059301" visible="true" version="1" changeset="57043278" timestamp="2018-03-09T20:18:37Z" user="indigomc" uid="136860" lat="23.1706638" lon="80.0159597"/>
 <node id="5468059302" visible="true" version="1" changeset="57043278" timestamp="2018-03-09T20:18:37Z" user="indigomc" uid="136860" lat="23.1603266" lon="80.0205088"/>
 <node id="5468059303" visible="true" version="1" changeset="57043278" timestamp="2018-03-09T20:18:37Z" user="indigomc" uid="136860" lat="23.1604449" lon="80.0243282"/>
 <node id="5468059304" visible="true" version="1" changeset="57043278" timestamp="2018-03-09T20:18:37Z" user="indigomc" uid="136860" lat="23.1697564" lon="80.0252724"/>
 <node id="5468059305" visible="true" version="1" changeset="57043278" timestamp="2018-03-09T20:18:37Z" user="indigomc" uid="136860" lat="23.1637987" lon="80.0158739"/>
 <node id="5468059306" visible="true" version="1" changeset="57043278" timestamp="2018-03-09T20:18:37Z" user="indigomc" uid="136860" lat="23.1699537" lon="80.0210238"/>
 <node id="5468059307" visible="true" version="1" changeset="57043278" timestamp="2018-03-09T20:18:37Z" user="indigomc" uid="136860" lat="23.1715318" lon="80.0142431"/>
 <node id="5468059308" visible="true" version="1" changeset="57043278" timestamp="2018-03-09T20:18:37Z" user="indigomc" uid="136860" lat="23.1710978" lon="80.0209808"/>
 <node id="5468059309" visible="true" version="1" changeset="57043278" timestamp="2018-03-09T20:18:37Z" user="indigomc" uid="136860" lat="23.1610368" lon="80.0255728"/>
 <node id="5468059310" visible="true" version="1" changeset="57043278" timestamp="2018-03-09T20:18:37Z" user="indigomc" uid="136860" lat="23.1658898" lon="80.0182343"/>
 <node id="5468059311" visible="true" version="1" changeset="57043278" timestamp="2018-03-09T20:18:37Z" user="indigomc" uid="136860" lat="23.1628518" lon="80.0163031"/>
 <node id="5468059312" visible="true" version="1" changeset="57043278" timestamp="2018-03-09T20:18:37Z" user="indigomc" uid="136860" lat="23.1691251" lon="80.0196075"/>
 <node id="5468059313" visible="true" version="1" changeset="57043278" timestamp="2018-03-09T20:18:37Z" user="indigomc" uid="136860" lat="23.1708611" lon="80.0197792"/>
 <node id="5468059314" visible="true" version="1" changeset="57043278" timestamp="2018-03-09T20:18:37Z" user="indigomc" uid="136860" lat="23.1612341" lon="80.0219250"/>
 <node id="5468059315" visible="true" version="1" changeset="57043278" timestamp="2018-03-09T20:18:37Z" user="indigomc" uid="136860" lat="23.1651402" lon="80.0217962"/>
 <node id="5468059316" visible="true" version="1" changeset="57043278" timestamp="2018-03-09T20:18:37Z" user="indigomc" uid="136860" lat="23.1704666" lon="80.0167751"/>
 <node id="5468059317" visible="true" version="1" changeset="57043278" timestamp="2018-03-09T20:18:37Z" user="indigomc" uid="136860" lat="23.1662449" lon="80.0139856"/>
 <node id="5468059318" visible="true" version="1" changeset="57043278" timestamp="2018-03-09T20:18:37Z" user="indigomc" uid="136860" lat="23.1699931" lon="80.0202084"/>
 <node id="5468059319" visible="true" version="1" changeset="57043278" timestamp="2018-03-09T20:18:37Z" user="indigomc" uid="136860" lat="23.1625756" lon="80.0238991"/>
 <node id="5468059320" visible="true" version="1" changeset="57043278" timestamp="2018-03-09T20:18:37Z" user="indigomc" uid="136860" lat="23.1655742" lon="80.0195217"/>
 <node id="5468059321" visible="true" version="1" changeset="57043278" timestamp="2018-03-09T20:18:37Z" user="indigomc" uid="136860" lat="23.1599715" lon="80.0206375"/>
 <node id="5468059322" visible="true" version="1" changeset="57043278" timestamp="2018-03-09T20:18:37Z" user="indigomc" uid="136860" lat="23.1700720" lon="80.0244141"/>
 <node id="5468059323" visible="true" version="1" changeset="57043278" timestamp="2018-03-09T20:18:37Z" user="indigomc" uid="136860" lat="23.1632069" lon="80.0226116"/>
 <node id="5468059324" visible="true" version="1" changeset="57043278" timestamp="2018-03-09T20:18:37Z" user="indigomc" uid="136860" lat="23.1680993" lon="80.0166893"/>
 <node id="5468059325" visible="true" version="1" changeset="57043278" timestamp="2018-03-09T20:18:38Z" user="indigomc" uid="136860" lat="23.1709005" lon="80.0142431"/>
 <node id="5468059326" visible="true" version="1" changeset="57043278" timestamp="2018-03-09T20:18:38Z" user="indigomc" uid="136860" lat="23.1608790" lon="80.0210238"/>
 <node id="5468059327" visible="true" version="1" changeset="57043278" timestamp="2018-03-09T20:18:38Z" user="indigomc" uid="136860" lat="23.1709400" lon="80.0226116"/>
 <node id="5468059328" visible="true" version="1" changeset="57043278" timestamp="2018-03-09T20:18:38Z" user="indigomc" uid="136860" lat="23.1618259" lon="80.0244570"/>
 <node id="5468059329" visible="true" version="1" changeset="57043278" timestamp="2018-03-09T20:18:38Z" user="indigomc" uid="136860" lat="23.1660871" lon="80.0172472"/>
 <node id="5468059330" visible="true" version="1" changeset="57043278" timestamp="2018-03-09T20:18:38Z" user="indigomc" uid="136860" lat="23.1686122" lon="80.0137281"/>
 <node id="5468059331" visible="true" version="1" changeset="57043278" timestamp="2018-03-09T20:18:38Z" user="indigomc" uid="136860" lat="23.1601293" lon="80.0195217"/>
 <node id="5468059332" visible="true" version="1" changeset="57043278" timestamp="2018-03-09T20:18:38Z" user="indigomc" uid="136860" lat="23.1703877" lon="80.0184917"/>
 <node id="5468059333" visible="true" version="1" changeset="57043278" timestamp="2018-03-09T20:18:38Z" user="indigomc" uid="136860" lat="23.1695197" lon="80.0244141"/>
 <node id="5468059334" visible="true" version="1" changeset="57043278" timestamp="2018-03-09T20:18:38Z" user="indigomc" uid="136860" lat="23.1626150" lon="80.0249720"/>
 <node id="5468059335" visible="true" version="1" changeset="57043278" timestamp="2018-03-09T20:18:38Z" user="indigomc" uid="136860" lat="23.1664422" lon="80.0168610"/>
 <node id="5468059336" visible="true" version="1" changeset="57043278" timestamp="2018-03-09T20:18:38Z" user="indigomc" uid="136860" lat="23.1695986" lon="80.0209808"/>
 <node id="5468059337" visible="true" version="1" changeset="57043278" timestamp="2018-03-09T20:18:38Z" user="indigomc" uid="136860" lat="23.1711767" lon="80.0152302"/>
 <node id="5468059338" visible="true" version="1" changeset="57043278" timestamp="2018-03-09T20:18:38Z" user="indigomc" uid="136860" lat="23.1720447" lon="80.0185776"/>
 <node id="5468059339" visible="true" version="1" changeset="57043278" timestamp="2018-03-09T20:18:38Z" user="indigomc" uid="136860" lat="23.1596558" lon="80.0254440"/>
 <node id="5468059340" visible="true" version="1" changeset="57043278" timestamp="2018-03-09T20:18:38Z" user="indigomc" uid="136860" lat="23.1655742" lon="80.0193501"/>
 <node id="5468059341" visible="true" version="1" changeset="57043278" timestamp="2018-03-09T20:18:38Z" user="indigomc" uid="136860" lat="23.1630885" lon="80.0163031"/>
 <node id="5468059342" visible="true" version="1" changeset="57043278" timestamp="2018-03-09T20:18:38Z" user="indigomc" uid="136860" lat="23.1701509" lon="80.0218391"/>
 <node id="5468059343" visible="true" version="1" changeset="57043278" timestamp="2018-03-09T20:18:38Z" user="indigomc" uid="136860" lat="23.1709400" lon="80.0198650"/>
 <node id="5468059344" visible="true" version="1" changeset="57043278" timestamp="2018-03-09T20:18:38Z" user="indigomc" uid="136860" lat="23.1611552" lon="80.0218391"/>
 <node id="5468059345" visible="true" version="1" changeset="57043278" timestamp="2018-03-09T20:18:38Z" user="indigomc" uid="136860" lat="23.1658109" lon="80.0177193"/>
 <node id="5468059346" visible="true" version="1" changeset="57043278" timestamp="2018-03-09T20:18:38Z" user="indigomc" uid="136860" lat="23.1709795" lon="80.0175047"/>
 <node id="5468059347" visible="true" version="1" changeset="57043278" timestamp="2018-03-09T20:18:38Z" user="indigomc" uid="136860" lat="23.1682177" lon="80.0136423"/>
 <node id="5468059348" visible="true" version="1" changeset="57043278" timestamp="2018-03-09T20:18:38Z" user="indigomc" uid="136860" lat="23.1698748" lon="80.0200796"/>
 <node id="5468059349" visible="true" version="1" changeset="57043278" timestamp="2018-03-09T20:18:38Z" user="indigomc" uid="136860" lat="23.1707033" lon="80.0191784"/>
 <node id="5468059350" visible="true" version="1" changeset="57043278" timestamp="2018-03-09T20:18:38Z" user="indigomc" uid="136860" lat="23.1609184" lon="80.0232124"/>
 <node id="5468059351" visible="true" version="1" changeset="57043278" timestamp="2018-03-09T20:18:38Z" user="indigomc" uid="136860" lat="23.1654558" lon="80.0214529"/>
 <node id="5468059352" visible="true" version="1" changeset="57043278" timestamp="2018-03-09T20:18:38Z" user="indigomc" uid="136860" lat="23.1655348" lon="80.0144148"/>
 <node id="5468059353" visible="true" version="1" changeset="57043278" timestamp="2018-03-09T20:18:38Z" user="indigomc" uid="136860" lat="23.1699142" lon="80.0207233"/>
 <node id="5468059354" visible="true" version="1" changeset="57043278" timestamp="2018-03-09T20:18:38Z" user="indigomc" uid="136860" lat="23.1632069" lon="80.0232124"/>
 <node id="5468059355" visible="true" version="1" changeset="57043278" timestamp="2018-03-09T20:18:38Z" user="indigomc" uid="136860" lat="23.1678231" lon="80.0163889"/>
 <node id="5468059356" visible="true" version="1" changeset="57043278" timestamp="2018-03-09T20:18:38Z" user="indigomc" uid="136860" lat="23.1602082" lon="80.0214100"/>
 <node id="5468059357" visible="true" version="1" changeset="57043278" timestamp="2018-03-09T20:18:38Z" user="indigomc" uid="136860" lat="23.1707033" lon="80.0228691"/>
 <node id="6554682550" visible="true" version="4" changeset="137575227" timestamp="2023-06-20T18:33:12Z" user="Sal73x" uid="1293386" lat="23.1816304" lon="80.0588101"/>
 <node id="7222744499" visible="true" version="1" changeset="81174181" timestamp="2020-02-18T13:54:34Z" user="uknown-gryphus" uid="2425805" lat="23.1832386" lon="80.0299018"/>
 <node id="7222744500" visible="true" version="1" changeset="81174181" timestamp="2020-02-18T13:54:34Z" user="uknown-gryphus" uid="2425805" lat="23.1810886" lon="80.0316774"/>
 <node id="7222744501" visible="true" version="1" changeset="81174181" timestamp="2020-02-18T13:54:34Z" user="uknown-gryphus" uid="2425805" lat="23.1809505" lon="80.0313985"/>
 <node id="7222744502" visible="true" version="1" changeset="81174181" timestamp="2020-02-18T13:54:34Z" user="uknown-gryphus" uid="2425805" lat="23.1808519" lon="80.0311624"/>
 <node id="7222744503" visible="true" version="1" changeset="81174181" timestamp="2020-02-18T13:54:34Z" user="uknown-gryphus" uid="2425805" lat="23.1808124" lon="80.0309908"/>
 <node id="7222744504" visible="true" version="1" changeset="81174181" timestamp="2020-02-18T13:54:34Z" user="uknown-gryphus" uid="2425805" lat="23.1805954" lon="80.0308191"/>
 <node id="7222744505" visible="true" version="1" changeset="81174181" timestamp="2020-02-18T13:54:34Z" user="uknown-gryphus" uid="2425805" lat="23.1804771" lon="80.0306045"/>
 <node id="7222744506" visible="true" version="1" changeset="81174181" timestamp="2020-02-18T13:54:34Z" user="uknown-gryphus" uid="2425805" lat="23.1799839" lon="80.0296604"/>
 <node id="7222744507" visible="true" version="1" changeset="81174181" timestamp="2020-02-18T13:54:34Z" user="uknown-gryphus" uid="2425805" lat="23.1794514" lon="80.0291669"/>
 <node id="7222744508" visible="true" version="1" changeset="81174181" timestamp="2020-02-18T13:54:34Z" user="uknown-gryphus" uid="2425805" lat="23.1791949" lon="80.0290167"/>
 <node id="7222744509" visible="true" version="1" changeset="81174181" timestamp="2020-02-18T13:54:34Z" user="uknown-gryphus" uid="2425805" lat="23.1789385" lon="80.0292956"/>
 <node id="7222744510" visible="true" version="1" changeset="81174181" timestamp="2020-02-18T13:54:34Z" user="uknown-gryphus" uid="2425805" lat="23.1785440" lon="80.0296175"/>
 <node id="7222744511" visible="true" version="1" changeset="81174181" timestamp="2020-02-18T13:54:34Z" user="uknown-gryphus" uid="2425805" lat="23.1777549" lon="80.0296819"/>
 <node id="7222744512" visible="true" version="1" changeset="81174181" timestamp="2020-02-18T13:54:34Z" user="uknown-gryphus" uid="2425805" lat="23.1774985" lon="80.0288450"/>
 <node id="7222744513" visible="true" version="1" changeset="81174181" timestamp="2020-02-18T13:54:34Z" user="uknown-gryphus" uid="2425805" lat="23.1775577" lon="80.0285017"/>
 <node id="7222744514" visible="true" version="1" changeset="81174181" timestamp="2020-02-18T13:54:34Z" user="uknown-gryphus" uid="2425805" lat="23.1774196" lon="80.0282871"/>
 <node id="7222744515" visible="true" version="1" changeset="81174181" timestamp="2020-02-18T13:54:34Z" user="uknown-gryphus" uid="2425805" lat="23.1773111" lon="80.0283622"/>
 <node id="7222744516" visible="true" version="1" changeset="81174181" timestamp="2020-02-18T13:54:34Z" user="uknown-gryphus" uid="2425805" lat="23.1771928" lon="80.0285446"/>
 <node id="7222744517" visible="true" version="1" changeset="81174181" timestamp="2020-02-18T13:54:34Z" user="uknown-gryphus" uid="2425805" lat="23.1769561" lon="80.0284910"/>
 <node id="7222744518" visible="true" version="1" changeset="81174181" timestamp="2020-02-18T13:54:34Z" user="uknown-gryphus" uid="2425805" lat="23.1762459" lon="80.0282013"/>
 <node id="7222744519" visible="true" version="1" changeset="81174181" timestamp="2020-02-18T13:54:34Z" user="uknown-gryphus" uid="2425805" lat="23.1749440" lon="80.0285553"/>
 <node id="7222744520" visible="true" version="1" changeset="81174181" timestamp="2020-02-18T13:54:34Z" user="uknown-gryphus" uid="2425805" lat="23.1744410" lon="80.0288235"/>
 <node id="7222744521" visible="true" version="1" changeset="81174181" timestamp="2020-02-18T13:54:34Z" user="uknown-gryphus" uid="2425805" lat="23.1740563" lon="80.0291776"/>
 <node id="7222744522" visible="true" version="1" changeset="81174181" timestamp="2020-02-18T13:54:34Z" user="uknown-gryphus" uid="2425805" lat="23.1736618" lon="80.0294351"/>
 <node id="7222744523" visible="true" version="1" changeset="81174181" timestamp="2020-02-18T13:54:34Z" user="uknown-gryphus" uid="2425805" lat="23.1734645" lon="80.0296604"/>
 <node id="7222744524" visible="true" version="1" changeset="81174181" timestamp="2020-02-18T13:54:34Z" user="uknown-gryphus" uid="2425805" lat="23.1734941" lon="80.0299823"/>
 <node id="7222744525" visible="true" version="1" changeset="81174181" timestamp="2020-02-18T13:54:34Z" user="uknown-gryphus" uid="2425805" lat="23.1735730" lon="80.0303470"/>
 <node id="7222744526" visible="true" version="1" changeset="81174181" timestamp="2020-02-18T13:54:34Z" user="uknown-gryphus" uid="2425805" lat="23.1737210" lon="80.0307440"/>
 <node id="7222744527" visible="true" version="1" changeset="81174181" timestamp="2020-02-18T13:54:34Z" user="uknown-gryphus" uid="2425805" lat="23.1737111" lon="80.0311839"/>
 <node id="7222744528" visible="true" version="1" changeset="81174181" timestamp="2020-02-18T13:54:34Z" user="uknown-gryphus" uid="2425805" lat="23.1737900" lon="80.0313877"/>
 <node id="7222744529" visible="true" version="1" changeset="81174181" timestamp="2020-02-18T13:54:34Z" user="uknown-gryphus" uid="2425805" lat="23.1739281" lon="80.0316667"/>
 <node id="7222744530" visible="true" version="1" changeset="81174181" timestamp="2020-02-18T13:54:34Z" user="uknown-gryphus" uid="2425805" lat="23.1740366" lon="80.0319671"/>
 <node id="7222744531" visible="true" version="1" changeset="81174181" timestamp="2020-02-18T13:54:34Z" user="uknown-gryphus" uid="2425805" lat="23.1743621" lon="80.0322782"/>
 <node id="7222744532" visible="true" version="1" changeset="81174181" timestamp="2020-02-18T13:54:34Z" user="uknown-gryphus" uid="2425805" lat="23.1745889" lon="80.0323641"/>
 <node id="7222744533" visible="true" version="1" changeset="81174181" timestamp="2020-02-18T13:54:34Z" user="uknown-gryphus" uid="2425805" lat="23.1746284" lon="80.0325786"/>
 <node id="7222744534" visible="true" version="1" changeset="81174181" timestamp="2020-02-18T13:54:34Z" user="uknown-gryphus" uid="2425805" lat="23.1746284" lon="80.0331365"/>
 <node id="7222744535" visible="true" version="1" changeset="81174181" timestamp="2020-02-18T13:54:34Z" user="uknown-gryphus" uid="2425805" lat="23.1746974" lon="80.0334262"/>
 <node id="7222744536" visible="true" version="1" changeset="81174181" timestamp="2020-02-18T13:54:34Z" user="uknown-gryphus" uid="2425805" lat="23.1724486" lon="80.0353681"/>
 <node id="7222744537" visible="true" version="1" changeset="81174181" timestamp="2020-02-18T13:54:34Z" user="uknown-gryphus" uid="2425805" lat="23.1676155" lon="80.0325465"/>
 <node id="7222744538" visible="true" version="1" changeset="81174181" timestamp="2020-02-18T13:54:34Z" user="uknown-gryphus" uid="2425805" lat="23.1680495" lon="80.0285768"/>
 <node id="7222744539" visible="true" version="1" changeset="81174181" timestamp="2020-02-18T13:54:34Z" user="uknown-gryphus" uid="2425805" lat="23.1708705" lon="80.0298642"/>
 <node id="7222744540" visible="true" version="1" changeset="81174181" timestamp="2020-02-18T13:54:34Z" user="uknown-gryphus" uid="2425805" lat="23.1730601" lon="80.0288128"/>
 <node id="7222744541" visible="true" version="1" changeset="81174181" timestamp="2020-02-18T13:54:34Z" user="uknown-gryphus" uid="2425805" lat="23.1745495" lon="80.0276219"/>
 <node id="7222744542" visible="true" version="1" changeset="81174181" timestamp="2020-02-18T13:54:34Z" user="uknown-gryphus" uid="2425805" lat="23.1750032" lon="80.0261735"/>
 <node id="7222744543" visible="true" version="1" changeset="81174181" timestamp="2020-02-18T13:54:34Z" user="uknown-gryphus" uid="2425805" lat="23.1748602" lon="80.0260984"/>
 <node id="7222744544" visible="true" version="1" changeset="81174181" timestamp="2020-02-18T13:54:34Z" user="uknown-gryphus" uid="2425805" lat="23.1748996" lon="80.0255566"/>
 <node id="7222744545" visible="true" version="1" changeset="81174181" timestamp="2020-02-18T13:54:34Z" user="uknown-gryphus" uid="2425805" lat="23.1749341" lon="80.0246876"/>
 <node id="7222744546" visible="true" version="1" changeset="81174181" timestamp="2020-02-18T13:54:34Z" user="uknown-gryphus" uid="2425805" lat="23.1751265" lon="80.0242477"/>
 <node id="7222744547" visible="true" version="1" changeset="81174181" timestamp="2020-02-18T13:54:34Z" user="uknown-gryphus" uid="2425805" lat="23.1745593" lon="80.0225901"/>
 <node id="7222744548" visible="true" version="1" changeset="81174181" timestamp="2020-02-18T13:54:34Z" user="uknown-gryphus" uid="2425805" lat="23.1754076" lon="80.0166892"/>
 <node id="7222744549" visible="true" version="1" changeset="81174181" timestamp="2020-02-18T13:54:34Z" user="uknown-gryphus" uid="2425805" lat="23.1763544" lon="80.0163245"/>
 <node id="7222744550" visible="true" version="1" changeset="81174181" timestamp="2020-02-18T13:54:34Z" user="uknown-gryphus" uid="2425805" lat="23.1798164" lon="80.0235284"/>
 <node id="7222744551" visible="true" version="2" changeset="81892267" timestamp="2020-03-07T07:32:11Z" user="uknown-gryphus" uid="2425805" lat="23.1785591" lon="80.0213213"/>
 <node id="7222744552" visible="true" version="2" changeset="81892267" timestamp="2020-03-07T07:32:11Z" user="uknown-gryphus" uid="2425805" lat="23.1783912" lon="80.0212435"/>
 <node id="7222744553" visible="true" version="2" changeset="81892267" timestamp="2020-03-07T07:32:11Z" user="uknown-gryphus" uid="2425805" lat="23.1777631" lon="80.0209215"/>
 <node id="7222744554" visible="true" version="1" changeset="81174181" timestamp="2020-02-18T13:54:34Z" user="uknown-gryphus" uid="2425805" lat="23.1774962" lon="80.0203272"/>
 <node id="7222744555" visible="true" version="1" changeset="81174181" timestamp="2020-02-18T13:54:34Z" user="uknown-gryphus" uid="2425805" lat="23.1798581" lon="80.0238474"/>
 <node id="7222744556" visible="true" version="1" changeset="81174181" timestamp="2020-02-18T13:54:34Z" user="uknown-gryphus" uid="2425805" lat="23.1796525" lon="80.0243641"/>
 <node id="7222744557" visible="true" version="1" changeset="81174181" timestamp="2020-02-18T13:54:34Z" user="uknown-gryphus" uid="2425805" lat="23.1828499" lon="80.0293914"/>
 <node id="7222744559" visible="true" version="1" changeset="81174181" timestamp="2020-02-18T13:54:34Z" user="uknown-gryphus" uid="2425805" lat="23.1815903" lon="80.0284668"/>
 <node id="7222744560" visible="true" version="1" changeset="81174181" timestamp="2020-02-18T13:54:34Z" user="uknown-gryphus" uid="2425805" lat="23.1802375" lon="80.0274184"/>
 <node id="7222744561" visible="true" version="1" changeset="81174181" timestamp="2020-02-18T13:54:34Z" user="uknown-gryphus" uid="2425805" lat="23.1794344" lon="80.0257377"/>
 <node id="7222744562" visible="true" version="2" changeset="137575004" timestamp="2023-06-20T18:26:18Z" user="Sal73x" uid="1293386" lat="23.1798742" lon="80.0265441"/>
 <node id="7222744563" visible="true" version="1" changeset="81174181" timestamp="2020-02-18T13:54:34Z" user="uknown-gryphus" uid="2425805" lat="23.1792424" lon="80.0269647"/>
 <node id="7222744564" visible="true" version="2" changeset="137575004" timestamp="2023-06-20T18:26:18Z" user="Sal73x" uid="1293386" lat="23.1799193" lon="80.0266397"/>
 <node id="7222744565" visible="true" version="1" changeset="81174181" timestamp="2020-02-18T13:54:34Z" user="uknown-gryphus" uid="2425805" lat="23.1793410" lon="80.0269647"/>
 <node id="7222744566" visible="true" version="1" changeset="81174181" timestamp="2020-02-18T13:54:34Z" user="uknown-gryphus" uid="2425805" lat="23.1792997" lon="80.0268707"/>
 <node id="7222744567" visible="true" version="1" changeset="81174181" timestamp="2020-02-18T13:54:34Z" user="uknown-gryphus" uid="2425805" lat="23.1792029" lon="80.0268521"/>
 <node id="7222744568" visible="true" version="1" changeset="81174181" timestamp="2020-02-18T13:54:34Z" user="uknown-gryphus" uid="2425805" lat="23.1791339" lon="80.0268038"/>
 <node id="7222744569" visible="true" version="1" changeset="81174181" timestamp="2020-02-18T13:54:34Z" user="uknown-gryphus" uid="2425805" lat="23.1791092" lon="80.0264765"/>
 <node id="7222744570" visible="true" version="1" changeset="81174181" timestamp="2020-02-18T13:54:34Z" user="uknown-gryphus" uid="2425805" lat="23.1790895" lon="80.0258167"/>
 <node id="7222744571" visible="true" version="1" changeset="81174181" timestamp="2020-02-18T13:54:34Z" user="uknown-gryphus" uid="2425805" lat="23.1789810" lon="80.0252159"/>
 <node id="7222744572" visible="true" version="1" changeset="81174181" timestamp="2020-02-18T13:54:34Z" user="uknown-gryphus" uid="2425805" lat="23.1788479" lon="80.0249852"/>
 <node id="7222744573" visible="true" version="1" changeset="81174181" timestamp="2020-02-18T13:54:34Z" user="uknown-gryphus" uid="2425805" lat="23.1785224" lon="80.0247224"/>
 <node id="7222744574" visible="true" version="1" changeset="81174181" timestamp="2020-02-18T13:54:34Z" user="uknown-gryphus" uid="2425805" lat="23.1782068" lon="80.0244059"/>
 <node id="7222744575" visible="true" version="1" changeset="81174181" timestamp="2020-02-18T13:54:34Z" user="uknown-gryphus" uid="2425805" lat="23.1779010" lon="80.0242610"/>
 <node id="7222744576" visible="true" version="1" changeset="81174181" timestamp="2020-02-18T13:54:34Z" user="uknown-gryphus" uid="2425805" lat="23.1774967" lon="80.0241484"/>
 <node id="7222744577" visible="true" version="1" changeset="81174181" timestamp="2020-02-18T13:54:34Z" user="uknown-gryphus" uid="2425805" lat="23.1771120" lon="80.0241645"/>
 <node id="7222744578" visible="true" version="1" changeset="81174181" timestamp="2020-02-18T13:54:34Z" user="uknown-gryphus" uid="2425805" lat="23.1766780" lon="80.0242449"/>
 <node id="7222744579" visible="true" version="1" changeset="81174181" timestamp="2020-02-18T13:54:34Z" user="uknown-gryphus" uid="2425805" lat="23.1763476" lon="80.0243898"/>
 <node id="7222744580" visible="true" version="1" changeset="81174181" timestamp="2020-02-18T13:54:34Z" user="uknown-gryphus" uid="2425805" lat="23.1760024" lon="80.0246902"/>
 <node id="7222744581" visible="true" version="1" changeset="81174181" timestamp="2020-02-18T13:54:34Z" user="uknown-gryphus" uid="2425805" lat="23.1758545" lon="80.0251140"/>
 <node id="7222744582" visible="true" version="1" changeset="81174181" timestamp="2020-02-18T13:54:34Z" user="uknown-gryphus" uid="2425805" lat="23.1757608" lon="80.0256343"/>
 <node id="7222744583" visible="true" version="3" changeset="177953333" timestamp="2026-02-01T07:33:04Z" user="Sameeksha Chinta" uid="23775155" lat="23.1756623" lon="80.0260627"/>
 <node id="7222744584" visible="true" version="2" changeset="177953333" timestamp="2026-02-01T07:33:04Z" user="Sameeksha Chinta" uid="23775155" lat="23.1755943" lon="80.0265499"/>
 <node id="7222769985" visible="true" version="2" changeset="177953333" timestamp="2026-02-01T07:33:04Z" user="Sameeksha Chinta" uid="23775155" lat="23.1756910" lon="80.0268723"/>
 <node id="7222769986" visible="true" version="2" changeset="177953333" timestamp="2026-02-01T07:33:04Z" user="Sameeksha Chinta" uid="23775155" lat="23.1759263" lon="80.0272501"/>
 <node id="7222769987" visible="true" version="1" changeset="81174181" timestamp="2020-02-18T13:54:34Z" user="uknown-gryphus" uid="2425805" lat="23.1762786" lon="80.0275709"/>
 <node id="7222769988" visible="true" version="1" changeset="81174181" timestamp="2020-02-18T13:54:34Z" user="uknown-gryphus" uid="2425805" lat="23.1766435" lon="80.0278123"/>
 <node id="7222769989" visible="true" version="1" changeset="81174181" timestamp="2020-02-18T13:54:34Z" user="uknown-gryphus" uid="2425805" lat="23.1771367" lon="80.0279410"/>
 <node id="7222769990" visible="true" version="1" changeset="81174181" timestamp="2020-02-18T13:54:34Z" user="uknown-gryphus" uid="2425805" lat="23.1776298" lon="80.0280322"/>
 <node id="7222769991" visible="true" version="1" changeset="81174181" timestamp="2020-02-18T13:54:34Z" user="uknown-gryphus" uid="2425805" lat="23.1780490" lon="80.0280698"/>
 <node id="7222769992" visible="true" version="1" changeset="81174181" timestamp="2020-02-18T13:54:34Z" user="uknown-gryphus" uid="2425805" lat="23.1781328" lon="80.0280483"/>
 <node id="7222769993" visible="true" version="1" changeset="81174181" timestamp="2020-02-18T13:54:34Z" user="uknown-gryphus" uid="2425805" lat="23.1782167" lon="80.0280108"/>
 <node id="7222769994" visible="true" version="1" changeset="81174181" timestamp="2020-02-18T13:54:34Z" user="uknown-gryphus" uid="2425805" lat="23.1785865" lon="80.0274958"/>
 <node id="7222769995" visible="true" version="1" changeset="81174181" timestamp="2020-02-18T13:54:34Z" user="uknown-gryphus" uid="2425805" lat="23.1789169" lon="80.0272222"/>
 <node id="7222769996" visible="true" version="1" changeset="81174181" timestamp="2020-02-18T13:54:34Z" user="uknown-gryphus" uid="2425805" lat="23.1791043" lon="80.0270935"/>
 <node id="7222769997" visible="true" version="1" changeset="81174181" timestamp="2020-02-18T13:54:34Z" user="uknown-gryphus" uid="2425805" lat="23.1789268" lon="80.0265785"/>
 <node id="7222769998" visible="true" version="1" changeset="81174181" timestamp="2020-02-18T13:54:34Z" user="uknown-gryphus" uid="2425805" lat="23.1786112" lon="80.0265677"/>
 <node id="7222769999" visible="true" version="1" changeset="81174181" timestamp="2020-02-18T13:54:34Z" user="uknown-gryphus" uid="2425805" lat="23.1783449" lon="80.0264926"/>
 <node id="7222770000" visible="true" version="1" changeset="81174181" timestamp="2020-02-18T13:54:34Z" user="uknown-gryphus" uid="2425805" lat="23.1781871" lon="80.0264283"/>
 <node id="7222770001" visible="true" version="1" changeset="81174181" timestamp="2020-02-18T13:54:34Z" user="uknown-gryphus" uid="2425805" lat="23.1780884" lon="80.0263102"/>
 <node id="7222770002" visible="true" version="1" changeset="81174181" timestamp="2020-02-18T13:54:34Z" user="uknown-gryphus" uid="2425805" lat="23.1779109" lon="80.0260206"/>
 <node id="7222770003" visible="true" version="1" changeset="81174181" timestamp="2020-02-18T13:54:34Z" user="uknown-gryphus" uid="2425805" lat="23.1777728" lon="80.0258382"/>
 <node id="7222770004" visible="true" version="1" changeset="81174181" timestamp="2020-02-18T13:54:34Z" user="uknown-gryphus" uid="2425805" lat="23.1776052" lon="80.0256236"/>
 <node id="7222770005" visible="true" version="1" changeset="81174181" timestamp="2020-02-18T13:54:34Z" user="uknown-gryphus" uid="2425805" lat="23.1774868" lon="80.0255270"/>
 <node id="7222770006" visible="true" version="1" changeset="81174181" timestamp="2020-02-18T13:54:34Z" user="uknown-gryphus" uid="2425805" lat="23.1772994" lon="80.0255056"/>
 <node id="7222770007" visible="true" version="1" changeset="81174181" timestamp="2020-02-18T13:54:34Z" user="uknown-gryphus" uid="2425805" lat="23.1770134" lon="80.0254734"/>
 <node id="7222770008" visible="true" version="1" changeset="81174181" timestamp="2020-02-18T13:54:34Z" user="uknown-gryphus" uid="2425805" lat="23.1768359" lon="80.0255163"/>
 <node id="7222770009" visible="true" version="1" changeset="81174181" timestamp="2020-02-18T13:54:34Z" user="uknown-gryphus" uid="2425805" lat="23.1765893" lon="80.0256021"/>
 <node id="7222770010" visible="true" version="1" changeset="81174181" timestamp="2020-02-18T13:54:34Z" user="uknown-gryphus" uid="2425805" lat="23.1764216" lon="80.0256987"/>
 <node id="7222770011" visible="true" version="1" changeset="81174181" timestamp="2020-02-18T13:54:34Z" user="uknown-gryphus" uid="2425805" lat="23.1757816" lon="80.0255189"/>
 <node id="7222770012" visible="true" version="1" changeset="81174181" timestamp="2020-02-18T13:54:34Z" user="uknown-gryphus" uid="2425805" lat="23.1779800" lon="80.0267716"/>
 <node id="7222770013" visible="true" version="1" changeset="81174181" timestamp="2020-02-18T13:54:34Z" user="uknown-gryphus" uid="2425805" lat="23.1778221" lon="80.0268896"/>
 <node id="7222770014" visible="true" version="1" changeset="81174181" timestamp="2020-02-18T13:54:34Z" user="uknown-gryphus" uid="2425805" lat="23.1773389" lon="80.0270505"/>
 <node id="7222770015" visible="true" version="1" changeset="81174181" timestamp="2020-02-18T13:54:34Z" user="uknown-gryphus" uid="2425805" lat="23.1770232" lon="80.0270291"/>
 <node id="7222770016" visible="true" version="1" changeset="81174181" timestamp="2020-02-18T13:54:34Z" user="uknown-gryphus" uid="2425805" lat="23.1767471" lon="80.0268467"/>
 <node id="7222770017" visible="true" version="1" changeset="81174181" timestamp="2020-02-18T13:54:34Z" user="uknown-gryphus" uid="2425805" lat="23.1765400" lon="80.0265570"/>
 <node id="7222770018" visible="true" version="1" changeset="81174181" timestamp="2020-02-18T13:54:34Z" user="uknown-gryphus" uid="2425805" lat="23.1763920" lon="80.0262351"/>
 <node id="7222770019" visible="true" version="1" changeset="81174181" timestamp="2020-02-18T13:54:34Z" user="uknown-gryphus" uid="2425805" lat="23.1787472" lon="80.0273627"/>
 <node id="7222770020" visible="true" version="1" changeset="81174181" timestamp="2020-02-18T13:54:34Z" user="uknown-gryphus" uid="2425805" lat="23.1789071" lon="80.0276299"/>
 <node id="7222770021" visible="true" version="1" changeset="81174181" timestamp="2020-02-18T13:54:34Z" user="uknown-gryphus" uid="2425805" lat="23.1795284" lon="80.0282093"/>
 <node id="7222770022" visible="true" version="1" changeset="81174181" timestamp="2020-02-18T13:54:34Z" user="uknown-gryphus" uid="2425805" lat="23.1802977" lon="80.0290032"/>
 <node id="7222770023" visible="true" version="1" changeset="81174181" timestamp="2020-02-18T13:54:34Z" user="uknown-gryphus" uid="2425805" lat="23.1811661" lon="80.0302427"/>
 <node id="7222770024" visible="true" version="1" changeset="81174181" timestamp="2020-02-18T13:54:34Z" user="uknown-gryphus" uid="2425805" lat="23.1823590" lon="80.0292392"/>
 <node id="7222770025" visible="true" version="1" changeset="81174181" timestamp="2020-02-18T13:54:34Z" user="uknown-gryphus" uid="2425805" lat="23.1806626" lon="80.0306662"/>
 <node id="7222770026" visible="true" version="1" changeset="81174181" timestamp="2020-02-18T13:54:34Z" user="uknown-gryphus" uid="2425805" lat="23.1802583" lon="80.0275870"/>
 <node id="7222770027" visible="true" version="1" changeset="81174181" timestamp="2020-02-18T13:54:34Z" user="uknown-gryphus" uid="2425805" lat="23.1795880" lon="80.0282708"/>
 <node id="7222770028" visible="true" version="1" changeset="81174181" timestamp="2020-02-18T13:54:34Z" user="uknown-gryphus" uid="2425805" lat="23.1786309" lon="80.0293680"/>
 <node id="7222770029" visible="true" version="1" changeset="81174181" timestamp="2020-02-18T13:54:34Z" user="uknown-gryphus" uid="2425805" lat="23.1784731" lon="80.0294431"/>
 <node id="7222770030" visible="true" version="1" changeset="81174181" timestamp="2020-02-18T13:54:34Z" user="uknown-gryphus" uid="2425805" lat="23.1782758" lon="80.0295074"/>
 <node id="7222770031" visible="true" version="1" changeset="81174181" timestamp="2020-02-18T13:54:34Z" user="uknown-gryphus" uid="2425805" lat="23.1779504" lon="80.0294753"/>
 <node id="7222770032" visible="true" version="1" changeset="81174181" timestamp="2020-02-18T13:54:34Z" user="uknown-gryphus" uid="2425805" lat="23.1777531" lon="80.0293680"/>
 <node id="7222770033" visible="true" version="1" changeset="81174181" timestamp="2020-02-18T13:54:34Z" user="uknown-gryphus" uid="2425805" lat="23.1776545" lon="80.0291212"/>
 <node id="7222770034" visible="true" version="1" changeset="81174181" timestamp="2020-02-18T13:54:34Z" user="uknown-gryphus" uid="2425805" lat="23.1776643" lon="80.0288101"/>
 <node id="7222770035" visible="true" version="1" changeset="81174181" timestamp="2020-02-18T13:54:34Z" user="uknown-gryphus" uid="2425805" lat="23.1777926" lon="80.0286062"/>
 <node id="7222770036" visible="true" version="1" changeset="81174181" timestamp="2020-02-18T13:54:34Z" user="uknown-gryphus" uid="2425805" lat="23.1779504" lon="80.0284453"/>
 <node id="7222770037" visible="true" version="1" changeset="81174181" timestamp="2020-02-18T13:54:34Z" user="uknown-gryphus" uid="2425805" lat="23.1780687" lon="80.0283165"/>
 <node id="7222770038" visible="true" version="1" changeset="81174181" timestamp="2020-02-18T13:54:34Z" user="uknown-gryphus" uid="2425805" lat="23.1781180" lon="80.0281556"/>
 <node id="7222770039" visible="true" version="1" changeset="81174181" timestamp="2020-02-18T13:54:34Z" user="uknown-gryphus" uid="2425805" lat="23.1787854" lon="80.0249348"/>
 <node id="7222770040" visible="true" version="1" changeset="81174181" timestamp="2020-02-18T13:54:34Z" user="uknown-gryphus" uid="2425805" lat="23.1791339" lon="80.0238963"/>
 <node id="7222770041" visible="true" version="1" changeset="81174181" timestamp="2020-02-18T13:54:34Z" user="uknown-gryphus" uid="2425805" lat="23.1791832" lon="80.0226732"/>
 <node id="7222770042" visible="true" version="1" changeset="81174181" timestamp="2020-02-18T13:54:34Z" user="uknown-gryphus" uid="2425805" lat="23.1787887" lon="80.0218578"/>
 <node id="7222770043" visible="true" version="2" changeset="81892267" timestamp="2020-03-07T07:32:11Z" user="uknown-gryphus" uid="2425805" lat="23.1784237" lon="80.0213857"/>
 <node id="7222770044" visible="true" version="2" changeset="81892267" timestamp="2020-03-07T07:32:11Z" user="uknown-gryphus" uid="2425805" lat="23.1780243" lon="80.0211712"/>
 <node id="7222770045" visible="true" version="2" changeset="81892267" timestamp="2020-03-07T07:32:11Z" user="uknown-gryphus" uid="2425805" lat="23.1777580" lon="80.0210049"/>
 <node id="7222770046" visible="true" version="1" changeset="81174181" timestamp="2020-02-18T13:54:34Z" user="uknown-gryphus" uid="2425805" lat="23.1773980" lon="80.0202914"/>
 <node id="7222770047" visible="true" version="1" changeset="81174181" timestamp="2020-02-18T13:54:34Z" user="uknown-gryphus" uid="2425805" lat="23.1772797" lon="80.0198193"/>
 <node id="7222770048" visible="true" version="2" changeset="102449641" timestamp="2021-04-07T05:57:40Z" user="VLD149" uid="10979429" lat="23.1765858" lon="80.0178667"/>
 <node id="7222770049" visible="true" version="2" changeset="102449641" timestamp="2021-04-07T05:57:40Z" user="VLD149" uid="10979429" lat="23.1763633" lon="80.0168651"/>
 <node id="7222770050" visible="true" version="2" changeset="102449641" timestamp="2021-04-07T05:57:40Z" user="VLD149" uid="10979429" lat="23.1762590" lon="80.0168040"/>
 <node id="7222770051" visible="true" version="2" changeset="102449641" timestamp="2021-04-07T05:57:40Z" user="VLD149" uid="10979429" lat="23.1754078" lon="80.0170869"/>
 <node id="7222770052" visible="true" version="2" changeset="102449641" timestamp="2021-04-07T05:57:40Z" user="VLD149" uid="10979429" lat="23.1753438" lon="80.0172298"/>
 <node id="7222770053" visible="true" version="2" changeset="101774673" timestamp="2021-03-26T08:33:24Z" user="VLD103" uid="9124205" lat="23.1746068" lon="80.0225858"/>
 <node id="7222770054" visible="true" version="1" changeset="81174181" timestamp="2020-02-18T13:54:34Z" user="uknown-gryphus" uid="2425805" lat="23.1780838" lon="80.0243476"/>
 <node id="7222770055" visible="true" version="2" changeset="101774795" timestamp="2021-03-26T08:35:01Z" user="VLD103" uid="9124205" lat="23.1776325" lon="80.0239754"/>
 <node id="7222770056" visible="true" version="2" changeset="101774795" timestamp="2021-03-26T08:35:01Z" user="VLD103" uid="9124205" lat="23.1773577" lon="80.0228770"/>
 <node id="7222770057" visible="true" version="2" changeset="101774795" timestamp="2021-03-26T08:35:01Z" user="VLD103" uid="9124205" lat="23.1773662" lon="80.0226061"/>
 <node id="7222770058" visible="true" version="2" changeset="101774795" timestamp="2021-03-26T08:35:01Z" user="VLD103" uid="9124205" lat="23.1771382" lon="80.0215983"/>
 <node id="7222770059" visible="true" version="1" changeset="81174181" timestamp="2020-02-18T13:54:34Z" user="uknown-gryphus" uid="2425805" lat="23.1765893" lon="80.0209673"/>
 <node id="7222770060" visible="true" version="2" changeset="101774663" timestamp="2021-03-26T08:33:15Z" user="VLD103" uid="9124205" lat="23.1762918" lon="80.0201629"/>
 <node id="7222770061" visible="true" version="2" changeset="177953333" timestamp="2026-02-01T07:33:04Z" user="Sameeksha Chinta" uid="23775155" lat="23.1757542" lon="80.0269584"/>
 <node id="7222770062" visible="true" version="2" changeset="177953333" timestamp="2026-02-01T07:33:04Z" user="Sameeksha Chinta" uid="23775155" lat="23.1752800" lon="80.0272170"/>
 <node id="7222770063" visible="true" version="1" changeset="81174181" timestamp="2020-02-18T13:54:34Z" user="uknown-gryphus" uid="2425805" lat="23.1749224" lon="80.0275763"/>
 <node id="7222770064" visible="true" version="1" changeset="81174181" timestamp="2020-02-18T13:54:34Z" user="uknown-gryphus" uid="2425805" lat="23.1746068" lon="80.0276835"/>
 <node id="7222770065" visible="true" version="2" changeset="101774673" timestamp="2021-03-26T08:33:24Z" user="VLD103" uid="9124205" lat="23.1731960" lon="80.0288736"/>
 <node id="7222770066" visible="true" version="2" changeset="101774673" timestamp="2021-03-26T08:33:24Z" user="VLD103" uid="9124205" lat="23.1730106" lon="80.0290736"/>
 <node id="7222770067" visible="true" version="2" changeset="101774673" timestamp="2021-03-26T08:33:24Z" user="VLD103" uid="9124205" lat="23.1729471" lon="80.0294045"/>
 <node id="7222770068" visible="true" version="2" changeset="101774673" timestamp="2021-03-26T08:33:24Z" user="VLD103" uid="9124205" lat="23.1728755" lon="80.0297973"/>
 <node id="7222770069" visible="true" version="2" changeset="101774673" timestamp="2021-03-26T08:33:24Z" user="VLD103" uid="9124205" lat="23.1727783" lon="80.0326189"/>
 <node id="7222770070" visible="true" version="2" changeset="101774673" timestamp="2021-03-26T08:33:24Z" user="VLD103" uid="9124205" lat="23.1720778" lon="80.0337680"/>
 <node id="7222770071" visible="true" version="2" changeset="101774673" timestamp="2021-03-26T08:33:24Z" user="VLD103" uid="9124205" lat="23.1685162" lon="80.0316613"/>
 <node id="7222770072" visible="true" version="2" changeset="101774673" timestamp="2021-03-26T08:33:24Z" user="VLD103" uid="9124205" lat="23.1686543" lon="80.0306823"/>
 <node id="7222770073" visible="true" version="2" changeset="101774673" timestamp="2021-03-26T08:33:24Z" user="VLD103" uid="9124205" lat="23.1683239" lon="80.0328736"/>
 <node id="7222770074" visible="true" version="2" changeset="101774673" timestamp="2021-03-26T08:33:24Z" user="VLD103" uid="9124205" lat="23.1679860" lon="80.0302799"/>
 <node id="7222770075" visible="true" version="2" changeset="101774673" timestamp="2021-03-26T08:33:24Z" user="VLD103" uid="9124205" lat="23.1726018" lon="80.0329756"/>
 <node id="7222770076" visible="true" version="1" changeset="81174181" timestamp="2020-02-18T13:54:34Z" user="uknown-gryphus" uid="2425805" lat="23.1703557" lon="80.0298293"/>
 <node id="7222770077" visible="true" version="1" changeset="81174181" timestamp="2020-02-18T13:54:34Z" user="uknown-gryphus" uid="2425805" lat="23.1701274" lon="80.0314939"/>
 <node id="7222770078" visible="true" version="1" changeset="81174181" timestamp="2020-02-18T13:54:34Z" user="uknown-gryphus" uid="2425805" lat="23.1747813" lon="80.0267904"/>
 <node id="7222770079" visible="true" version="1" changeset="81174181" timestamp="2020-02-18T13:54:34Z" user="uknown-gryphus" uid="2425805" lat="23.1749434" lon="80.0252952"/>
 <node id="7222770080" visible="true" version="1" changeset="81174181" timestamp="2020-02-18T13:54:34Z" user="uknown-gryphus" uid="2425805" lat="23.1790151" lon="80.0223257"/>
 <node id="7222770081" visible="true" version="1" changeset="81174181" timestamp="2020-02-18T13:54:34Z" user="uknown-gryphus" uid="2425805" lat="23.1788757" lon="80.0224293"/>
 <node id="7222770082" visible="true" version="1" changeset="81174181" timestamp="2020-02-18T13:54:34Z" user="uknown-gryphus" uid="2425805" lat="23.1785601" lon="80.0223220"/>
 <node id="7222770083" visible="true" version="1" changeset="81174181" timestamp="2020-02-18T13:54:34Z" user="uknown-gryphus" uid="2425805" lat="23.1783924" lon="80.0222147"/>
 <node id="7222770084" visible="true" version="1" changeset="81174181" timestamp="2020-02-18T13:54:34Z" user="uknown-gryphus" uid="2425805" lat="23.1775344" lon="80.0225258"/>
 <node id="7222770085" visible="true" version="2" changeset="101774673" timestamp="2021-03-26T08:33:24Z" user="VLD103" uid="9124205" lat="23.1770365" lon="80.0223918"/>
 <node id="7222770086" visible="true" version="1" changeset="81174181" timestamp="2020-02-18T13:54:34Z" user="uknown-gryphus" uid="2425805" lat="23.1757492" lon="80.0227619"/>
 <node id="7222770087" visible="true" version="2" changeset="101774673" timestamp="2021-03-26T08:33:24Z" user="VLD103" uid="9124205" lat="23.1755172" lon="80.0227008"/>
 <node id="7222770088" visible="true" version="2" changeset="101774673" timestamp="2021-03-26T08:33:24Z" user="VLD103" uid="9124205" lat="23.1747179" lon="80.0227915"/>
 <node id="7222770090" visible="true" version="1" changeset="81174181" timestamp="2020-02-18T13:54:34Z" user="uknown-gryphus" uid="2425805" lat="23.1796723" lon="80.0271591"/>
 <node id="7222770091" visible="true" version="1" changeset="81174181" timestamp="2020-02-18T13:54:34Z" user="uknown-gryphus" uid="2425805" lat="23.1799028" lon="80.0275859"/>
 <node id="7222770092" visible="true" version="1" changeset="81174181" timestamp="2020-02-18T13:54:34Z" user="uknown-gryphus" uid="2425805" lat="23.1794351" lon="80.0278847"/>
 <node id="7222770093" visible="true" version="1" changeset="81174181" timestamp="2020-02-18T13:54:34Z" user="uknown-gryphus" uid="2425805" lat="23.1792047" lon="80.0274579"/>
 <node id="7222770094" visible="true" version="1" changeset="81174181" timestamp="2020-02-18T13:54:34Z" user="uknown-gryphus" uid="2425805" lat="23.1686806" lon="80.0319929"/>
 <node id="7222770095" visible="true" version="1" changeset="81174181" timestamp="2020-02-18T13:54:34Z" user="uknown-gryphus" uid="2425805" lat="23.1687138" lon="80.0320502"/>
 <node id="7222770096" visible="true" version="1" changeset="81174181" timestamp="2020-02-18T13:54:34Z" user="uknown-gryphus" uid="2425805" lat="23.1687970" lon="80.0319931"/>
 <node id="7222770097" visible="true" version="1" changeset="81174181" timestamp="2020-02-18T13:54:34Z" user="uknown-gryphus" uid="2425805" lat="23.1688781" lon="80.0321330"/>
 <node id="7222770098" visible="true" version="1" changeset="81174181" timestamp="2020-02-18T13:54:34Z" user="uknown-gryphus" uid="2425805" lat="23.1687944" lon="80.0321904"/>
 <node id="7222770099" visible="true" version="1" changeset="81174181" timestamp="2020-02-18T13:54:34Z" user="uknown-gryphus" uid="2425805" lat="23.1688327" lon="80.0322564"/>
 <node id="7222770100" visible="true" version="1" changeset="81174181" timestamp="2020-02-18T13:54:34Z" user="uknown-gryphus" uid="2425805" lat="23.1687352" lon="80.0323233"/>
 <node id="7222770101" visible="true" version="1" changeset="81174181" timestamp="2020-02-18T13:54:34Z" user="uknown-gryphus" uid="2425805" lat="23.1685826" lon="80.0320601"/>
 <node id="7222770102" visible="true" version="1" changeset="81174181" timestamp="2020-02-18T13:54:34Z" user="uknown-gryphus" uid="2425805" lat="23.1688899" lon="80.0323794"/>
 <node id="7222770103" visible="true" version="1" changeset="81174181" timestamp="2020-02-18T13:54:34Z" user="uknown-gryphus" uid="2425805" lat="23.1689464" lon="80.0324858"/>
 <node id="7222770104" visible="true" version="1" changeset="81174181" timestamp="2020-02-18T13:54:34Z" user="uknown-gryphus" uid="2425805" lat="23.1690040" lon="80.0324496"/>
 <node id="7222770105" visible="true" version="1" changeset="81174181" timestamp="2020-02-18T13:54:34Z" user="uknown-gryphus" uid="2425805" lat="23.1690798" lon="80.0325923"/>
 <node id="7222770106" visible="true" version="1" changeset="81174181" timestamp="2020-02-18T13:54:34Z" user="uknown-gryphus" uid="2425805" lat="23.1691963" lon="80.0325191"/>
 <node id="7222770107" visible="true" version="1" changeset="81174181" timestamp="2020-02-18T13:54:34Z" user="uknown-gryphus" uid="2425805" lat="23.1691318" lon="80.0323977"/>
 <node id="7222770108" visible="true" version="1" changeset="81174181" timestamp="2020-02-18T13:54:34Z" user="uknown-gryphus" uid="2425805" lat="23.1690411" lon="80.0324548"/>
 <node id="7222770109" visible="true" version="1" changeset="81174181" timestamp="2020-02-18T13:54:34Z" user="uknown-gryphus" uid="2425805" lat="23.1690023" lon="80.0323818"/>
 <node id="7222770110" visible="true" version="1" changeset="81174181" timestamp="2020-02-18T13:54:34Z" user="uknown-gryphus" uid="2425805" lat="23.1690652" lon="80.0323423"/>
 <node id="7222770111" visible="true" version="1" changeset="81174181" timestamp="2020-02-18T13:54:34Z" user="uknown-gryphus" uid="2425805" lat="23.1689869" lon="80.0321947"/>
 <node id="7222770112" visible="true" version="1" changeset="81174181" timestamp="2020-02-18T13:54:34Z" user="uknown-gryphus" uid="2425805" lat="23.1689067" lon="80.0322451"/>
 <node id="7222770113" visible="true" version="1" changeset="81174181" timestamp="2020-02-18T13:54:34Z" user="uknown-gryphus" uid="2425805" lat="23.1689560" lon="80.0323379"/>
 <node id="7222770114" visible="true" version="1" changeset="81174181" timestamp="2020-02-18T13:54:34Z" user="uknown-gryphus" uid="2425805" lat="23.1685522" lon="80.0325795"/>
 <node id="7222770115" visible="true" version="1" changeset="81174181" timestamp="2020-02-18T13:54:34Z" user="uknown-gryphus" uid="2425805" lat="23.1685853" lon="80.0326367"/>
 <node id="7222770116" visible="true" version="1" changeset="81174181" timestamp="2020-02-18T13:54:34Z" user="uknown-gryphus" uid="2425805" lat="23.1686686" lon="80.0325796"/>
 <node id="7222770117" visible="true" version="1" changeset="81174181" timestamp="2020-02-18T13:54:34Z" user="uknown-gryphus" uid="2425805" lat="23.1687497" lon="80.0327195"/>
 <node id="7222770118" visible="true" version="1" changeset="81174181" timestamp="2020-02-18T13:54:34Z" user="uknown-gryphus" uid="2425805" lat="23.1686660" lon="80.0327769"/>
 <node id="7222770119" visible="true" version="1" changeset="81174181" timestamp="2020-02-18T13:54:34Z" user="uknown-gryphus" uid="2425805" lat="23.1687043" lon="80.0328430"/>
 <node id="7222770120" visible="true" version="1" changeset="81174181" timestamp="2020-02-18T13:54:34Z" user="uknown-gryphus" uid="2425805" lat="23.1686068" lon="80.0329099"/>
 <node id="7222770121" visible="true" version="1" changeset="81174181" timestamp="2020-02-18T13:54:34Z" user="uknown-gryphus" uid="2425805" lat="23.1684542" lon="80.0326467"/>
 <node id="7222770122" visible="true" version="1" changeset="81174181" timestamp="2020-02-18T13:54:34Z" user="uknown-gryphus" uid="2425805" lat="23.1687614" lon="80.0329660"/>
 <node id="7222770123" visible="true" version="1" changeset="81174181" timestamp="2020-02-18T13:54:34Z" user="uknown-gryphus" uid="2425805" lat="23.1688179" lon="80.0330724"/>
 <node id="7222770124" visible="true" version="1" changeset="81174181" timestamp="2020-02-18T13:54:34Z" user="uknown-gryphus" uid="2425805" lat="23.1688756" lon="80.0330362"/>
 <node id="7222770125" visible="true" version="1" changeset="81174181" timestamp="2020-02-18T13:54:34Z" user="uknown-gryphus" uid="2425805" lat="23.1689514" lon="80.0331788"/>
 <node id="7222770126" visible="true" version="1" changeset="81174181" timestamp="2020-02-18T13:54:34Z" user="uknown-gryphus" uid="2425805" lat="23.1690679" lon="80.0331056"/>
 <node id="7222770127" visible="true" version="1" changeset="81174181" timestamp="2020-02-18T13:54:34Z" user="uknown-gryphus" uid="2425805" lat="23.1690034" lon="80.0329843"/>
 <node id="7222770128" visible="true" version="1" changeset="81174181" timestamp="2020-02-18T13:54:34Z" user="uknown-gryphus" uid="2425805" lat="23.1689126" lon="80.0330413"/>
 <node id="7222770129" visible="true" version="1" changeset="81174181" timestamp="2020-02-18T13:54:34Z" user="uknown-gryphus" uid="2425805" lat="23.1688739" lon="80.0329684"/>
 <node id="7222770130" visible="true" version="1" changeset="81174181" timestamp="2020-02-18T13:54:34Z" user="uknown-gryphus" uid="2425805" lat="23.1689368" lon="80.0329289"/>
 <node id="7222770131" visible="true" version="1" changeset="81174181" timestamp="2020-02-18T13:54:34Z" user="uknown-gryphus" uid="2425805" lat="23.1688584" lon="80.0327813"/>
 <node id="7222770132" visible="true" version="1" changeset="81174181" timestamp="2020-02-18T13:54:34Z" user="uknown-gryphus" uid="2425805" lat="23.1687783" lon="80.0328316"/>
 <node id="7222770133" visible="true" version="1" changeset="81174181" timestamp="2020-02-18T13:54:34Z" user="uknown-gryphus" uid="2425805" lat="23.1688275" lon="80.0329245"/>
 <node id="7273680226" visible="true" version="1" changeset="81892111" timestamp="2020-03-07T07:18:31Z" user="uknown-gryphus" uid="2425805" lat="23.1761457" lon="80.0279071"/>
 <node id="7273680227" visible="true" version="1" changeset="81892111" timestamp="2020-03-07T07:18:31Z" user="uknown-gryphus" uid="2425805" lat="23.1761570" lon="80.0277944"/>
 <node id="7273680228" visible="true" version="1" changeset="81892111" timestamp="2020-03-07T07:18:31Z" user="uknown-gryphus" uid="2425805" lat="23.1762186" lon="80.0278017"/>
 <node id="7273680229" visible="true" version="1" changeset="81892111" timestamp="2020-03-07T07:18:31Z" user="uknown-gryphus" uid="2425805" lat="23.1761883" lon="80.0281036"/>
 <node id="7273680230" visible="true" version="1" changeset="81892111" timestamp="2020-03-07T07:18:31Z" user="uknown-gryphus" uid="2425805" lat="23.1761305" lon="80.0280967"/>
 <node id="7273680231" visible="true" version="1" changeset="81892111" timestamp="2020-03-07T07:18:31Z" user="uknown-gryphus" uid="2425805" lat="23.1761414" lon="80.0279876"/>
 <node id="7273680232" visible="true" version="1" changeset="81892111" timestamp="2020-03-07T07:18:31Z" user="uknown-gryphus" uid="2425805" lat="23.1761137" lon="80.0279844"/>
 <node id="7273680233" visible="true" version="1" changeset="81892111" timestamp="2020-03-07T07:18:31Z" user="uknown-gryphus" uid="2425805" lat="23.1761025" lon="80.0280962"/>
 <node id="7273680234" visible="true" version="1" changeset="81892111" timestamp="2020-03-07T07:18:31Z" user="uknown-gryphus" uid="2425805" lat="23.1758232" lon="80.0280631"/>
 <node id="7273680235" visible="true" version="1" changeset="81892111" timestamp="2020-03-07T07:18:31Z" user="uknown-gryphus" uid="2425805" lat="23.1758524" lon="80.0277711"/>
 <node id="7273680236" visible="true" version="1" changeset="81892111" timestamp="2020-03-07T07:18:31Z" user="uknown-gryphus" uid="2425805" lat="23.1759923" lon="80.0277877"/>
 <node id="7273680237" visible="true" version="1" changeset="81892111" timestamp="2020-03-07T07:18:31Z" user="uknown-gryphus" uid="2425805" lat="23.1760020" lon="80.0276904"/>
 <node id="7273680238" visible="true" version="1" changeset="81892111" timestamp="2020-03-07T07:18:31Z" user="uknown-gryphus" uid="2425805" lat="23.1760488" lon="80.0276959"/>
 <node id="7273680239" visible="true" version="1" changeset="81892111" timestamp="2020-03-07T07:18:31Z" user="uknown-gryphus" uid="2425805" lat="23.1760410" lon="80.0277741"/>
 <node id="7273680240" visible="true" version="1" changeset="81892111" timestamp="2020-03-07T07:18:31Z" user="uknown-gryphus" uid="2425805" lat="23.1761184" lon="80.0277833"/>
 <node id="7273680241" visible="true" version="1" changeset="81892111" timestamp="2020-03-07T07:18:31Z" user="uknown-gryphus" uid="2425805" lat="23.1761064" lon="80.0279024"/>
 <node id="7273680242" visible="true" version="1" changeset="81892111" timestamp="2020-03-07T07:18:31Z" user="uknown-gryphus" uid="2425805" lat="23.1763725" lon="80.0205778"/>
 <node id="7273680243" visible="true" version="1" changeset="81892111" timestamp="2020-03-07T07:18:31Z" user="uknown-gryphus" uid="2425805" lat="23.1760525" lon="80.0205332"/>
 <node id="7273680244" visible="true" version="1" changeset="81892111" timestamp="2020-03-07T07:18:31Z" user="uknown-gryphus" uid="2425805" lat="23.1760269" lon="80.0207511"/>
 <node id="7273680245" visible="true" version="1" changeset="81892111" timestamp="2020-03-07T07:18:31Z" user="uknown-gryphus" uid="2425805" lat="23.1763468" lon="80.0207956"/>
 <node id="7273680246" visible="true" version="1" changeset="81892111" timestamp="2020-03-07T07:18:31Z" user="uknown-gryphus" uid="2425805" lat="23.1763260" lon="80.0209872"/>
 <node id="7273680247" visible="true" version="1" changeset="81892111" timestamp="2020-03-07T07:18:31Z" user="uknown-gryphus" uid="2425805" lat="23.1760006" lon="80.0209550"/>
 <node id="7273680248" visible="true" version="1" changeset="81892111" timestamp="2020-03-07T07:18:31Z" user="uknown-gryphus" uid="2425805" lat="23.1762767" lon="80.0202630"/>
 <node id="7273680249" visible="true" version="1" changeset="81892111" timestamp="2020-03-07T07:18:31Z" user="uknown-gryphus" uid="2425805" lat="23.1762767" lon="80.0205044"/>
 <node id="7273680250" visible="true" version="1" changeset="81892111" timestamp="2020-03-07T07:18:31Z" user="uknown-gryphus" uid="2425805" lat="23.1760351" lon="80.0204776"/>
 <node id="7273680251" visible="true" version="1" changeset="81892111" timestamp="2020-03-07T07:18:31Z" user="uknown-gryphus" uid="2425805" lat="23.1760400" lon="80.0202416"/>
 <node id="7273680252" visible="true" version="1" changeset="81892111" timestamp="2020-03-07T07:18:31Z" user="uknown-gryphus" uid="2425805" lat="23.1749529" lon="80.0202663"/>
 <node id="7273680253" visible="true" version="2" changeset="101774663" timestamp="2021-03-26T08:33:15Z" user="VLD103" uid="9124205" lat="23.1755836" lon="80.0203773"/>
 <node id="7273680254" visible="true" version="1" changeset="81892111" timestamp="2020-03-07T07:18:31Z" user="uknown-gryphus" uid="2425805" lat="23.1756751" lon="80.0203381"/>
 <node id="7273680255" visible="true" version="2" changeset="101774663" timestamp="2021-03-26T08:33:15Z" user="VLD103" uid="9124205" lat="23.1759283" lon="80.0202401"/>
 <node id="7273680256" visible="true" version="2" changeset="101774663" timestamp="2021-03-26T08:33:15Z" user="VLD103" uid="9124205" lat="23.1762226" lon="80.0201740"/>
 <node id="7273680257" visible="true" version="1" changeset="81892111" timestamp="2020-03-07T07:18:31Z" user="uknown-gryphus" uid="2425805" lat="23.1771003" lon="80.0216202"/>
 <node id="7273680258" visible="true" version="1" changeset="81892111" timestamp="2020-03-07T07:18:31Z" user="uknown-gryphus" uid="2425805" lat="23.1769227" lon="80.0214218"/>
 <node id="7273680259" visible="true" version="1" changeset="81892111" timestamp="2020-03-07T07:18:31Z" user="uknown-gryphus" uid="2425805" lat="23.1767748" lon="80.0213091"/>
 <node id="7273680260" visible="true" version="1" changeset="81892111" timestamp="2020-03-07T07:18:31Z" user="uknown-gryphus" uid="2425805" lat="23.1765973" lon="80.0212447"/>
 <node id="7273680261" visible="true" version="1" changeset="81892111" timestamp="2020-03-07T07:18:31Z" user="uknown-gryphus" uid="2425805" lat="23.1763458" lon="80.0212394"/>
 <node id="7273680262" visible="true" version="1" changeset="81892111" timestamp="2020-03-07T07:18:31Z" user="uknown-gryphus" uid="2425805" lat="23.1757836" lon="80.0214486"/>
 <node id="7273680263" visible="true" version="1" changeset="81892111" timestamp="2020-03-07T07:18:31Z" user="uknown-gryphus" uid="2425805" lat="23.1755222" lon="80.0216095"/>
 <node id="7273680264" visible="true" version="1" changeset="81892111" timestamp="2020-03-07T07:18:31Z" user="uknown-gryphus" uid="2425805" lat="23.1754038" lon="80.0218241"/>
 <node id="7273680265" visible="true" version="1" changeset="81892111" timestamp="2020-03-07T07:18:31Z" user="uknown-gryphus" uid="2425805" lat="23.1753792" lon="80.0220494"/>
 <node id="7273680266" visible="true" version="1" changeset="81892111" timestamp="2020-03-07T07:18:31Z" user="uknown-gryphus" uid="2425805" lat="23.1755715" lon="80.0225054"/>
 <node id="7273680267" visible="true" version="1" changeset="81892111" timestamp="2020-03-07T07:18:31Z" user="uknown-gryphus" uid="2425805" lat="23.1756800" lon="80.0226556"/>
 <node id="7273680268" visible="true" version="1" changeset="81892111" timestamp="2020-03-07T07:18:31Z" user="uknown-gryphus" uid="2425805" lat="23.1758378" lon="80.0226770"/>
 <node id="7273680269" visible="true" version="1" changeset="81892111" timestamp="2020-03-07T07:18:31Z" user="uknown-gryphus" uid="2425805" lat="23.1764345" lon="80.0224624"/>
 <node id="7273680270" visible="true" version="1" changeset="81892111" timestamp="2020-03-07T07:18:31Z" user="uknown-gryphus" uid="2425805" lat="23.1767896" lon="80.0223337"/>
 <node id="7273680271" visible="true" version="1" changeset="81892111" timestamp="2020-03-07T07:18:31Z" user="uknown-gryphus" uid="2425805" lat="23.1769819" lon="80.0221996"/>
 <node id="7273680272" visible="true" version="1" changeset="81892111" timestamp="2020-03-07T07:18:31Z" user="uknown-gryphus" uid="2425805" lat="23.1770707" lon="80.0220601"/>
 <node id="7273680273" visible="true" version="1" changeset="81892111" timestamp="2020-03-07T07:18:31Z" user="uknown-gryphus" uid="2425805" lat="23.1771249" lon="80.0218563"/>
 <node id="7273680274" visible="true" version="1" changeset="81892111" timestamp="2020-03-07T07:18:31Z" user="uknown-gryphus" uid="2425805" lat="23.1768784" lon="80.0237445"/>
 <node id="7273680275" visible="true" version="1" changeset="81892111" timestamp="2020-03-07T07:18:31Z" user="uknown-gryphus" uid="2425805" lat="23.1768784" lon="80.0236533"/>
 <node id="7273680276" visible="true" version="1" changeset="81892111" timestamp="2020-03-07T07:18:31Z" user="uknown-gryphus" uid="2425805" lat="23.1769326" lon="80.0236212"/>
 <node id="7273680277" visible="true" version="1" changeset="81892111" timestamp="2020-03-07T07:18:31Z" user="uknown-gryphus" uid="2425805" lat="23.1769622" lon="80.0235407"/>
 <node id="7273680278" visible="true" version="1" changeset="81892111" timestamp="2020-03-07T07:18:31Z" user="uknown-gryphus" uid="2425805" lat="23.1769178" lon="80.0234388"/>
 <node id="7273680279" visible="true" version="1" changeset="81892111" timestamp="2020-03-07T07:18:31Z" user="uknown-gryphus" uid="2425805" lat="23.1768192" lon="80.0233798"/>
 <node id="7273680280" visible="true" version="1" changeset="81892111" timestamp="2020-03-07T07:18:31Z" user="uknown-gryphus" uid="2425805" lat="23.1766910" lon="80.0233798"/>
 <node id="7273680281" visible="true" version="1" changeset="81892111" timestamp="2020-03-07T07:18:31Z" user="uknown-gryphus" uid="2425805" lat="23.1766022" lon="80.0235031"/>
 <node id="7273680282" visible="true" version="1" changeset="81892111" timestamp="2020-03-07T07:18:31Z" user="uknown-gryphus" uid="2425805" lat="23.1765973" lon="80.0236587"/>
 <node id="7273680283" visible="true" version="1" changeset="81892111" timestamp="2020-03-07T07:18:31Z" user="uknown-gryphus" uid="2425805" lat="23.1767058" lon="80.0237016"/>
 <node id="7273680284" visible="true" version="1" changeset="81892111" timestamp="2020-03-07T07:18:31Z" user="uknown-gryphus" uid="2425805" lat="23.1767353" lon="80.0237767"/>
 <node id="7273688236" visible="true" version="1" changeset="81892267" timestamp="2020-03-07T07:32:11Z" user="uknown-gryphus" uid="2425805" lat="23.1788857" lon="80.0224921"/>
 <node id="7273688237" visible="true" version="1" changeset="81892267" timestamp="2020-03-07T07:32:11Z" user="uknown-gryphus" uid="2425805" lat="23.1789748" lon="80.0226828"/>
 <node id="7273688238" visible="true" version="1" changeset="81892267" timestamp="2020-03-07T07:32:11Z" user="uknown-gryphus" uid="2425805" lat="23.1790298" lon="80.0226523"/>
 <node id="7273688239" visible="true" version="1" changeset="81892267" timestamp="2020-03-07T07:32:11Z" user="uknown-gryphus" uid="2425805" lat="23.1789408" lon="80.0224616"/>
 <node id="7273688240" visible="true" version="1" changeset="81892267" timestamp="2020-03-07T07:32:11Z" user="uknown-gryphus" uid="2425805" lat="23.1789298" lon="80.0225080">
  <tag k="amenity" v="fast_food"/>
  <tag k="name" v="Hyderabad Fried Chicken"/>
 </node>
 <node id="7273688241" visible="true" version="1" changeset="81892267" timestamp="2020-03-07T07:32:11Z" user="uknown-gryphus" uid="2425805" lat="23.1789964" lon="80.0226180">
  <tag k="amenity" v="cafe"/>
  <tag k="name" v="Nescafé"/>
 </node>
 <node id="7273688242" visible="true" version="1" changeset="81892267" timestamp="2020-03-07T07:32:11Z" user="uknown-gryphus" uid="2425805" lat="23.1788711" lon="80.0217280"/>
 <node id="7273688244" visible="true" version="2" changeset="137575312" timestamp="2023-06-20T18:36:20Z" user="Sal73x" uid="1293386" lat="23.1731205" lon="80.0436896"/>
 <node id="7273689585" visible="true" version="2" changeset="177953088" timestamp="2026-02-01T07:18:15Z" user="Sameeksha Chinta" uid="23775155" lat="23.1767917" lon="80.0242225"/>
 <node id="7273689586" visible="true" version="2" changeset="177953088" timestamp="2026-02-01T07:18:15Z" user="Sameeksha Chinta" uid="23775155" lat="23.1767675" lon="80.0239218"/>
 <node id="7273689587" visible="true" version="1" changeset="81892111" timestamp="2020-03-07T07:18:31Z" user="uknown-gryphus" uid="2425805" lat="23.1766712" lon="80.0238840"/>
 <node id="7273689588" visible="true" version="2" changeset="177953088" timestamp="2026-02-01T07:18:15Z" user="Sameeksha Chinta" uid="23775155" lat="23.1765492" lon="80.0238272"/>
 <node id="7273689589" visible="true" version="2" changeset="177953088" timestamp="2026-02-01T07:18:15Z" user="Sameeksha Chinta" uid="23775155" lat="23.1764588" lon="80.0237315"/>
 <node id="7273689590" visible="true" version="2" changeset="177953088" timestamp="2026-02-01T07:18:15Z" user="Sameeksha Chinta" uid="23775155" lat="23.1764241" lon="80.0235514"/>
 <node id="7273689591" visible="true" version="2" changeset="177953088" timestamp="2026-02-01T07:18:15Z" user="Sameeksha Chinta" uid="23775155" lat="23.1764941" lon="80.0233962"/>
 <node id="7273689592" visible="true" version="2" changeset="177953088" timestamp="2026-02-01T07:18:15Z" user="Sameeksha Chinta" uid="23775155" lat="23.1766306" lon="80.0232775"/>
 <node id="7273689593" visible="true" version="1" changeset="81892111" timestamp="2020-03-07T07:18:31Z" user="uknown-gryphus" uid="2425805" lat="23.1767797" lon="80.0232617"/>
 <node id="7273689594" visible="true" version="1" changeset="81892111" timestamp="2020-03-07T07:18:31Z" user="uknown-gryphus" uid="2425805" lat="23.1769375" lon="80.0233154"/>
 <node id="7273689595" visible="true" version="1" changeset="81892111" timestamp="2020-03-07T07:18:31Z" user="uknown-gryphus" uid="2425805" lat="23.1770411" lon="80.0234280"/>
 <node id="7273689596" visible="true" version="1" changeset="81892111" timestamp="2020-03-07T07:18:31Z" user="uknown-gryphus" uid="2425805" lat="23.1770855" lon="80.0236051"/>
 <node id="7273689597" visible="true" version="1" changeset="81892111" timestamp="2020-03-07T07:18:31Z" user="uknown-gryphus" uid="2425805" lat="23.1770510" lon="80.0237714"/>
 <node id="7273689598" visible="true" version="1" changeset="81892111" timestamp="2020-03-07T07:18:31Z" user="uknown-gryphus" uid="2425805" lat="23.1769375" lon="80.0238787"/>
 <node id="7273689599" visible="true" version="1" changeset="81892111" timestamp="2020-03-07T07:18:31Z" user="uknown-gryphus" uid="2425805" lat="23.1769622" lon="80.0253110"/>
 <node id="7273689600" visible="true" version="1" changeset="81892111" timestamp="2020-03-07T07:18:31Z" user="uknown-gryphus" uid="2425805" lat="23.1769425" lon="80.0249730"/>
 <node id="7273689601" visible="true" version="1" changeset="81892111" timestamp="2020-03-07T07:18:31Z" user="uknown-gryphus" uid="2425805" lat="23.1771133" lon="80.0254847"/>
 <node id="7273689602" visible="true" version="2" changeset="177953088" timestamp="2026-02-01T07:18:15Z" user="Sameeksha Chinta" uid="23775155" lat="23.1768350" lon="80.0244013"/>
 <node id="8386176331" visible="true" version="2" changeset="137575004" timestamp="2023-06-20T18:26:18Z" user="Sal73x" uid="1293386" lat="23.1866740" lon="80.0431298"/>
 <node id="8386176332" visible="true" version="2" changeset="137575004" timestamp="2023-06-20T18:26:18Z" user="Sal73x" uid="1293386" lat="23.1897562" lon="80.0498394"/>
 <node id="8386176333" visible="true" version="2" changeset="137575004" timestamp="2023-06-20T18:26:18Z" user="Sal73x" uid="1293386" lat="23.1902484" lon="80.0517793"/>
 <node id="8386176334" visible="true" version="2" changeset="137575004" timestamp="2023-06-20T18:26:18Z" user="Sal73x" uid="1293386" lat="23.1900458" lon="80.0523488"/>
 <node id="8386176335" visible="true" version="2" changeset="137575004" timestamp="2023-06-20T18:26:18Z" user="Sal73x" uid="1293386" lat="23.1894233" lon="80.0528562"/>
 <node id="8386176336" visible="true" version="1" changeset="98552622" timestamp="2021-02-02T06:13:24Z" user="PlaneMad" uid="1306" lat="23.1712162" lon="80.0438547"/>
 <node id="8386176337" visible="true" version="1" changeset="98552622" timestamp="2021-02-02T06:13:24Z" user="PlaneMad" uid="1306" lat="23.1706047" lon="80.0471377"/>
 <node id="8386176338" visible="true" version="1" changeset="98552622" timestamp="2021-02-02T06:13:24Z" user="PlaneMad" uid="1306" lat="23.1694408" lon="80.0449920"/>
 <node id="8386176339" visible="true" version="1" changeset="98552622" timestamp="2021-02-02T06:13:24Z" user="PlaneMad" uid="1306" lat="23.1724195" lon="80.0461292"/>
 <node id="8465741441" visible="true" version="2" changeset="137575312" timestamp="2023-06-20T18:36:20Z" user="Sal73x" uid="1293386" lat="23.1714019" lon="80.0447794"/>
 <node id="8465741443" visible="true" version="1" changeset="100133082" timestamp="2021-02-28T11:48:43Z" user="MAF-TTS" uid="1768757" lat="23.1715237" lon="80.0450138"/>
 <node id="8465741444" visible="true" version="1" changeset="100133082" timestamp="2021-02-28T11:48:43Z" user="MAF-TTS" uid="1768757" lat="23.1714458" lon="80.0451551"/>
 <node id="8465741445" visible="true" version="1" changeset="100133082" timestamp="2021-02-28T11:48:43Z" user="MAF-TTS" uid="1768757" lat="23.1713990" lon="80.0452908"/>
 <node id="8465741446" visible="true" version="1" changeset="100133082" timestamp="2021-02-28T11:48:43Z" user="MAF-TTS" uid="1768757" lat="23.1713678" lon="80.0454717"/>
 <node id="8465741447" visible="true" version="1" changeset="100133082" timestamp="2021-02-28T11:48:43Z" user="MAF-TTS" uid="1768757" lat="23.1713418" lon="80.0456752"/>
 <node id="8465741448" visible="true" version="1" changeset="100133082" timestamp="2021-02-28T11:48:43Z" user="MAF-TTS" uid="1768757" lat="23.1708844" lon="80.0459918"/>
 <node id="8465741449" visible="true" version="1" changeset="100133082" timestamp="2021-02-28T11:48:43Z" user="MAF-TTS" uid="1768757" lat="23.1705362" lon="80.0453643"/>
 <node id="8556500580" visible="true" version="1" changeset="101632613" timestamp="2021-03-24T09:35:07Z" user="VLD261" uid="10979447" lat="23.1550193" lon="80.0196166"/>
 <node id="8556769244" visible="true" version="1" changeset="101639445" timestamp="2021-03-24T10:56:45Z" user="VLD261" uid="10979447" lat="23.1546782" lon="80.0198199"/>
 <node id="8556769245" visible="true" version="1" changeset="101639445" timestamp="2021-03-24T10:56:45Z" user="VLD261" uid="10979447" lat="23.1546042" lon="80.0198869"/>
 <node id="8556769246" visible="true" version="1" changeset="101639445" timestamp="2021-03-24T10:56:45Z" user="VLD261" uid="10979447" lat="23.1544933" lon="80.0200425"/>
 <node id="8556769247" visible="true" version="1" changeset="101639445" timestamp="2021-03-24T10:56:45Z" user="VLD261" uid="10979447" lat="23.1543108" lon="80.0204985"/>
 <node id="8556769248" visible="true" version="1" changeset="101639445" timestamp="2021-03-24T10:56:45Z" user="VLD261" uid="10979447" lat="23.1541184" lon="80.0210510"/>
 <node id="8556769249" visible="true" version="1" changeset="101639445" timestamp="2021-03-24T10:56:45Z" user="VLD261" uid="10979447" lat="23.1540913" lon="80.0211717"/>
 <node id="8556769250" visible="true" version="1" changeset="101639445" timestamp="2021-03-24T10:56:45Z" user="VLD261" uid="10979447" lat="23.1540765" lon="80.0213594"/>
 <node id="8556769251" visible="true" version="1" changeset="101639445" timestamp="2021-03-24T10:56:45Z" user="VLD261" uid="10979447" lat="23.1540666" lon="80.0220032"/>
 <node id="8556769252" visible="true" version="1" changeset="101639445" timestamp="2021-03-24T10:56:45Z" user="VLD261" uid="10979447" lat="23.1540568" lon="80.0232370"/>
 <node id="8556769253" visible="true" version="1" changeset="101639445" timestamp="2021-03-24T10:56:45Z" user="VLD261" uid="10979447" lat="23.1540716" lon="80.0233201"/>
 <node id="8556769254" visible="true" version="1" changeset="101639445" timestamp="2021-03-24T10:56:45Z" user="VLD261" uid="10979447" lat="23.1541036" lon="80.0234086"/>
 <node id="8556769255" visible="true" version="1" changeset="101639445" timestamp="2021-03-24T10:56:45Z" user="VLD261" uid="10979447" lat="23.1543256" lon="80.0238003"/>
 <node id="8556769256" visible="true" version="1" changeset="101639445" timestamp="2021-03-24T10:56:45Z" user="VLD261" uid="10979447" lat="23.1547078" lon="80.0244520"/>
 <node id="8556769257" visible="true" version="1" changeset="101639445" timestamp="2021-03-24T10:56:45Z" user="VLD261" uid="10979447" lat="23.1548780" lon="80.0247685"/>
 <node id="8556769258" visible="true" version="1" changeset="101639445" timestamp="2021-03-24T10:56:45Z" user="VLD261" uid="10979447" lat="23.1549569" lon="80.0249321"/>
 <node id="8556769259" visible="true" version="2" changeset="101641305" timestamp="2021-03-24T11:19:22Z" user="VLD261" uid="10979447" lat="23.1552536" lon="80.0257525"/>
 <node id="8556769260" visible="true" version="1" changeset="101639445" timestamp="2021-03-24T10:56:45Z" user="VLD261" uid="10979447" lat="23.1553565" lon="80.0261103"/>
 <node id="8556769261" visible="true" version="1" changeset="101639445" timestamp="2021-03-24T10:56:45Z" user="VLD261" uid="10979447" lat="23.1554342" lon="80.0266577"/>
 <node id="8556769262" visible="true" version="1" changeset="101639445" timestamp="2021-03-24T10:56:45Z" user="VLD261" uid="10979447" lat="23.1555135" lon="80.0272092"/>
 <node id="8556769263" visible="true" version="1" changeset="101639445" timestamp="2021-03-24T10:56:45Z" user="VLD261" uid="10979447" lat="23.1555815" lon="80.0276744"/>
 <node id="8556769264" visible="true" version="1" changeset="101639445" timestamp="2021-03-24T10:56:45Z" user="VLD261" uid="10979447" lat="23.1555985" lon="80.0279302"/>
 <node id="8556769265" visible="true" version="2" changeset="101642995" timestamp="2021-03-24T11:40:09Z" user="VLD261" uid="10979447" lat="23.1555863" lon="80.0282689"/>
 <node id="8556769266" visible="true" version="1" changeset="101639445" timestamp="2021-03-24T10:56:45Z" user="VLD261" uid="10979447" lat="23.1555531" lon="80.0287590"/>
 <node id="8556769267" visible="true" version="1" changeset="101639445" timestamp="2021-03-24T10:56:45Z" user="VLD261" uid="10979447" lat="23.1554306" lon="80.0296153"/>
 <node id="8556769268" visible="true" version="1" changeset="101639445" timestamp="2021-03-24T10:56:45Z" user="VLD261" uid="10979447" lat="23.1552953" lon="80.0306107"/>
 <node id="8556769269" visible="true" version="1" changeset="101639445" timestamp="2021-03-24T10:56:45Z" user="VLD261" uid="10979447" lat="23.1551934" lon="80.0314857"/>
 <node id="8556769270" visible="true" version="1" changeset="101639445" timestamp="2021-03-24T10:56:45Z" user="VLD261" uid="10979447" lat="23.1551446" lon="80.0319290"/>
 <node id="8556769271" visible="true" version="1" changeset="101639445" timestamp="2021-03-24T10:56:45Z" user="VLD261" uid="10979447" lat="23.1551367" lon="80.0322252"/>
 <node id="8556769272" visible="true" version="1" changeset="101639445" timestamp="2021-03-24T10:56:45Z" user="VLD261" uid="10979447" lat="23.1551679" lon="80.0324347"/>
 <node id="8556769273" visible="true" version="1" changeset="101639445" timestamp="2021-03-24T10:56:45Z" user="VLD261" uid="10979447" lat="23.1552330" lon="80.0327921"/>
 <node id="8556769274" visible="true" version="1" changeset="101639445" timestamp="2021-03-24T10:56:45Z" user="VLD261" uid="10979447" lat="23.1552897" lon="80.0329615"/>
 <node id="8556769275" visible="true" version="1" changeset="101639445" timestamp="2021-03-24T10:56:45Z" user="VLD261" uid="10979447" lat="23.1554795" lon="80.0332974"/>
 <node id="8556769276" visible="true" version="1" changeset="101639445" timestamp="2021-03-24T10:56:45Z" user="VLD261" uid="10979447" lat="23.1561225" lon="80.0342494"/>
 <node id="8556769277" visible="true" version="1" changeset="101639445" timestamp="2021-03-24T10:56:45Z" user="VLD261" uid="10979447" lat="23.1570602" lon="80.0357037"/>
 <node id="8556769278" visible="true" version="1" changeset="101639445" timestamp="2021-03-24T10:56:45Z" user="VLD261" uid="10979447" lat="23.1574461" lon="80.0362794"/>
 <node id="8556769279" visible="true" version="1" changeset="101639445" timestamp="2021-03-24T10:56:45Z" user="VLD261" uid="10979447" lat="23.1575397" lon="80.0363979"/>
 <node id="8556769280" visible="true" version="1" changeset="101639445" timestamp="2021-03-24T10:56:45Z" user="VLD261" uid="10979447" lat="23.1576211" lon="80.0364891"/>
 <node id="8556769281" visible="true" version="1" changeset="101639445" timestamp="2021-03-24T10:56:45Z" user="VLD261" uid="10979447" lat="23.1577123" lon="80.0365561"/>
 <node id="8556769282" visible="true" version="1" changeset="101639445" timestamp="2021-03-24T10:56:45Z" user="VLD261" uid="10979447" lat="23.1578726" lon="80.0366259"/>
 <node id="8556769283" visible="true" version="1" changeset="101639445" timestamp="2021-03-24T10:56:45Z" user="VLD261" uid="10979447" lat="23.1581143" lon="80.0367251"/>
 <node id="8556769284" visible="true" version="1" changeset="101639445" timestamp="2021-03-24T10:56:45Z" user="VLD261" uid="10979447" lat="23.1582623" lon="80.0367949"/>
 <node id="8556769285" visible="true" version="1" changeset="101639445" timestamp="2021-03-24T10:56:45Z" user="VLD261" uid="10979447" lat="23.1584078" lon="80.0368914"/>
 <node id="8556769286" visible="true" version="1" changeset="101639445" timestamp="2021-03-24T10:56:45Z" user="VLD261" uid="10979447" lat="23.1586445" lon="80.0370765"/>
 <node id="8556769287" visible="true" version="1" changeset="101639445" timestamp="2021-03-24T10:56:45Z" user="VLD261" uid="10979447" lat="23.1591229" lon="80.0374761"/>
 <node id="8556769288" visible="true" version="1" changeset="101639445" timestamp="2021-03-24T10:56:45Z" user="VLD261" uid="10979447" lat="23.1594871" lon="80.0377789"/>
 <node id="8556769289" visible="true" version="1" changeset="101639445" timestamp="2021-03-24T10:56:45Z" user="VLD261" uid="10979447" lat="23.1598093" lon="80.0380266"/>
 <node id="8556769290" visible="true" version="1" changeset="101639445" timestamp="2021-03-24T10:56:45Z" user="VLD261" uid="10979447" lat="23.1601282" lon="80.0382319"/>
 <node id="8556769291" visible="true" version="1" changeset="101639445" timestamp="2021-03-24T10:56:45Z" user="VLD261" uid="10979447" lat="23.1604698" lon="80.0384372"/>
 <node id="8556769292" visible="true" version="1" changeset="101639445" timestamp="2021-03-24T10:56:45Z" user="VLD261" uid="10979447" lat="23.1610555" lon="80.0387875"/>
 <node id="8556769293" visible="true" version="1" changeset="101639445" timestamp="2021-03-24T10:56:45Z" user="VLD261" uid="10979447" lat="23.1611694" lon="80.0388760"/>
 <node id="8556769294" visible="true" version="1" changeset="101639445" timestamp="2021-03-24T10:56:45Z" user="VLD261" uid="10979447" lat="23.1613647" lon="80.0391202"/>
 <node id="8556769295" visible="true" version="1" changeset="101639445" timestamp="2021-03-24T10:56:45Z" user="VLD261" uid="10979447" lat="23.1616998" lon="80.0396051"/>
 <node id="8556769296" visible="true" version="1" changeset="101639445" timestamp="2021-03-24T10:56:45Z" user="VLD261" uid="10979447" lat="23.1619666" lon="80.0399165"/>
 <node id="8556769297" visible="true" version="1" changeset="101639445" timestamp="2021-03-24T10:56:45Z" user="VLD261" uid="10979447" lat="23.1620480" lon="80.0400369"/>
 <node id="8556769298" visible="true" version="1" changeset="101639445" timestamp="2021-03-24T10:56:45Z" user="VLD261" uid="10979447" lat="23.1621098" lon="80.0401891"/>
 <node id="8556769299" visible="true" version="1" changeset="101639445" timestamp="2021-03-24T10:56:45Z" user="VLD261" uid="10979447" lat="23.1622042" lon="80.0406208"/>
 <node id="8556769300" visible="true" version="1" changeset="101639445" timestamp="2021-03-24T10:56:45Z" user="VLD261" uid="10979447" lat="23.1622530" lon="80.0409818"/>
 <node id="8556769301" visible="true" version="1" changeset="101639445" timestamp="2021-03-24T10:56:45Z" user="VLD261" uid="10979447" lat="23.1622920" lon="80.0413711"/>
 <node id="8556769302" visible="true" version="1" changeset="101639445" timestamp="2021-03-24T10:56:45Z" user="VLD261" uid="10979447" lat="23.1623376" lon="80.0416932"/>
 <node id="8556769303" visible="true" version="1" changeset="101639445" timestamp="2021-03-24T10:56:45Z" user="VLD261" uid="10979447" lat="23.1623994" lon="80.0419728"/>
 <node id="8556769304" visible="true" version="1" changeset="101639445" timestamp="2021-03-24T10:56:45Z" user="VLD261" uid="10979447" lat="23.1625068" lon="80.0422772"/>
 <node id="8556769305" visible="true" version="1" changeset="101639445" timestamp="2021-03-24T10:56:45Z" user="VLD261" uid="10979447" lat="23.1627118" lon="80.0427054"/>
 <node id="8556769306" visible="true" version="1" changeset="101639445" timestamp="2021-03-24T10:56:45Z" user="VLD261" uid="10979447" lat="23.1631478" lon="80.0434168"/>
 <node id="8556769307" visible="true" version="1" changeset="101639445" timestamp="2021-03-24T10:56:45Z" user="VLD261" uid="10979447" lat="23.1634960" lon="80.0438309"/>
 <node id="8556769308" visible="true" version="1" changeset="101639445" timestamp="2021-03-24T10:56:45Z" user="VLD261" uid="10979447" lat="23.1639678" lon="80.0443972"/>
 <node id="8556769309" visible="true" version="1" changeset="101639445" timestamp="2021-03-24T10:56:45Z" user="VLD261" uid="10979447" lat="23.1643583" lon="80.0448502"/>
 <node id="8556769310" visible="true" version="1" changeset="101639445" timestamp="2021-03-24T10:56:45Z" user="VLD261" uid="10979447" lat="23.1644266" lon="80.0449068"/>
 <node id="8556769311" visible="true" version="1" changeset="101639445" timestamp="2021-03-24T10:56:45Z" user="VLD261" uid="10979447" lat="23.1644982" lon="80.0449387"/>
 <node id="8556769312" visible="true" version="1" changeset="101639445" timestamp="2021-03-24T10:56:45Z" user="VLD261" uid="10979447" lat="23.1645828" lon="80.0449387"/>
 <node id="8556769313" visible="true" version="1" changeset="101639445" timestamp="2021-03-24T10:56:45Z" user="VLD261" uid="10979447" lat="23.1650578" lon="80.0448714"/>
 <node id="8556769314" visible="true" version="1" changeset="101639445" timestamp="2021-03-24T10:56:45Z" user="VLD261" uid="10979447" lat="23.1658778" lon="80.0447051"/>
 <node id="8556769315" visible="true" version="2" changeset="137575004" timestamp="2023-06-20T18:26:18Z" user="Sal73x" uid="1293386" lat="23.1831512" lon="80.0300980"/>
 <node id="8556769316" visible="true" version="1" changeset="101639445" timestamp="2021-03-24T10:56:45Z" user="VLD261" uid="10979447" lat="23.1813796" lon="80.0316636"/>
 <node id="8556780517" visible="true" version="1" changeset="101639445" timestamp="2021-03-24T10:56:45Z" user="VLD261" uid="10979447" lat="23.1812379" lon="80.0317523"/>
 <node id="8556780518" visible="true" version="1" changeset="101639445" timestamp="2021-03-24T10:56:45Z" user="VLD261" uid="10979447" lat="23.1805768" lon="80.0321025"/>
 <node id="8556780519" visible="true" version="1" changeset="101639445" timestamp="2021-03-24T10:56:45Z" user="VLD261" uid="10979447" lat="23.1793018" lon="80.0327423"/>
 <node id="8556780520" visible="true" version="1" changeset="101639445" timestamp="2021-03-24T10:56:45Z" user="VLD261" uid="10979447" lat="23.1788768" lon="80.0330038"/>
 <node id="8556780521" visible="true" version="1" changeset="101639445" timestamp="2021-03-24T10:56:45Z" user="VLD261" uid="10979447" lat="23.1786965" lon="80.0331766"/>
 <node id="8556780522" visible="true" version="1" changeset="101639445" timestamp="2021-03-24T10:56:45Z" user="VLD261" uid="10979447" lat="23.1783960" lon="80.0334428"/>
 <node id="8556780523" visible="true" version="1" changeset="101639445" timestamp="2021-03-24T10:56:45Z" user="VLD261" uid="10979447" lat="23.1782414" lon="80.0335689"/>
 <node id="8556780524" visible="true" version="1" changeset="101639445" timestamp="2021-03-24T10:56:45Z" user="VLD261" uid="10979447" lat="23.1780654" lon="80.0336296"/>
 <node id="8556780525" visible="true" version="1" changeset="101639445" timestamp="2021-03-24T10:56:45Z" user="VLD261" uid="10979447" lat="23.1772798" lon="80.0338678"/>
 <node id="8556780526" visible="true" version="1" changeset="101639445" timestamp="2021-03-24T10:56:45Z" user="VLD261" uid="10979447" lat="23.1767818" lon="80.0340406"/>
 <node id="8556780527" visible="true" version="1" changeset="101639445" timestamp="2021-03-24T10:56:45Z" user="VLD261" uid="10979447" lat="23.1764813" lon="80.0341900"/>
 <node id="8556780528" visible="true" version="1" changeset="101639445" timestamp="2021-03-24T10:56:45Z" user="VLD261" uid="10979447" lat="23.1763439" lon="80.0342974"/>
 <node id="8556780529" visible="true" version="1" changeset="101639445" timestamp="2021-03-24T10:56:45Z" user="VLD261" uid="10979447" lat="23.1762022" lon="80.0344889"/>
 <node id="8556780530" visible="true" version="1" changeset="101639445" timestamp="2021-03-24T10:56:45Z" user="VLD261" uid="10979447" lat="23.1760004" lon="80.0348158"/>
 <node id="8556780531" visible="true" version="1" changeset="101639445" timestamp="2021-03-24T10:56:45Z" user="VLD261" uid="10979447" lat="23.1755067" lon="80.0357498"/>
 <node id="8556780532" visible="true" version="1" changeset="101639445" timestamp="2021-03-24T10:56:45Z" user="VLD261" uid="10979447" lat="23.1754037" lon="80.0358899"/>
 <node id="8556780533" visible="true" version="1" changeset="101639445" timestamp="2021-03-24T10:56:45Z" user="VLD261" uid="10979447" lat="23.1752835" lon="80.0359600"/>
 <node id="8556780534" visible="true" version="1" changeset="101639445" timestamp="2021-03-24T10:56:45Z" user="VLD261" uid="10979447" lat="23.1751117" lon="80.0359833"/>
 <node id="8556780535" visible="true" version="1" changeset="101639445" timestamp="2021-03-24T10:56:45Z" user="VLD261" uid="10979447" lat="23.1746610" lon="80.0359740"/>
 <node id="8556780536" visible="true" version="1" changeset="101639445" timestamp="2021-03-24T10:56:45Z" user="VLD261" uid="10979447" lat="23.1729566" lon="80.0358292"/>
 <node id="8556780537" visible="true" version="1" changeset="101639445" timestamp="2021-03-24T10:56:45Z" user="VLD261" uid="10979447" lat="23.1727934" lon="80.0357872"/>
 <node id="8556780538" visible="true" version="1" changeset="101639445" timestamp="2021-03-24T10:56:45Z" user="VLD261" uid="10979447" lat="23.1726474" lon="80.0357078"/>
 <node id="8556780539" visible="true" version="1" changeset="101639445" timestamp="2021-03-24T10:56:45Z" user="VLD261" uid="10979447" lat="23.1720722" lon="80.0353855"/>
 <node id="8556780540" visible="true" version="1" changeset="101639445" timestamp="2021-03-24T10:56:45Z" user="VLD261" uid="10979447" lat="23.1707498" lon="80.0345916"/>
 <node id="8556780541" visible="true" version="1" changeset="101639445" timestamp="2021-03-24T10:56:45Z" user="VLD261" uid="10979447" lat="23.1706640" lon="80.0345590"/>
 <node id="8556780542" visible="true" version="1" changeset="101639445" timestamp="2021-03-24T10:56:45Z" user="VLD261" uid="10979447" lat="23.1705953" lon="80.0345543"/>
 <node id="8556780543" visible="true" version="1" changeset="101639445" timestamp="2021-03-24T10:56:45Z" user="VLD261" uid="10979447" lat="23.1705051" lon="80.0346010"/>
 <node id="8556780544" visible="true" version="1" changeset="101639445" timestamp="2021-03-24T10:56:45Z" user="VLD261" uid="10979447" lat="23.1701273" lon="80.0349326"/>
 <node id="8556780545" visible="true" version="1" changeset="101639445" timestamp="2021-03-24T10:56:45Z" user="VLD261" uid="10979447" lat="23.1697495" lon="80.0354229"/>
 <node id="8556780546" visible="true" version="1" changeset="101639445" timestamp="2021-03-24T10:56:45Z" user="VLD261" uid="10979447" lat="23.1695048" lon="80.0357732"/>
 <node id="8556780547" visible="true" version="1" changeset="101639445" timestamp="2021-03-24T10:56:45Z" user="VLD261" uid="10979447" lat="23.1692257" lon="80.0362915"/>
 <node id="8556780548" visible="true" version="1" changeset="101639445" timestamp="2021-03-24T10:56:45Z" user="VLD261" uid="10979447" lat="23.1690024" lon="80.0366558"/>
 <node id="8556780549" visible="true" version="1" changeset="101639445" timestamp="2021-03-24T10:56:45Z" user="VLD261" uid="10979447" lat="23.1688479" lon="80.0368473"/>
 <node id="8556780550" visible="true" version="1" changeset="101639445" timestamp="2021-03-24T10:56:45Z" user="VLD261" uid="10979447" lat="23.1686504" lon="80.0370294"/>
 <node id="8556780551" visible="true" version="1" changeset="101639445" timestamp="2021-03-24T10:56:45Z" user="VLD261" uid="10979447" lat="23.1681996" lon="80.0374263"/>
 <node id="8556780552" visible="true" version="1" changeset="101639445" timestamp="2021-03-24T10:56:45Z" user="VLD261" uid="10979447" lat="23.1679634" lon="80.0377065"/>
 <node id="8556780553" visible="true" version="1" changeset="101639445" timestamp="2021-03-24T10:56:45Z" user="VLD261" uid="10979447" lat="23.1677101" lon="80.0381035"/>
 <node id="8556780554" visible="true" version="1" changeset="101639445" timestamp="2021-03-24T10:56:45Z" user="VLD261" uid="10979447" lat="23.1675942" lon="80.0383650"/>
 <node id="8556780555" visible="true" version="1" changeset="101639445" timestamp="2021-03-24T10:56:45Z" user="VLD261" uid="10979447" lat="23.1674139" lon="80.0388087"/>
 <node id="8556780556" visible="true" version="1" changeset="101639445" timestamp="2021-03-24T10:56:45Z" user="VLD261" uid="10979447" lat="23.1672722" lon="80.0390795"/>
 <node id="8556780557" visible="true" version="1" changeset="101639445" timestamp="2021-03-24T10:56:45Z" user="VLD261" uid="10979447" lat="23.1670189" lon="80.0394858"/>
 <node id="8556780558" visible="true" version="1" changeset="101639445" timestamp="2021-03-24T10:56:45Z" user="VLD261" uid="10979447" lat="23.1667184" lon="80.0397940"/>
 <node id="8556780559" visible="true" version="1" changeset="101639445" timestamp="2021-03-24T10:56:45Z" user="VLD261" uid="10979447" lat="23.1663362" lon="80.0401396"/>
 <node id="8556780560" visible="true" version="1" changeset="101639445" timestamp="2021-03-24T10:56:45Z" user="VLD261" uid="10979447" lat="23.1661645" lon="80.0403778"/>
 <node id="8556780561" visible="true" version="1" changeset="101639445" timestamp="2021-03-24T10:56:45Z" user="VLD261" uid="10979447" lat="23.1660099" lon="80.0407327"/>
 <node id="8556780562" visible="true" version="1" changeset="101639445" timestamp="2021-03-24T10:56:45Z" user="VLD261" uid="10979447" lat="23.1658124" lon="80.0412744"/>
 <node id="8556780563" visible="true" version="1" changeset="101639445" timestamp="2021-03-24T10:56:45Z" user="VLD261" uid="10979447" lat="23.1657223" lon="80.0416200"/>
 <node id="8556780564" visible="true" version="1" changeset="101639445" timestamp="2021-03-24T10:56:45Z" user="VLD261" uid="10979447" lat="23.1656922" lon="80.0419376"/>
 <node id="8556780565" visible="true" version="1" changeset="101639445" timestamp="2021-03-24T10:56:45Z" user="VLD261" uid="10979447" lat="23.1657652" lon="80.0425913"/>
 <node id="8556780566" visible="true" version="1" changeset="101639445" timestamp="2021-03-24T10:56:45Z" user="VLD261" uid="10979447" lat="23.1658897" lon="80.0439737"/>
 <node id="8556780567" visible="true" version="1" changeset="101639445" timestamp="2021-03-24T10:56:45Z" user="VLD261" uid="10979447" lat="23.1659526" lon="80.0444467"/>
 <node id="8556780568" visible="true" version="1" changeset="101639445" timestamp="2021-03-24T10:56:45Z" user="VLD261" uid="10979447" lat="23.1659678" lon="80.0445697"/>
 <node id="8556780569" visible="true" version="1" changeset="101639445" timestamp="2021-03-24T10:56:45Z" user="VLD261" uid="10979447" lat="23.1659515" lon="80.0446440"/>
 <node id="8556780570" visible="true" version="1" changeset="101639445" timestamp="2021-03-24T10:56:45Z" user="VLD261" uid="10979447" lat="23.1659190" lon="80.0446900"/>
 <node id="8556780571" visible="true" version="1" changeset="101639445" timestamp="2021-03-24T10:56:45Z" user="VLD261" uid="10979447" lat="23.1560575" lon="80.0341531"/>
 <node id="8556780594" visible="true" version="1" changeset="101639445" timestamp="2021-03-24T10:56:45Z" user="VLD261" uid="10979447" lat="23.1551353" lon="80.0320841"/>
 <node id="8556847804" visible="true" version="1" changeset="101641305" timestamp="2021-03-24T11:19:22Z" user="VLD261" uid="10979447" lat="23.1573250" lon="80.0360987"/>
 <node id="8556847874" visible="true" version="1" changeset="101641305" timestamp="2021-03-24T11:19:22Z" user="VLD261" uid="10979447" lat="23.1553209" lon="80.0259846"/>
 <node id="8556847875" visible="true" version="1" changeset="101641305" timestamp="2021-03-24T11:19:22Z" user="VLD261" uid="10979447" lat="23.1552199" lon="80.0256412"/>
 <node id="8556847883" visible="true" version="1" changeset="101641305" timestamp="2021-03-24T11:19:22Z" user="VLD261" uid="10979447" lat="23.1545674" lon="80.0242126"/>
 <node id="8556847898" visible="true" version="2" changeset="101641711" timestamp="2021-03-24T11:24:32Z" user="VLD261" uid="10979447" lat="23.1544557" lon="80.0201221"/>
 <node id="8556871764" visible="true" version="1" changeset="101641711" timestamp="2021-03-24T11:24:32Z" user="VLD261" uid="10979447" lat="23.1548263" lon="80.0197243"/>
 <node id="8560536331" visible="true" version="1" changeset="101722130" timestamp="2021-03-25T13:12:43Z" user="VLD147" uid="10979427" lat="23.1794714" lon="80.0211502"/>
 <node id="8560536332" visible="true" version="1" changeset="101722130" timestamp="2021-03-25T13:12:43Z" user="VLD147" uid="10979427" lat="23.1797787" lon="80.0212210"/>
 <node id="8560536333" visible="true" version="1" changeset="101722130" timestamp="2021-03-25T13:12:43Z" user="VLD147" uid="10979427" lat="23.1801342" lon="80.0212976"/>
 <node id="8560536334" visible="true" version="1" changeset="101722130" timestamp="2021-03-25T13:12:43Z" user="VLD147" uid="10979427" lat="23.1801865" lon="80.0212976"/>
 <node id="8560536335" visible="true" version="1" changeset="101722130" timestamp="2021-03-25T13:12:43Z" user="VLD147" uid="10979427" lat="23.1802258" lon="80.0212732"/>
 <node id="8560536336" visible="true" version="1" changeset="101722130" timestamp="2021-03-25T13:12:43Z" user="VLD147" uid="10979427" lat="23.1803921" lon="80.0210333"/>
 <node id="8560536337" visible="true" version="1" changeset="101722130" timestamp="2021-03-25T13:12:43Z" user="VLD147" uid="10979427" lat="23.1804332" lon="80.0209906"/>
 <node id="8560536338" visible="true" version="1" changeset="101722130" timestamp="2021-03-25T13:12:43Z" user="VLD147" uid="10979427" lat="23.1805378" lon="80.0209175"/>
 <node id="8560536339" visible="true" version="1" changeset="101722130" timestamp="2021-03-25T13:12:43Z" user="VLD147" uid="10979427" lat="23.1805827" lon="80.0209073"/>
 <node id="8560536340" visible="true" version="1" changeset="101722130" timestamp="2021-03-25T13:12:43Z" user="VLD147" uid="10979427" lat="23.1807098" lon="80.0208788"/>
 <node id="8560536341" visible="true" version="1" changeset="101722130" timestamp="2021-03-25T13:12:43Z" user="VLD147" uid="10979427" lat="23.1807434" lon="80.0208849"/>
 <node id="8560536342" visible="true" version="1" changeset="101722130" timestamp="2021-03-25T13:12:43Z" user="VLD147" uid="10979427" lat="23.1807677" lon="80.0209114"/>
 <node id="8560536343" visible="true" version="1" changeset="101722130" timestamp="2021-03-25T13:12:43Z" user="VLD147" uid="10979427" lat="23.1809471" lon="80.0211858"/>
 <node id="8560536344" visible="true" version="1" changeset="101722130" timestamp="2021-03-25T13:12:43Z" user="VLD147" uid="10979427" lat="23.1809639" lon="80.0212549"/>
 <node id="8560536345" visible="true" version="1" changeset="101722130" timestamp="2021-03-25T13:12:43Z" user="VLD147" uid="10979427" lat="23.1809826" lon="80.0214826"/>
 <node id="8560536346" visible="true" version="1" changeset="101722130" timestamp="2021-03-25T13:12:43Z" user="VLD147" uid="10979427" lat="23.1809863" lon="80.0215537"/>
 <node id="8560536347" visible="true" version="1" changeset="101722130" timestamp="2021-03-25T13:12:43Z" user="VLD147" uid="10979427" lat="23.1809564" lon="80.0216167"/>
 <node id="8560536348" visible="true" version="1" changeset="101722130" timestamp="2021-03-25T13:12:43Z" user="VLD147" uid="10979427" lat="23.1807434" lon="80.0217387"/>
 <node id="8562364011" visible="true" version="1" changeset="101754757" timestamp="2021-03-26T04:02:52Z" user="VLD147" uid="10979427" lat="23.1940767" lon="80.0171141"/>
 <node id="8562364012" visible="true" version="1" changeset="101754757" timestamp="2021-03-26T04:02:52Z" user="VLD147" uid="10979427" lat="23.1940337" lon="80.0168981"/>
 <node id="8562364013" visible="true" version="1" changeset="101754757" timestamp="2021-03-26T04:02:52Z" user="VLD147" uid="10979427" lat="23.1940262" lon="80.0168304"/>
 <node id="8562364014" visible="true" version="1" changeset="101754757" timestamp="2021-03-26T04:02:52Z" user="VLD147" uid="10979427" lat="23.1939640" lon="80.0158707"/>
 <node id="8562364015" visible="true" version="1" changeset="101754757" timestamp="2021-03-26T04:02:52Z" user="VLD147" uid="10979427" lat="23.1939339" lon="80.0153699"/>
 <node id="8562364016" visible="true" version="1" changeset="101754757" timestamp="2021-03-26T04:02:52Z" user="VLD147" uid="10979427" lat="23.1939414" lon="80.0153103"/>
 <node id="8562381447" visible="true" version="1" changeset="101754355" timestamp="2021-03-26T03:53:41Z" user="VLD147" uid="10979427" lat="23.1730918" lon="80.0101571"/>
 <node id="8562381448" visible="true" version="1" changeset="101754355" timestamp="2021-03-26T03:53:41Z" user="VLD147" uid="10979427" lat="23.1731357" lon="80.0101606"/>
 <node id="8562381449" visible="true" version="1" changeset="101754355" timestamp="2021-03-26T03:53:41Z" user="VLD147" uid="10979427" lat="23.1731650" lon="80.0101818"/>
 <node id="8562381450" visible="true" version="1" changeset="101754355" timestamp="2021-03-26T03:53:41Z" user="VLD147" uid="10979427" lat="23.1731845" lon="80.0102261"/>
 <node id="8562381451" visible="true" version="1" changeset="101754355" timestamp="2021-03-26T03:53:41Z" user="VLD147" uid="10979427" lat="23.1732073" lon="80.0104614"/>
 <node id="8562381452" visible="true" version="1" changeset="101754355" timestamp="2021-03-26T03:53:41Z" user="VLD147" uid="10979427" lat="23.1732301" lon="80.0105057"/>
 <node id="8562381453" visible="true" version="1" changeset="101754355" timestamp="2021-03-26T03:53:41Z" user="VLD147" uid="10979427" lat="23.1732626" lon="80.0105322"/>
 <node id="8562381454" visible="true" version="1" changeset="101754355" timestamp="2021-03-26T03:53:41Z" user="VLD147" uid="10979427" lat="23.1737702" lon="80.0108118"/>
 <node id="8562381455" visible="true" version="1" changeset="101754355" timestamp="2021-03-26T03:53:41Z" user="VLD147" uid="10979427" lat="23.1738174" lon="80.0108507"/>
 <node id="8562381456" visible="true" version="1" changeset="101754355" timestamp="2021-03-26T03:53:41Z" user="VLD147" uid="10979427" lat="23.1738466" lon="80.0109021"/>
 <node id="8562381457" visible="true" version="1" changeset="101754355" timestamp="2021-03-26T03:53:41Z" user="VLD147" uid="10979427" lat="23.1739719" lon="80.0111852"/>
 <node id="8562381458" visible="true" version="1" changeset="101754355" timestamp="2021-03-26T03:53:41Z" user="VLD147" uid="10979427" lat="23.1740093" lon="80.0112489"/>
 <node id="8562381459" visible="true" version="1" changeset="101754355" timestamp="2021-03-26T03:53:41Z" user="VLD147" uid="10979427" lat="23.1745218" lon="80.0120824"/>
 <node id="8562381460" visible="true" version="1" changeset="101754355" timestamp="2021-03-26T03:53:41Z" user="VLD147" uid="10979427" lat="23.1745722" lon="80.0121443"/>
 <node id="8562381461" visible="true" version="1" changeset="101754355" timestamp="2021-03-26T03:53:41Z" user="VLD147" uid="10979427" lat="23.1750863" lon="80.0125726"/>
 <node id="8562381462" visible="true" version="1" changeset="101754355" timestamp="2021-03-26T03:53:41Z" user="VLD147" uid="10979427" lat="23.1753742" lon="80.0128345"/>
 <node id="8562381463" visible="true" version="1" changeset="101754355" timestamp="2021-03-26T03:53:41Z" user="VLD147" uid="10979427" lat="23.1754279" lon="80.0128858"/>
 <node id="8562381464" visible="true" version="1" changeset="101754355" timestamp="2021-03-26T03:53:41Z" user="VLD147" uid="10979427" lat="23.1757581" lon="80.0132397"/>
 <node id="8562381465" visible="true" version="1" changeset="101754355" timestamp="2021-03-26T03:53:41Z" user="VLD147" uid="10979427" lat="23.1758053" lon="80.0132963"/>
 <node id="8562381466" visible="true" version="1" changeset="101754355" timestamp="2021-03-26T03:53:41Z" user="VLD147" uid="10979427" lat="23.1765715" lon="80.0141953"/>
 <node id="8562381467" visible="true" version="1" changeset="101754355" timestamp="2021-03-26T03:53:41Z" user="VLD147" uid="10979427" lat="23.1770547" lon="80.0147155"/>
 <node id="8562381468" visible="true" version="1" changeset="101754355" timestamp="2021-03-26T03:53:41Z" user="VLD147" uid="10979427" lat="23.1771068" lon="80.0147562"/>
 <node id="8562381469" visible="true" version="1" changeset="101754355" timestamp="2021-03-26T03:53:41Z" user="VLD147" uid="10979427" lat="23.1772580" lon="80.0148359"/>
 <node id="8562381470" visible="true" version="1" changeset="101754355" timestamp="2021-03-26T03:53:41Z" user="VLD147" uid="10979427" lat="23.1773036" lon="80.0148783"/>
 <node id="8562381471" visible="true" version="1" changeset="101754355" timestamp="2021-03-26T03:53:41Z" user="VLD147" uid="10979427" lat="23.1773296" lon="80.0149208"/>
 <node id="8562381472" visible="true" version="1" changeset="101754355" timestamp="2021-03-26T03:53:41Z" user="VLD147" uid="10979427" lat="23.1774516" lon="80.0151279"/>
 <node id="8562381473" visible="true" version="1" changeset="101754355" timestamp="2021-03-26T03:53:41Z" user="VLD147" uid="10979427" lat="23.1775069" lon="80.0151933"/>
 <node id="8562381474" visible="true" version="1" changeset="101754355" timestamp="2021-03-26T03:53:41Z" user="VLD147" uid="10979427" lat="23.1778518" lon="80.0155419"/>
 <node id="8562381475" visible="true" version="1" changeset="101754355" timestamp="2021-03-26T03:53:41Z" user="VLD147" uid="10979427" lat="23.1779071" lon="80.0155809"/>
 <node id="8562381476" visible="true" version="1" changeset="101754355" timestamp="2021-03-26T03:53:41Z" user="VLD147" uid="10979427" lat="23.1781202" lon="80.0157083"/>
 <node id="8562381477" visible="true" version="1" changeset="101754355" timestamp="2021-03-26T03:53:41Z" user="VLD147" uid="10979427" lat="23.1781674" lon="80.0157472"/>
 <node id="8562381478" visible="true" version="1" changeset="101754355" timestamp="2021-03-26T03:53:41Z" user="VLD147" uid="10979427" lat="23.1783561" lon="80.0159366"/>
 <node id="8562381479" visible="true" version="1" changeset="101754355" timestamp="2021-03-26T03:53:41Z" user="VLD147" uid="10979427" lat="23.1784082" lon="80.0160003"/>
 <node id="8562381480" visible="true" version="1" changeset="101754355" timestamp="2021-03-26T03:53:41Z" user="VLD147" uid="10979427" lat="23.1787189" lon="80.0164533"/>
 <node id="8562381481" visible="true" version="1" changeset="101754355" timestamp="2021-03-26T03:53:41Z" user="VLD147" uid="10979427" lat="23.1787433" lon="80.0165170"/>
 <node id="8562381482" visible="true" version="1" changeset="101754355" timestamp="2021-03-26T03:53:41Z" user="VLD147" uid="10979427" lat="23.1788328" lon="80.0170903"/>
 <node id="8562381483" visible="true" version="1" changeset="101754355" timestamp="2021-03-26T03:53:41Z" user="VLD147" uid="10979427" lat="23.1788393" lon="80.0171647"/>
 <node id="8562381484" visible="true" version="1" changeset="101754355" timestamp="2021-03-26T03:53:41Z" user="VLD147" uid="10979427" lat="23.1788913" lon="80.0175540"/>
 <node id="8562381485" visible="true" version="1" changeset="101754355" timestamp="2021-03-26T03:53:41Z" user="VLD147" uid="10979427" lat="23.1789173" lon="80.0176194"/>
 <node id="8562381486" visible="true" version="1" changeset="101754355" timestamp="2021-03-26T03:53:41Z" user="VLD147" uid="10979427" lat="23.1792508" lon="80.0181114"/>
 <node id="8562381487" visible="true" version="1" changeset="101754355" timestamp="2021-03-26T03:53:41Z" user="VLD147" uid="10979427" lat="23.1797454" lon="80.0186847"/>
 <node id="8562381488" visible="true" version="1" changeset="101754355" timestamp="2021-03-26T03:53:41Z" user="VLD147" uid="10979427" lat="23.1801390" lon="80.0191236"/>
 <node id="8562381489" visible="true" version="1" changeset="101754355" timestamp="2021-03-26T03:53:41Z" user="VLD147" uid="10979427" lat="23.1804497" lon="80.0194421"/>
 <node id="8562381490" visible="true" version="1" changeset="101754355" timestamp="2021-03-26T03:53:41Z" user="VLD147" uid="10979427" lat="23.1805002" lon="80.0194846"/>
 <node id="8562381491" visible="true" version="1" changeset="101754355" timestamp="2021-03-26T03:53:41Z" user="VLD147" uid="10979427" lat="23.1806271" lon="80.0195749"/>
 <node id="8562381492" visible="true" version="1" changeset="101754355" timestamp="2021-03-26T03:53:41Z" user="VLD147" uid="10979427" lat="23.1806645" lon="80.0196226"/>
 <node id="8562381493" visible="true" version="1" changeset="101754355" timestamp="2021-03-26T03:53:41Z" user="VLD147" uid="10979427" lat="23.1807523" lon="80.0198102"/>
 <node id="8562381494" visible="true" version="1" changeset="101754355" timestamp="2021-03-26T03:53:41Z" user="VLD147" uid="10979427" lat="23.1807930" lon="80.0198668"/>
 <node id="8562381495" visible="true" version="1" changeset="101754355" timestamp="2021-03-26T03:53:41Z" user="VLD147" uid="10979427" lat="23.1810760" lon="80.0202208"/>
 <node id="8562381496" visible="true" version="1" changeset="101754355" timestamp="2021-03-26T03:53:41Z" user="VLD147" uid="10979427" lat="23.1811053" lon="80.0202792"/>
 <node id="8562381497" visible="true" version="1" changeset="101754355" timestamp="2021-03-26T03:53:41Z" user="VLD147" uid="10979427" lat="23.1811200" lon="80.0203853"/>
 <node id="8562381498" visible="true" version="1" changeset="101754355" timestamp="2021-03-26T03:53:41Z" user="VLD147" uid="10979427" lat="23.1811200" lon="80.0204526"/>
 <node id="8562381499" visible="true" version="1" changeset="101754355" timestamp="2021-03-26T03:53:41Z" user="VLD147" uid="10979427" lat="23.1811213" lon="80.0207983"/>
 <node id="8562381500" visible="true" version="1" changeset="101754355" timestamp="2021-03-26T03:53:41Z" user="VLD147" uid="10979427" lat="23.1811341" lon="80.0208684"/>
 <node id="8562381501" visible="true" version="1" changeset="101754355" timestamp="2021-03-26T03:53:41Z" user="VLD147" uid="10979427" lat="23.1811513" lon="80.0209384"/>
 <node id="8562381502" visible="true" version="1" changeset="101754355" timestamp="2021-03-26T03:53:41Z" user="VLD147" uid="10979427" lat="23.1812114" lon="80.0212840"/>
 <node id="8562381503" visible="true" version="1" changeset="101754355" timestamp="2021-03-26T03:53:41Z" user="VLD147" uid="10979427" lat="23.1812071" lon="80.0213610"/>
 <node id="8562381504" visible="true" version="1" changeset="101754355" timestamp="2021-03-26T03:53:41Z" user="VLD147" uid="10979427" lat="23.1811412" lon="80.0215534"/>
 <node id="8562381505" visible="true" version="1" changeset="101754355" timestamp="2021-03-26T03:53:41Z" user="VLD147" uid="10979427" lat="23.1810902" lon="80.0216874"/>
 <node id="8562381506" visible="true" version="1" changeset="101754355" timestamp="2021-03-26T03:53:41Z" user="VLD147" uid="10979427" lat="23.1810895" lon="80.0217483"/>
 <node id="8562381507" visible="true" version="1" changeset="101754355" timestamp="2021-03-26T03:53:41Z" user="VLD147" uid="10979427" lat="23.1811138" lon="80.0217767"/>
 <node id="8562381508" visible="true" version="1" changeset="101754355" timestamp="2021-03-26T03:53:41Z" user="VLD147" uid="10979427" lat="23.1811568" lon="80.0217788"/>
 <node id="8562381509" visible="true" version="1" changeset="101754355" timestamp="2021-03-26T03:53:41Z" user="VLD147" uid="10979427" lat="23.1817977" lon="80.0215979"/>
 <node id="8562381510" visible="true" version="1" changeset="101754355" timestamp="2021-03-26T03:53:41Z" user="VLD147" uid="10979427" lat="23.1823228" lon="80.0214739"/>
 <node id="8562381511" visible="true" version="1" changeset="101754355" timestamp="2021-03-26T03:53:41Z" user="VLD147" uid="10979427" lat="23.1829058" lon="80.0213417"/>
 <node id="8562381512" visible="true" version="1" changeset="101754355" timestamp="2021-03-26T03:53:41Z" user="VLD147" uid="10979427" lat="23.1829768" lon="80.0213234"/>
 <node id="8562381513" visible="true" version="1" changeset="101754355" timestamp="2021-03-26T03:53:41Z" user="VLD147" uid="10979427" lat="23.1833113" lon="80.0212299"/>
 <node id="8562381514" visible="true" version="1" changeset="101754355" timestamp="2021-03-26T03:53:41Z" user="VLD147" uid="10979427" lat="23.1842680" lon="80.0210165"/>
 <node id="8562381515" visible="true" version="1" changeset="101754355" timestamp="2021-03-26T03:53:41Z" user="VLD147" uid="10979427" lat="23.1857871" lon="80.0206364"/>
 <node id="8562381516" visible="true" version="1" changeset="101754355" timestamp="2021-03-26T03:53:41Z" user="VLD147" uid="10979427" lat="23.1813606" lon="80.0209313"/>
 <node id="8562384217" visible="true" version="1" changeset="101754355" timestamp="2021-03-26T03:53:41Z" user="VLD147" uid="10979427" lat="23.1814215" lon="80.0209267"/>
 <node id="8562384218" visible="true" version="1" changeset="101754355" timestamp="2021-03-26T03:53:41Z" user="VLD147" uid="10979427" lat="23.1820035" lon="80.0207850"/>
 <node id="8562384219" visible="true" version="1" changeset="101754355" timestamp="2021-03-26T03:53:41Z" user="VLD147" uid="10979427" lat="23.1816316" lon="80.0208756"/>
 <node id="8562384220" visible="true" version="1" changeset="101754355" timestamp="2021-03-26T03:53:41Z" user="VLD147" uid="10979427" lat="23.1816509" lon="80.0211470"/>
 <node id="8562384221" visible="true" version="1" changeset="101754355" timestamp="2021-03-26T03:53:41Z" user="VLD147" uid="10979427" lat="23.1816735" lon="80.0212210"/>
 <node id="8562384222" visible="true" version="1" changeset="101754355" timestamp="2021-03-26T03:53:41Z" user="VLD147" uid="10979427" lat="23.1827951" lon="80.0205801"/>
 <node id="8562384223" visible="true" version="1" changeset="101754355" timestamp="2021-03-26T03:53:41Z" user="VLD147" uid="10979427" lat="23.1831548" lon="80.0205154"/>
 <node id="8562384224" visible="true" version="1" changeset="101754355" timestamp="2021-03-26T03:53:41Z" user="VLD147" uid="10979427" lat="23.1839634" lon="80.0203367"/>
 <node id="8562384225" visible="true" version="1" changeset="101754355" timestamp="2021-03-26T03:53:41Z" user="VLD147" uid="10979427" lat="23.1847041" lon="80.0201534"/>
 <node id="8562384226" visible="true" version="1" changeset="101754355" timestamp="2021-03-26T03:53:41Z" user="VLD147" uid="10979427" lat="23.1856088" lon="80.0199358"/>
 <node id="8562384227" visible="true" version="1" changeset="101754355" timestamp="2021-03-26T03:53:41Z" user="VLD147" uid="10979427" lat="23.1856507" lon="80.0199466"/>
 <node id="8562384228" visible="true" version="1" changeset="101754355" timestamp="2021-03-26T03:53:41Z" user="VLD147" uid="10979427" lat="23.1856754" lon="80.0199814"/>
 <node id="8562384229" visible="true" version="1" changeset="101754355" timestamp="2021-03-26T03:53:41Z" user="VLD147" uid="10979427" lat="23.1858122" lon="80.0210382"/>
 <node id="8562384230" visible="true" version="1" changeset="101754355" timestamp="2021-03-26T03:53:41Z" user="VLD147" uid="10979427" lat="23.1858282" lon="80.0212608"/>
 <node id="8562384231" visible="true" version="1" changeset="101754355" timestamp="2021-03-26T03:53:41Z" user="VLD147" uid="10979427" lat="23.1858418" lon="80.0213105"/>
 <node id="8562384232" visible="true" version="1" changeset="101754355" timestamp="2021-03-26T03:53:41Z" user="VLD147" uid="10979427" lat="23.1858726" lon="80.0213427"/>
 <node id="8562384233" visible="true" version="1" changeset="101754355" timestamp="2021-03-26T03:53:41Z" user="VLD147" uid="10979427" lat="23.1859108" lon="80.0213520"/>
 <node id="8562384234" visible="true" version="1" changeset="101754355" timestamp="2021-03-26T03:53:41Z" user="VLD147" uid="10979427" lat="23.1864323" lon="80.0212649"/>
 <node id="8562384235" visible="true" version="1" changeset="101754355" timestamp="2021-03-26T03:53:41Z" user="VLD147" uid="10979427" lat="23.1864989" lon="80.0212461"/>
 <node id="8562384236" visible="true" version="1" changeset="101754355" timestamp="2021-03-26T03:53:41Z" user="VLD147" uid="10979427" lat="23.1871017" lon="80.0210034"/>
 <node id="8562384237" visible="true" version="1" changeset="101754355" timestamp="2021-03-26T03:53:41Z" user="VLD147" uid="10979427" lat="23.1877169" lon="80.0207821"/>
 <node id="8562384238" visible="true" version="1" changeset="101754355" timestamp="2021-03-26T03:53:41Z" user="VLD147" uid="10979427" lat="23.1880546" lon="80.0206359"/>
 <node id="8562384239" visible="true" version="1" changeset="101754355" timestamp="2021-03-26T03:53:41Z" user="VLD147" uid="10979427" lat="23.1880855" lon="80.0206131"/>
 <node id="8562384240" visible="true" version="1" changeset="101754355" timestamp="2021-03-26T03:53:41Z" user="VLD147" uid="10979427" lat="23.1881422" lon="80.0205313"/>
 <node id="8562384241" visible="true" version="1" changeset="101754355" timestamp="2021-03-26T03:53:41Z" user="VLD147" uid="10979427" lat="23.1881816" lon="80.0205152"/>
 <node id="8562384242" visible="true" version="1" changeset="101754355" timestamp="2021-03-26T03:53:41Z" user="VLD147" uid="10979427" lat="23.1884676" lon="80.0204937"/>
 <node id="8562384243" visible="true" version="1" changeset="101754355" timestamp="2021-03-26T03:53:41Z" user="VLD147" uid="10979427" lat="23.1885268" lon="80.0204817"/>
 <node id="8562384244" visible="true" version="1" changeset="101754355" timestamp="2021-03-26T03:53:41Z" user="VLD147" uid="10979427" lat="23.1892171" lon="80.0202590"/>
 <node id="8562384245" visible="true" version="1" changeset="101754355" timestamp="2021-03-26T03:53:41Z" user="VLD147" uid="10979427" lat="23.1903673" lon="80.0199291"/>
 <node id="8562384246" visible="true" version="1" changeset="101754355" timestamp="2021-03-26T03:53:41Z" user="VLD147" uid="10979427" lat="23.1906558" lon="80.0198205"/>
 <node id="8562384247" visible="true" version="1" changeset="101754355" timestamp="2021-03-26T03:53:41Z" user="VLD147" uid="10979427" lat="23.1906878" lon="80.0197937"/>
 <node id="8562384248" visible="true" version="1" changeset="101754355" timestamp="2021-03-26T03:53:41Z" user="VLD147" uid="10979427" lat="23.1907236" lon="80.0197280"/>
 <node id="8562384249" visible="true" version="1" changeset="101754355" timestamp="2021-03-26T03:53:41Z" user="VLD147" uid="10979427" lat="23.1907556" lon="80.0197079"/>
 <node id="8562384250" visible="true" version="1" changeset="101754355" timestamp="2021-03-26T03:53:41Z" user="VLD147" uid="10979427" lat="23.1907938" lon="80.0197079"/>
 <node id="8562384251" visible="true" version="1" changeset="101754355" timestamp="2021-03-26T03:53:41Z" user="VLD147" uid="10979427" lat="23.1909689" lon="80.0197588"/>
 <node id="8562384252" visible="true" version="1" changeset="101754355" timestamp="2021-03-26T03:53:41Z" user="VLD147" uid="10979427" lat="23.1910342" lon="80.0197534"/>
 <node id="8562384253" visible="true" version="1" changeset="101754355" timestamp="2021-03-26T03:53:41Z" user="VLD147" uid="10979427" lat="23.1919353" lon="80.0195241"/>
 <node id="8562384254" visible="true" version="1" changeset="101754355" timestamp="2021-03-26T03:53:41Z" user="VLD147" uid="10979427" lat="23.1923877" lon="80.0194074"/>
 <node id="8562384255" visible="true" version="1" changeset="101754355" timestamp="2021-03-26T03:53:41Z" user="VLD147" uid="10979427" lat="23.1924592" lon="80.0193820"/>
 <node id="8562384256" visible="true" version="1" changeset="101754355" timestamp="2021-03-26T03:53:41Z" user="VLD147" uid="10979427" lat="23.1929449" lon="80.0191875"/>
 <node id="8562384257" visible="true" version="1" changeset="101754355" timestamp="2021-03-26T03:53:41Z" user="VLD147" uid="10979427" lat="23.1930115" lon="80.0191607"/>
 <node id="8562384258" visible="true" version="1" changeset="101754355" timestamp="2021-03-26T03:53:41Z" user="VLD147" uid="10979427" lat="23.1932149" lon="80.0191017"/>
 <node id="8562384259" visible="true" version="1" changeset="101754355" timestamp="2021-03-26T03:53:41Z" user="VLD147" uid="10979427" lat="23.1932741" lon="80.0190936"/>
 <node id="8562384260" visible="true" version="1" changeset="101754355" timestamp="2021-03-26T03:53:41Z" user="VLD147" uid="10979427" lat="23.1937043" lon="80.0190789"/>
 <node id="8562384261" visible="true" version="1" changeset="101754355" timestamp="2021-03-26T03:53:41Z" user="VLD147" uid="10979427" lat="23.1937536" lon="80.0190655"/>
 <node id="8562384262" visible="true" version="1" changeset="101754355" timestamp="2021-03-26T03:53:41Z" user="VLD147" uid="10979427" lat="23.1939373" lon="80.0190065"/>
 <node id="8562384263" visible="true" version="1" changeset="101754355" timestamp="2021-03-26T03:53:41Z" user="VLD147" uid="10979427" lat="23.1939878" lon="80.0190158"/>
 <node id="8562384264" visible="true" version="1" changeset="101754355" timestamp="2021-03-26T03:53:41Z" user="VLD147" uid="10979427" lat="23.1941789" lon="80.0191258"/>
 <node id="8562384265" visible="true" version="1" changeset="101754355" timestamp="2021-03-26T03:53:41Z" user="VLD147" uid="10979427" lat="23.1942479" lon="80.0191446"/>
 <node id="8562384266" visible="true" version="1" changeset="101754355" timestamp="2021-03-26T03:53:41Z" user="VLD147" uid="10979427" lat="23.1948630" lon="80.0192787"/>
 <node id="8562384267" visible="true" version="1" changeset="101754355" timestamp="2021-03-26T03:53:41Z" user="VLD147" uid="10979427" lat="23.1954116" lon="80.0194249"/>
 <node id="8562384268" visible="true" version="1" changeset="101754355" timestamp="2021-03-26T03:53:41Z" user="VLD147" uid="10979427" lat="23.1955718" lon="80.0194557"/>
 <node id="8562384269" visible="true" version="1" changeset="101754355" timestamp="2021-03-26T03:53:41Z" user="VLD147" uid="10979427" lat="23.1956138" lon="80.0194463"/>
 <node id="8562384270" visible="true" version="1" changeset="101754355" timestamp="2021-03-26T03:53:41Z" user="VLD147" uid="10979427" lat="23.1956396" lon="80.0194222"/>
 <node id="8562384271" visible="true" version="1" changeset="101754355" timestamp="2021-03-26T03:53:41Z" user="VLD147" uid="10979427" lat="23.1956766" lon="80.0193350"/>
 <node id="8562384272" visible="true" version="1" changeset="101754355" timestamp="2021-03-26T03:53:41Z" user="VLD147" uid="10979427" lat="23.1956754" lon="80.0192827"/>
 <node id="8562384273" visible="true" version="1" changeset="101754355" timestamp="2021-03-26T03:53:41Z" user="VLD147" uid="10979427" lat="23.1956581" lon="80.0192331"/>
 <node id="8562384274" visible="true" version="1" changeset="101754355" timestamp="2021-03-26T03:53:41Z" user="VLD147" uid="10979427" lat="23.1954979" lon="80.0188938"/>
 <node id="8562384275" visible="true" version="1" changeset="101754355" timestamp="2021-03-26T03:53:41Z" user="VLD147" uid="10979427" lat="23.1954609" lon="80.0188536"/>
 <node id="8562384276" visible="true" version="1" changeset="101754355" timestamp="2021-03-26T03:53:41Z" user="VLD147" uid="10979427" lat="23.1952464" lon="80.0187369"/>
 <node id="8562384277" visible="true" version="1" changeset="101754355" timestamp="2021-03-26T03:53:41Z" user="VLD147" uid="10979427" lat="23.1952168" lon="80.0186940"/>
 <node id="8562384278" visible="true" version="1" changeset="101754355" timestamp="2021-03-26T03:53:41Z" user="VLD147" uid="10979427" lat="23.1950640" lon="80.0184244"/>
 <node id="8562384279" visible="true" version="1" changeset="101754355" timestamp="2021-03-26T03:53:41Z" user="VLD147" uid="10979427" lat="23.1950245" lon="80.0183748"/>
 <node id="8562384280" visible="true" version="1" changeset="101754355" timestamp="2021-03-26T03:53:41Z" user="VLD147" uid="10979427" lat="23.1946079" lon="80.0178719"/>
 <node id="8562384281" visible="true" version="1" changeset="101754355" timestamp="2021-03-26T03:53:41Z" user="VLD147" uid="10979427" lat="23.1943712" lon="80.0175701"/>
 <node id="8562384282" visible="true" version="1" changeset="101754355" timestamp="2021-03-26T03:53:41Z" user="VLD147" uid="10979427" lat="23.1943330" lon="80.0175232"/>
 <node id="8562384283" visible="true" version="1" changeset="101754355" timestamp="2021-03-26T03:53:41Z" user="VLD147" uid="10979427" lat="23.1941074" lon="80.0171799"/>
 <node id="8562396117" visible="true" version="1" changeset="101754757" timestamp="2021-03-26T04:02:52Z" user="VLD147" uid="10979427" lat="23.1939640" lon="80.0152613"/>
 <node id="8562396118" visible="true" version="1" changeset="101754757" timestamp="2021-03-26T04:02:52Z" user="VLD147" uid="10979427" lat="23.1941507" lon="80.0150523"/>
 <node id="8562396119" visible="true" version="1" changeset="101754757" timestamp="2021-03-26T04:02:52Z" user="VLD147" uid="10979427" lat="23.1942022" lon="80.0150149"/>
 <node id="8562396120" visible="true" version="1" changeset="101754757" timestamp="2021-03-26T04:02:52Z" user="VLD147" uid="10979427" lat="23.1945735" lon="80.0147779"/>
 <node id="8562396121" visible="true" version="1" changeset="101754757" timestamp="2021-03-26T04:02:52Z" user="VLD147" uid="10979427" lat="23.1951240" lon="80.0144242"/>
 <node id="8562396122" visible="true" version="1" changeset="101754757" timestamp="2021-03-26T04:02:52Z" user="VLD147" uid="10979427" lat="23.1951616" lon="80.0143845"/>
 <node id="8562396123" visible="true" version="1" changeset="101754757" timestamp="2021-03-26T04:02:52Z" user="VLD147" uid="10979427" lat="23.1953301" lon="80.0141790"/>
 <node id="8562396124" visible="true" version="1" changeset="101754757" timestamp="2021-03-26T04:02:52Z" user="VLD147" uid="10979427" lat="23.1953762" lon="80.0141440"/>
 <node id="8562396125" visible="true" version="1" changeset="101754757" timestamp="2021-03-26T04:02:52Z" user="VLD147" uid="10979427" lat="23.1960008" lon="80.0137190"/>
 <node id="8562396126" visible="true" version="1" changeset="101754757" timestamp="2021-03-26T04:02:52Z" user="VLD147" uid="10979427" lat="23.1960255" lon="80.0136782"/>
 <node id="8562396127" visible="true" version="1" changeset="101754757" timestamp="2021-03-26T04:02:52Z" user="VLD147" uid="10979427" lat="23.1960255" lon="80.0136186"/>
 <node id="8562396128" visible="true" version="1" changeset="101754757" timestamp="2021-03-26T04:02:52Z" user="VLD147" uid="10979427" lat="23.1959921" lon="80.0133201"/>
 <node id="8562396129" visible="true" version="1" changeset="101754757" timestamp="2021-03-26T04:02:52Z" user="VLD147" uid="10979427" lat="23.1820629" lon="80.0326146"/>
 <node id="8562396130" visible="true" version="1" changeset="101754757" timestamp="2021-03-26T04:02:52Z" user="VLD147" uid="10979427" lat="23.1821086" lon="80.0326337"/>
 <node id="8562396131" visible="true" version="1" changeset="101754757" timestamp="2021-03-26T04:02:52Z" user="VLD147" uid="10979427" lat="23.1821494" lon="80.0326220"/>
 <node id="8562396132" visible="true" version="1" changeset="101754757" timestamp="2021-03-26T04:02:52Z" user="VLD147" uid="10979427" lat="23.1824348" lon="80.0324025"/>
 <node id="8563009242" visible="true" version="1" changeset="101774663" timestamp="2021-03-26T08:33:15Z" user="VLD103" uid="9124205" lat="23.1760675" lon="80.0202096"/>
 <node id="8563009243" visible="true" version="1" changeset="101774663" timestamp="2021-03-26T08:33:15Z" user="VLD103" uid="9124205" lat="23.1758433" lon="80.0202594"/>
 <node id="8563009244" visible="true" version="1" changeset="101774663" timestamp="2021-03-26T08:33:15Z" user="VLD103" uid="9124205" lat="23.1756303" lon="80.0203590"/>
 <node id="8563009245" visible="true" version="1" changeset="101774663" timestamp="2021-03-26T08:33:15Z" user="VLD103" uid="9124205" lat="23.1755163" lon="80.0203865"/>
 <node id="8563009246" visible="true" version="1" changeset="101774663" timestamp="2021-03-26T08:33:15Z" user="VLD103" uid="9124205" lat="23.1754032" lon="80.0203763"/>
 <node id="8563009247" visible="true" version="1" changeset="101774663" timestamp="2021-03-26T08:33:15Z" user="VLD103" uid="9124205" lat="23.1751762" lon="80.0203265"/>
 <node id="8563013554" visible="true" version="1" changeset="101774795" timestamp="2021-03-26T08:35:01Z" user="VLD103" uid="9124205" lat="23.1775723" lon="80.0239245"/>
 <node id="8563013555" visible="true" version="1" changeset="101774795" timestamp="2021-03-26T08:35:01Z" user="VLD103" uid="9124205" lat="23.1775418" lon="80.0238621"/>
 <node id="8563013556" visible="true" version="1" changeset="101774795" timestamp="2021-03-26T08:35:01Z" user="VLD103" uid="9124205" lat="23.1775206" lon="80.0237574"/>
 <node id="8563013557" visible="true" version="1" changeset="101774795" timestamp="2021-03-26T08:35:01Z" user="VLD103" uid="9124205" lat="23.1774611" lon="80.0234246"/>
 <node id="8563013558" visible="true" version="1" changeset="101774795" timestamp="2021-03-26T08:35:01Z" user="VLD103" uid="9124205" lat="23.1773797" lon="80.0230280"/>
 <node id="8563013559" visible="true" version="1" changeset="101774795" timestamp="2021-03-26T08:35:01Z" user="VLD103" uid="9124205" lat="23.1773641" lon="80.0229494"/>
 <node id="8563013560" visible="true" version="1" changeset="101774795" timestamp="2021-03-26T08:35:01Z" user="VLD103" uid="9124205" lat="23.1773691" lon="80.0227776"/>
 <node id="8563013561" visible="true" version="1" changeset="101774795" timestamp="2021-03-26T08:35:01Z" user="VLD103" uid="9124205" lat="23.1773548" lon="80.0225437"/>
 <node id="8563013562" visible="true" version="1" changeset="101774795" timestamp="2021-03-26T08:35:01Z" user="VLD103" uid="9124205" lat="23.1771850" lon="80.0216446"/>
 <node id="8563013563" visible="true" version="1" changeset="101774795" timestamp="2021-03-26T08:35:01Z" user="VLD103" uid="9124205" lat="23.1772317" lon="80.0217416"/>
 <node id="8563013564" visible="true" version="1" changeset="101774795" timestamp="2021-03-26T08:35:01Z" user="VLD103" uid="9124205" lat="23.1772119" lon="80.0216877"/>
 <node id="8563013565" visible="true" version="1" changeset="101774795" timestamp="2021-03-26T08:35:01Z" user="VLD103" uid="9124205" lat="23.1768706" lon="80.0213134"/>
 <node id="8563013566" visible="true" version="4" changeset="178018311" timestamp="2026-02-02T18:01:05Z" user="rajdhani" uid="20051396" lat="23.1767935" lon="80.0212241"/>
 <node id="8563013567" visible="true" version="1" changeset="101774795" timestamp="2021-03-26T08:35:01Z" user="VLD103" uid="9124205" lat="23.1765448" lon="80.0208681"/>
 <node id="8563013568" visible="true" version="1" changeset="101774795" timestamp="2021-03-26T08:35:01Z" user="VLD103" uid="9124205" lat="23.1764726" lon="80.0207048"/>
 <node id="8563017808" visible="true" version="1" changeset="101774673" timestamp="2021-03-26T08:33:24Z" user="VLD103" uid="9124205" lat="23.1769654" lon="80.0223694"/>
 <node id="8563017809" visible="true" version="1" changeset="101774673" timestamp="2021-03-26T08:33:24Z" user="VLD103" uid="9124205" lat="23.1769056" lon="80.0223684"/>
 <node id="8563017810" visible="true" version="1" changeset="101774673" timestamp="2021-03-26T08:33:24Z" user="VLD103" uid="9124205" lat="23.1768234" lon="80.0223755"/>
 <node id="8563017811" visible="true" version="1" changeset="101774673" timestamp="2021-03-26T08:33:24Z" user="VLD103" uid="9124205" lat="23.1758217" lon="80.0227437"/>
 <node id="8563017812" visible="true" version="1" changeset="101774673" timestamp="2021-03-26T08:33:24Z" user="VLD103" uid="9124205" lat="23.1757046" lon="80.0227652"/>
 <node id="8563017813" visible="true" version="1" changeset="101774673" timestamp="2021-03-26T08:33:24Z" user="VLD103" uid="9124205" lat="23.1756589" lon="80.0227612"/>
 <node id="8563017814" visible="true" version="1" changeset="101774673" timestamp="2021-03-26T08:33:24Z" user="VLD103" uid="9124205" lat="23.1755720" lon="80.0227209"/>
 <node id="8563017815" visible="true" version="1" changeset="101774673" timestamp="2021-03-26T08:33:24Z" user="VLD103" uid="9124205" lat="23.1754617" lon="80.0226995"/>
 <node id="8563017816" visible="true" version="1" changeset="101774673" timestamp="2021-03-26T08:33:24Z" user="VLD103" uid="9124205" lat="23.1746747" lon="80.0227892"/>
 <node id="8563018917" visible="true" version="1" changeset="101774673" timestamp="2021-03-26T08:33:24Z" user="VLD103" uid="9124205" lat="23.1746415" lon="80.0227638"/>
 <node id="8563018918" visible="true" version="1" changeset="101774673" timestamp="2021-03-26T08:33:24Z" user="VLD103" uid="9124205" lat="23.1746209" lon="80.0227044"/>
 <node id="8563018919" visible="true" version="1" changeset="101774673" timestamp="2021-03-26T08:33:24Z" user="VLD103" uid="9124205" lat="23.1746096" lon="80.0224634"/>
 <node id="8563018920" visible="true" version="1" changeset="101774673" timestamp="2021-03-26T08:33:24Z" user="VLD103" uid="9124205" lat="23.1727487" lon="80.0327262"/>
 <node id="8563018921" visible="true" version="1" changeset="101774673" timestamp="2021-03-26T08:33:24Z" user="VLD103" uid="9124205" lat="23.1727906" lon="80.0325090"/>
 <node id="8563018922" visible="true" version="1" changeset="101774673" timestamp="2021-03-26T08:33:24Z" user="VLD103" uid="9124205" lat="23.1728017" lon="80.0322850"/>
 <node id="8563018923" visible="true" version="1" changeset="101774673" timestamp="2021-03-26T08:33:24Z" user="VLD103" uid="9124205" lat="23.1722441" lon="80.0336887"/>
 <node id="8563018924" visible="true" version="1" changeset="101774673" timestamp="2021-03-26T08:33:24Z" user="VLD103" uid="9124205" lat="23.1721909" lon="80.0337527"/>
 <node id="8563018925" visible="true" version="1" changeset="101774673" timestamp="2021-03-26T08:33:24Z" user="VLD103" uid="9124205" lat="23.1721423" lon="80.0337741"/>
 <node id="8563018926" visible="true" version="1" changeset="101774673" timestamp="2021-03-26T08:33:24Z" user="VLD103" uid="9124205" lat="23.1729796" lon="80.0291762"/>
 <node id="8563018927" visible="true" version="1" changeset="101774673" timestamp="2021-03-26T08:33:24Z" user="VLD103" uid="9124205" lat="23.1730610" lon="80.0290010"/>
 <node id="8563018928" visible="true" version="1" changeset="101774673" timestamp="2021-03-26T08:33:24Z" user="VLD103" uid="9124205" lat="23.1728495" lon="80.0299778"/>
 <node id="8563018929" visible="true" version="1" changeset="101774673" timestamp="2021-03-26T08:33:24Z" user="VLD103" uid="9124205" lat="23.1729097" lon="80.0295903"/>
 <node id="8563018930" visible="true" version="1" changeset="101774673" timestamp="2021-03-26T08:33:24Z" user="VLD103" uid="9124205" lat="23.1691972" lon="80.0333631"/>
 <node id="8563018931" visible="true" version="1" changeset="101774673" timestamp="2021-03-26T08:33:24Z" user="VLD103" uid="9124205" lat="23.1693723" lon="80.0321632"/>
 <node id="8581961080" visible="true" version="2" changeset="102370889" timestamp="2021-04-06T05:33:09Z" user="VLD261" uid="10979447" lat="23.2018815" lon="80.0735546"/>
 <node id="8581961081" visible="true" version="2" changeset="102370889" timestamp="2021-04-06T05:33:09Z" user="VLD261" uid="10979447" lat="23.2017433" lon="80.0736617"/>
 <node id="8581961082" visible="true" version="2" changeset="102370889" timestamp="2021-04-06T05:33:09Z" user="VLD261" uid="10979447" lat="23.2016487" lon="80.0737477"/>
 <node id="8581961083" visible="true" version="2" changeset="102370889" timestamp="2021-04-06T05:33:09Z" user="VLD261" uid="10979447" lat="23.2014646" lon="80.0739094"/>
 <node id="8581961084" visible="true" version="1" changeset="102103211" timestamp="2021-04-01T07:34:20Z" user="VLD260" uid="10979445" lat="23.2013809" lon="80.0740200"/>
 <node id="8581961085" visible="true" version="1" changeset="102103211" timestamp="2021-04-01T07:34:20Z" user="VLD260" uid="10979445" lat="23.2013323" lon="80.0741210"/>
 <node id="8581961086" visible="true" version="1" changeset="102103211" timestamp="2021-04-01T07:34:20Z" user="VLD260" uid="10979445" lat="23.2012792" lon="80.0742621"/>
 <node id="8581961087" visible="true" version="1" changeset="102103211" timestamp="2021-04-01T07:34:20Z" user="VLD260" uid="10979445" lat="23.2010183" lon="80.0749758"/>
 <node id="8581961088" visible="true" version="1" changeset="102103211" timestamp="2021-04-01T07:34:20Z" user="VLD260" uid="10979445" lat="23.2009461" lon="80.0751843"/>
 <node id="8581961089" visible="true" version="1" changeset="102103211" timestamp="2021-04-01T07:34:20Z" user="VLD260" uid="10979445" lat="23.2008901" lon="80.0752805"/>
 <node id="8581961090" visible="true" version="1" changeset="102103211" timestamp="2021-04-01T07:34:20Z" user="VLD260" uid="10979445" lat="23.2008370" lon="80.0753398"/>
 <node id="8581961091" visible="true" version="1" changeset="102103211" timestamp="2021-04-01T07:34:20Z" user="VLD260" uid="10979445" lat="23.2007515" lon="80.0753831"/>
 <node id="8581961092" visible="true" version="1" changeset="102103211" timestamp="2021-04-01T07:34:20Z" user="VLD260" uid="10979445" lat="23.2006557" lon="80.0754024"/>
 <node id="8581961093" visible="true" version="1" changeset="102103211" timestamp="2021-04-01T07:34:20Z" user="VLD260" uid="10979445" lat="23.1998981" lon="80.0755018"/>
 <node id="8581965018" visible="true" version="1" changeset="102103211" timestamp="2021-04-01T07:34:20Z" user="VLD260" uid="10979445" lat="23.2020683" lon="80.0734135"/>
 <node id="8586706093" visible="true" version="1" changeset="102198709" timestamp="2021-04-02T14:06:34Z" user="VLD144" uid="10797443" lat="23.1892193" lon="80.0165270"/>
 <node id="8586706094" visible="true" version="1" changeset="102198709" timestamp="2021-04-02T14:06:34Z" user="VLD144" uid="10797443" lat="23.1893981" lon="80.0168730"/>
 <node id="8586706095" visible="true" version="1" changeset="102198709" timestamp="2021-04-02T14:06:34Z" user="VLD144" uid="10797443" lat="23.1895682" lon="80.0172955"/>
 <node id="8586706096" visible="true" version="1" changeset="102198709" timestamp="2021-04-02T14:06:34Z" user="VLD144" uid="10797443" lat="23.1897531" lon="80.0177434"/>
 <node id="8586706097" visible="true" version="1" changeset="102198709" timestamp="2021-04-02T14:06:34Z" user="VLD144" uid="10797443" lat="23.1898776" lon="80.0179929"/>
 <node id="8586706098" visible="true" version="1" changeset="102198709" timestamp="2021-04-02T14:06:34Z" user="VLD144" uid="10797443" lat="23.1899294" lon="80.0181846"/>
 <node id="8586706099" visible="true" version="1" changeset="102198709" timestamp="2021-04-02T14:06:34Z" user="VLD144" uid="10797443" lat="23.1899960" lon="80.0185923"/>
 <node id="8586706100" visible="true" version="1" changeset="102198709" timestamp="2021-04-02T14:06:34Z" user="VLD144" uid="10797443" lat="23.1900034" lon="80.0187157"/>
 <node id="8586706101" visible="true" version="1" changeset="102198709" timestamp="2021-04-02T14:06:34Z" user="VLD144" uid="10797443" lat="23.1899824" lon="80.0187814"/>
 <node id="8586706102" visible="true" version="1" changeset="102198709" timestamp="2021-04-02T14:06:34Z" user="VLD144" uid="10797443" lat="23.1899393" lon="80.0188270"/>
 <node id="8586706103" visible="true" version="1" changeset="102198709" timestamp="2021-04-02T14:06:34Z" user="VLD144" uid="10797443" lat="23.1898295" lon="80.0188860"/>
 <node id="8586706104" visible="true" version="1" changeset="102198709" timestamp="2021-04-02T14:06:34Z" user="VLD144" uid="10797443" lat="23.1896224" lon="80.0189491"/>
 <node id="8586706105" visible="true" version="1" changeset="102198709" timestamp="2021-04-02T14:06:34Z" user="VLD144" uid="10797443" lat="23.1886929" lon="80.0191891"/>
 <node id="8586706106" visible="true" version="1" changeset="102198709" timestamp="2021-04-02T14:06:34Z" user="VLD144" uid="10797443" lat="23.1871002" lon="80.0195646"/>
 <node id="8597384362" visible="true" version="1" changeset="102367257" timestamp="2021-04-06T04:31:45Z" user="VLD261" uid="10979447" lat="23.1809503" lon="80.0717785"/>
 <node id="8597384363" visible="true" version="2" changeset="102378234" timestamp="2021-04-06T06:56:35Z" user="VLD261" uid="10979447" lat="23.1810446" lon="80.0717431"/>
 <node id="8597384364" visible="true" version="2" changeset="102370889" timestamp="2021-04-06T05:33:09Z" user="VLD261" uid="10979447" lat="23.1813179" lon="80.0717255"/>
 <node id="8597384365" visible="true" version="1" changeset="102367257" timestamp="2021-04-06T04:31:45Z" user="VLD261" uid="10979447" lat="23.1821410" lon="80.0719130"/>
 <node id="8597384366" visible="true" version="1" changeset="102367257" timestamp="2021-04-06T04:31:45Z" user="VLD261" uid="10979447" lat="23.1834424" lon="80.0722952"/>
 <node id="8597384367" visible="true" version="1" changeset="102367257" timestamp="2021-04-06T04:31:45Z" user="VLD261" uid="10979447" lat="23.1837020" lon="80.0724014"/>
 <node id="8597384368" visible="true" version="1" changeset="102367257" timestamp="2021-04-06T04:31:45Z" user="VLD261" uid="10979447" lat="23.1838746" lon="80.0725033"/>
 <node id="8597384369" visible="true" version="1" changeset="102367257" timestamp="2021-04-06T04:31:45Z" user="VLD261" uid="10979447" lat="23.1842642" lon="80.0727930"/>
 <node id="8597384370" visible="true" version="1" changeset="102367257" timestamp="2021-04-06T04:31:45Z" user="VLD261" uid="10979447" lat="23.1846143" lon="80.0730022"/>
 <node id="8597384371" visible="true" version="1" changeset="102367257" timestamp="2021-04-06T04:31:45Z" user="VLD261" uid="10979447" lat="23.1849595" lon="80.0731685"/>
 <node id="8597384372" visible="true" version="1" changeset="102367257" timestamp="2021-04-06T04:31:45Z" user="VLD261" uid="10979447" lat="23.1851764" lon="80.0732758"/>
 <node id="8597384373" visible="true" version="1" changeset="102367257" timestamp="2021-04-06T04:31:45Z" user="VLD261" uid="10979447" lat="23.1853342" lon="80.0733187"/>
 <node id="8597384374" visible="true" version="1" changeset="102367257" timestamp="2021-04-06T04:31:45Z" user="VLD261" uid="10979447" lat="23.1854920" lon="80.0732919"/>
 <node id="8597384375" visible="true" version="1" changeset="102367257" timestamp="2021-04-06T04:31:45Z" user="VLD261" uid="10979447" lat="23.1857780" lon="80.0731900"/>
 <node id="8597384376" visible="true" version="1" changeset="102367257" timestamp="2021-04-06T04:31:45Z" user="VLD261" uid="10979447" lat="23.1865374" lon="80.0727072"/>
 <node id="8597384377" visible="true" version="1" changeset="102367257" timestamp="2021-04-06T04:31:45Z" user="VLD261" uid="10979447" lat="23.1875384" lon="80.0720742"/>
 <node id="8597384378" visible="true" version="1" changeset="102367257" timestamp="2021-04-06T04:31:45Z" user="VLD261" uid="10979447" lat="23.1876519" lon="80.0720205"/>
 <node id="8597384379" visible="true" version="1" changeset="102367257" timestamp="2021-04-06T04:31:45Z" user="VLD261" uid="10979447" lat="23.1878097" lon="80.0719884"/>
 <node id="8597384380" visible="true" version="1" changeset="102367257" timestamp="2021-04-06T04:31:45Z" user="VLD261" uid="10979447" lat="23.1881795" lon="80.0719884"/>
 <node id="8597384381" visible="true" version="1" changeset="102367257" timestamp="2021-04-06T04:31:45Z" user="VLD261" uid="10979447" lat="23.1885835" lon="80.0719873"/>
 <node id="8597384382" visible="true" version="1" changeset="102367257" timestamp="2021-04-06T04:31:45Z" user="VLD261" uid="10979447" lat="23.1888210" lon="80.0720050"/>
 <node id="8597384383" visible="true" version="1" changeset="102367257" timestamp="2021-04-06T04:31:45Z" user="VLD261" uid="10979447" lat="23.1892082" lon="80.0720510"/>
 <node id="8597384384" visible="true" version="1" changeset="102367257" timestamp="2021-04-06T04:31:45Z" user="VLD261" uid="10979447" lat="23.1905322" lon="80.0723412"/>
 <node id="8597384385" visible="true" version="1" changeset="102367257" timestamp="2021-04-06T04:31:45Z" user="VLD261" uid="10979447" lat="23.1908706" lon="80.0723979"/>
 <node id="8597384386" visible="true" version="1" changeset="102367257" timestamp="2021-04-06T04:31:45Z" user="VLD261" uid="10979447" lat="23.1909714" lon="80.0723872"/>
 <node id="8597384387" visible="true" version="1" changeset="102367257" timestamp="2021-04-06T04:31:45Z" user="VLD261" uid="10979447" lat="23.1910495" lon="80.0723625"/>
 <node id="8597384388" visible="true" version="1" changeset="102367257" timestamp="2021-04-06T04:31:45Z" user="VLD261" uid="10979447" lat="23.1911341" lon="80.0722988"/>
 <node id="8597384389" visible="true" version="1" changeset="102367257" timestamp="2021-04-06T04:31:45Z" user="VLD261" uid="10979447" lat="23.1912967" lon="80.0720085"/>
 <node id="8597384390" visible="true" version="1" changeset="102367257" timestamp="2021-04-06T04:31:45Z" user="VLD261" uid="10979447" lat="23.1914659" lon="80.0717219"/>
 <node id="8597384391" visible="true" version="1" changeset="102367257" timestamp="2021-04-06T04:31:45Z" user="VLD261" uid="10979447" lat="23.1915472" lon="80.0715626"/>
 <node id="8597384392" visible="true" version="1" changeset="102367257" timestamp="2021-04-06T04:31:45Z" user="VLD261" uid="10979447" lat="23.1916025" lon="80.0714069"/>
 <node id="8597384393" visible="true" version="1" changeset="102367257" timestamp="2021-04-06T04:31:45Z" user="VLD261" uid="10979447" lat="23.1916253" lon="80.0712299"/>
 <node id="8597384394" visible="true" version="1" changeset="102367257" timestamp="2021-04-06T04:31:45Z" user="VLD261" uid="10979447" lat="23.1916709" lon="80.0710565"/>
 <node id="8597384395" visible="true" version="1" changeset="102367257" timestamp="2021-04-06T04:31:45Z" user="VLD261" uid="10979447" lat="23.1917327" lon="80.0709114"/>
 <node id="8597384396" visible="true" version="1" changeset="102367257" timestamp="2021-04-06T04:31:45Z" user="VLD261" uid="10979447" lat="23.1918270" lon="80.0707840"/>
 <node id="8597384397" visible="true" version="1" changeset="102367257" timestamp="2021-04-06T04:31:45Z" user="VLD261" uid="10979447" lat="23.1920612" lon="80.0705822"/>
 <node id="8597384398" visible="true" version="1" changeset="102367257" timestamp="2021-04-06T04:31:45Z" user="VLD261" uid="10979447" lat="23.1921979" lon="80.0705115"/>
 <node id="8597384399" visible="true" version="1" changeset="102367257" timestamp="2021-04-06T04:31:45Z" user="VLD261" uid="10979447" lat="23.1923247" lon="80.0704796"/>
 <node id="8597384400" visible="true" version="1" changeset="102367257" timestamp="2021-04-06T04:31:45Z" user="VLD261" uid="10979447" lat="23.1925655" lon="80.0704619"/>
 <node id="8597384401" visible="true" version="1" changeset="102367257" timestamp="2021-04-06T04:31:45Z" user="VLD261" uid="10979447" lat="23.1928615" lon="80.0704371"/>
 <node id="8597384402" visible="true" version="1" changeset="102367257" timestamp="2021-04-06T04:31:45Z" user="VLD261" uid="10979447" lat="23.1929624" lon="80.0704124"/>
 <node id="8597384403" visible="true" version="1" changeset="102367257" timestamp="2021-04-06T04:31:45Z" user="VLD261" uid="10979447" lat="23.1930827" lon="80.0703628"/>
 <node id="8597384404" visible="true" version="1" changeset="102367257" timestamp="2021-04-06T04:31:45Z" user="VLD261" uid="10979447" lat="23.1934731" lon="80.0700974"/>
 <node id="8597384405" visible="true" version="1" changeset="102367257" timestamp="2021-04-06T04:31:45Z" user="VLD261" uid="10979447" lat="23.1940164" lon="80.0697859"/>
 <node id="8597384406" visible="true" version="1" changeset="102367257" timestamp="2021-04-06T04:31:45Z" user="VLD261" uid="10979447" lat="23.1941237" lon="80.0697647"/>
 <node id="8597384407" visible="true" version="1" changeset="102367257" timestamp="2021-04-06T04:31:45Z" user="VLD261" uid="10979447" lat="23.1942474" lon="80.0697753"/>
 <node id="8597384408" visible="true" version="1" changeset="102367257" timestamp="2021-04-06T04:31:45Z" user="VLD261" uid="10979447" lat="23.1943612" lon="80.0698284"/>
 <node id="8597384409" visible="true" version="1" changeset="102367257" timestamp="2021-04-06T04:31:45Z" user="VLD261" uid="10979447" lat="23.1944783" lon="80.0700124"/>
 <node id="8597384410" visible="true" version="1" changeset="102367257" timestamp="2021-04-06T04:31:45Z" user="VLD261" uid="10979447" lat="23.1945336" lon="80.0702319"/>
 <node id="8597384411" visible="true" version="1" changeset="102367257" timestamp="2021-04-06T04:31:45Z" user="VLD261" uid="10979447" lat="23.1945304" lon="80.0703416"/>
 <node id="8597384412" visible="true" version="1" changeset="102367257" timestamp="2021-04-06T04:31:45Z" user="VLD261" uid="10979447" lat="23.1944913" lon="80.0704548"/>
 <node id="8597384413" visible="true" version="1" changeset="102367257" timestamp="2021-04-06T04:31:45Z" user="VLD261" uid="10979447" lat="23.1944328" lon="80.0705504"/>
 <node id="8597384414" visible="true" version="1" changeset="102367257" timestamp="2021-04-06T04:31:45Z" user="VLD261" uid="10979447" lat="23.1943254" lon="80.0706389"/>
 <node id="8597384415" visible="true" version="1" changeset="102367257" timestamp="2021-04-06T04:31:45Z" user="VLD261" uid="10979447" lat="23.1940880" lon="80.0707981"/>
 <node id="8597384416" visible="true" version="1" changeset="102367257" timestamp="2021-04-06T04:31:45Z" user="VLD261" uid="10979447" lat="23.1939871" lon="80.0708831"/>
 <node id="8597385317" visible="true" version="1" changeset="102367257" timestamp="2021-04-06T04:31:45Z" user="VLD261" uid="10979447" lat="23.1938635" lon="80.0710565"/>
 <node id="8597385318" visible="true" version="1" changeset="102367257" timestamp="2021-04-06T04:31:45Z" user="VLD261" uid="10979447" lat="23.1936813" lon="80.0713644"/>
 <node id="8597385319" visible="true" version="1" changeset="102367257" timestamp="2021-04-06T04:31:45Z" user="VLD261" uid="10979447" lat="23.1936618" lon="80.0714883"/>
 <node id="8597385320" visible="true" version="1" changeset="102367257" timestamp="2021-04-06T04:31:45Z" user="VLD261" uid="10979447" lat="23.1937008" lon="80.0715945"/>
 <node id="8597385321" visible="true" version="1" changeset="102367257" timestamp="2021-04-06T04:31:45Z" user="VLD261" uid="10979447" lat="23.1937659" lon="80.0716900"/>
 <node id="8597385322" visible="true" version="1" changeset="102367257" timestamp="2021-04-06T04:31:45Z" user="VLD261" uid="10979447" lat="23.1938928" lon="80.0717820"/>
 <node id="8597385323" visible="true" version="1" changeset="102367257" timestamp="2021-04-06T04:31:45Z" user="VLD261" uid="10979447" lat="23.1941660" lon="80.0718882"/>
 <node id="8597385324" visible="true" version="1" changeset="102367257" timestamp="2021-04-06T04:31:45Z" user="VLD261" uid="10979447" lat="23.1948752" lon="80.0720899"/>
 <node id="8597385325" visible="true" version="1" changeset="102367257" timestamp="2021-04-06T04:31:45Z" user="VLD261" uid="10979447" lat="23.1952493" lon="80.0722138"/>
 <node id="8597385326" visible="true" version="1" changeset="102367257" timestamp="2021-04-06T04:31:45Z" user="VLD261" uid="10979447" lat="23.1955519" lon="80.0723306"/>
 <node id="8597385327" visible="true" version="1" changeset="102367257" timestamp="2021-04-06T04:31:45Z" user="VLD261" uid="10979447" lat="23.1958674" lon="80.0724616"/>
 <node id="8597385328" visible="true" version="1" changeset="102367257" timestamp="2021-04-06T04:31:45Z" user="VLD261" uid="10979447" lat="23.1961309" lon="80.0725925"/>
 <node id="8597385329" visible="true" version="1" changeset="102367257" timestamp="2021-04-06T04:31:45Z" user="VLD261" uid="10979447" lat="23.1962838" lon="80.0727128"/>
 <node id="8597385330" visible="true" version="1" changeset="102367257" timestamp="2021-04-06T04:31:45Z" user="VLD261" uid="10979447" lat="23.1965495" lon="80.0729671"/>
 <node id="8597385331" visible="true" version="1" changeset="102367257" timestamp="2021-04-06T04:31:45Z" user="VLD261" uid="10979447" lat="23.1968809" lon="80.0733368"/>
 <node id="8597385332" visible="true" version="1" changeset="102367257" timestamp="2021-04-06T04:31:45Z" user="VLD261" uid="10979447" lat="23.1972773" lon="80.0737959"/>
 <node id="8597385333" visible="true" version="1" changeset="102367257" timestamp="2021-04-06T04:31:45Z" user="VLD261" uid="10979447" lat="23.1973736" lon="80.0738884"/>
 <node id="8597385334" visible="true" version="1" changeset="102367257" timestamp="2021-04-06T04:31:45Z" user="VLD261" uid="10979447" lat="23.1974444" lon="80.0739253"/>
 <node id="8597385335" visible="true" version="1" changeset="102367257" timestamp="2021-04-06T04:31:45Z" user="VLD261" uid="10979447" lat="23.1975634" lon="80.0739654"/>
 <node id="8597385336" visible="true" version="1" changeset="102367257" timestamp="2021-04-06T04:31:45Z" user="VLD261" uid="10979447" lat="23.1980193" lon="80.0740332"/>
 <node id="8597385337" visible="true" version="1" changeset="102367257" timestamp="2021-04-06T04:31:45Z" user="VLD261" uid="10979447" lat="23.1980731" lon="80.0740486"/>
 <node id="8597385338" visible="true" version="1" changeset="102367257" timestamp="2021-04-06T04:31:45Z" user="VLD261" uid="10979447" lat="23.1981694" lon="80.0741133"/>
 <node id="8597385339" visible="true" version="1" changeset="102367257" timestamp="2021-04-06T04:31:45Z" user="VLD261" uid="10979447" lat="23.1982657" lon="80.0742242"/>
 <node id="8597385340" visible="true" version="1" changeset="102367257" timestamp="2021-04-06T04:31:45Z" user="VLD261" uid="10979447" lat="23.1985404" lon="80.0746925"/>
 <node id="8597385341" visible="true" version="1" changeset="102367257" timestamp="2021-04-06T04:31:45Z" user="VLD261" uid="10979447" lat="23.1989510" lon="80.0753673"/>
 <node id="8597385342" visible="true" version="1" changeset="102367257" timestamp="2021-04-06T04:31:45Z" user="VLD261" uid="10979447" lat="23.1989935" lon="80.0754104"/>
 <node id="8597385343" visible="true" version="1" changeset="102367257" timestamp="2021-04-06T04:31:45Z" user="VLD261" uid="10979447" lat="23.1990671" lon="80.0754412"/>
 <node id="8597385344" visible="true" version="1" changeset="102367257" timestamp="2021-04-06T04:31:45Z" user="VLD261" uid="10979447" lat="23.1992031" lon="80.0754782"/>
 <node id="8597385345" visible="true" version="1" changeset="102367257" timestamp="2021-04-06T04:31:45Z" user="VLD261" uid="10979447" lat="23.1994579" lon="80.0755059"/>
 <node id="8597385346" visible="true" version="1" changeset="102367257" timestamp="2021-04-06T04:31:45Z" user="VLD261" uid="10979447" lat="23.1996958" lon="80.0755182"/>
 <node id="8597385433" visible="true" version="1" changeset="102367257" timestamp="2021-04-06T04:31:45Z" user="VLD261" uid="10979447" lat="23.1983316" lon="80.0743366"/>
 <node id="8597385473" visible="true" version="1" changeset="102367257" timestamp="2021-04-06T04:31:45Z" user="VLD261" uid="10979447" lat="23.1969998" lon="80.0734746"/>
 <node id="8597562683" visible="true" version="2" changeset="102378234" timestamp="2021-04-06T06:56:35Z" user="VLD261" uid="10979447" lat="23.1770129" lon="80.0705989"/>
 <node id="8597562684" visible="true" version="1" changeset="102370889" timestamp="2021-04-06T05:33:09Z" user="VLD261" uid="10979447" lat="23.1769956" lon="80.0714035"/>
 <node id="8597562685" visible="true" version="1" changeset="102370889" timestamp="2021-04-06T05:33:09Z" user="VLD261" uid="10979447" lat="23.1769974" lon="80.0716335"/>
 <node id="8597563038" visible="true" version="1" changeset="102370889" timestamp="2021-04-06T05:33:09Z" user="VLD261" uid="10979447" lat="23.1811811" lon="80.0717266"/>
 <node id="8597563047" visible="true" version="1" changeset="102370889" timestamp="2021-04-06T05:33:09Z" user="VLD261" uid="10979447" lat="23.1816839" lon="80.0717980"/>
 <node id="8597563063" visible="true" version="1" changeset="102370889" timestamp="2021-04-06T05:33:09Z" user="VLD261" uid="10979447" lat="23.2014281" lon="80.0739554"/>
 <node id="8597563081" visible="true" version="1" changeset="102370889" timestamp="2021-04-06T05:33:09Z" user="VLD261" uid="10979447" lat="23.1978386" lon="80.0740063"/>
 <node id="8597816454" visible="true" version="2" changeset="102417131" timestamp="2021-04-06T15:12:03Z" user="VLD251" uid="10979431" lat="23.1684338" lon="80.0620706"/>
 <node id="8597816455" visible="true" version="1" changeset="102378234" timestamp="2021-04-06T06:56:35Z" user="VLD261" uid="10979447" lat="23.1685439" lon="80.0628268"/>
 <node id="8597816456" visible="true" version="1" changeset="102378234" timestamp="2021-04-06T06:56:35Z" user="VLD261" uid="10979447" lat="23.1685869" lon="80.0631584"/>
 <node id="8597816457" visible="true" version="1" changeset="102378234" timestamp="2021-04-06T06:56:35Z" user="VLD261" uid="10979447" lat="23.1686255" lon="80.0633312"/>
 <node id="8597816458" visible="true" version="1" changeset="102378234" timestamp="2021-04-06T06:56:35Z" user="VLD261" uid="10979447" lat="23.1686513" lon="80.0634199"/>
 <node id="8597816459" visible="true" version="1" changeset="102378234" timestamp="2021-04-06T06:56:35Z" user="VLD261" uid="10979447" lat="23.1687157" lon="80.0635226"/>
 <node id="8597816460" visible="true" version="1" changeset="102378234" timestamp="2021-04-06T06:56:35Z" user="VLD261" uid="10979447" lat="23.1687972" lon="80.0635833"/>
 <node id="8597816461" visible="true" version="1" changeset="102378234" timestamp="2021-04-06T06:56:35Z" user="VLD261" uid="10979447" lat="23.1689260" lon="80.0636114"/>
 <node id="8597816462" visible="true" version="1" changeset="102378234" timestamp="2021-04-06T06:56:35Z" user="VLD261" uid="10979447" lat="23.1691149" lon="80.0636207"/>
 <node id="8597816463" visible="true" version="1" changeset="102378234" timestamp="2021-04-06T06:56:35Z" user="VLD261" uid="10979447" lat="23.1692609" lon="80.0636300"/>
 <node id="8597816464" visible="true" version="1" changeset="102378234" timestamp="2021-04-06T06:56:35Z" user="VLD261" uid="10979447" lat="23.1694713" lon="80.0636674"/>
 <node id="8597816465" visible="true" version="1" changeset="102378234" timestamp="2021-04-06T06:56:35Z" user="VLD261" uid="10979447" lat="23.1700688" lon="80.0638146"/>
 <node id="8597816466" visible="true" version="1" changeset="102378234" timestamp="2021-04-06T06:56:35Z" user="VLD261" uid="10979447" lat="23.1702887" lon="80.0638818"/>
 <node id="8597816467" visible="true" version="1" changeset="102378234" timestamp="2021-04-06T06:56:35Z" user="VLD261" uid="10979447" lat="23.1703733" lon="80.0639278"/>
 <node id="8597816468" visible="true" version="1" changeset="102378234" timestamp="2021-04-06T06:56:35Z" user="VLD261" uid="10979447" lat="23.1704807" lon="80.0640340"/>
 <node id="8597816469" visible="true" version="1" changeset="102378234" timestamp="2021-04-06T06:56:35Z" user="VLD261" uid="10979447" lat="23.1707214" lon="80.0643808"/>
 <node id="8597816470" visible="true" version="1" changeset="102378234" timestamp="2021-04-06T06:56:35Z" user="VLD261" uid="10979447" lat="23.1708646" lon="80.0646675"/>
 <node id="8597816471" visible="true" version="1" changeset="102378234" timestamp="2021-04-06T06:56:35Z" user="VLD261" uid="10979447" lat="23.1709590" lon="80.0649223"/>
 <node id="8597816472" visible="true" version="1" changeset="102378234" timestamp="2021-04-06T06:56:35Z" user="VLD261" uid="10979447" lat="23.1710208" lon="80.0652196"/>
 <node id="8597816473" visible="true" version="1" changeset="102378234" timestamp="2021-04-06T06:56:35Z" user="VLD261" uid="10979447" lat="23.1711054" lon="80.0660619"/>
 <node id="8597816474" visible="true" version="1" changeset="102378234" timestamp="2021-04-06T06:56:35Z" user="VLD261" uid="10979447" lat="23.1711379" lon="80.0662991"/>
 <node id="8597816475" visible="true" version="1" changeset="102378234" timestamp="2021-04-06T06:56:35Z" user="VLD261" uid="10979447" lat="23.1711802" lon="80.0665043"/>
 <node id="8597816476" visible="true" version="1" changeset="102378234" timestamp="2021-04-06T06:56:35Z" user="VLD261" uid="10979447" lat="23.1712518" lon="80.0666459"/>
 <node id="8597816477" visible="true" version="1" changeset="102378234" timestamp="2021-04-06T06:56:35Z" user="VLD261" uid="10979447" lat="23.1713722" lon="80.0668122"/>
 <node id="8597816478" visible="true" version="1" changeset="102378234" timestamp="2021-04-06T06:56:35Z" user="VLD261" uid="10979447" lat="23.1715088" lon="80.0669290"/>
 <node id="8597816479" visible="true" version="1" changeset="102378234" timestamp="2021-04-06T06:56:35Z" user="VLD261" uid="10979447" lat="23.1719286" lon="80.0671237"/>
 <node id="8597816480" visible="true" version="1" changeset="102378234" timestamp="2021-04-06T06:56:35Z" user="VLD261" uid="10979447" lat="23.1723385" lon="80.0673290"/>
 <node id="8597816481" visible="true" version="1" changeset="102378234" timestamp="2021-04-06T06:56:35Z" user="VLD261" uid="10979447" lat="23.1725988" lon="80.0674493"/>
 <node id="8597816482" visible="true" version="1" changeset="102378234" timestamp="2021-04-06T06:56:35Z" user="VLD261" uid="10979447" lat="23.1728754" lon="80.0675484"/>
 <node id="8597816483" visible="true" version="1" changeset="102378234" timestamp="2021-04-06T06:56:35Z" user="VLD261" uid="10979447" lat="23.1733081" lon="80.0676440"/>
 <node id="8597816484" visible="true" version="1" changeset="102378234" timestamp="2021-04-06T06:56:35Z" user="VLD261" uid="10979447" lat="23.1736562" lon="80.0677041"/>
 <node id="8597816485" visible="true" version="1" changeset="102378234" timestamp="2021-04-06T06:56:35Z" user="VLD261" uid="10979447" lat="23.1739816" lon="80.0677289"/>
 <node id="8597816486" visible="true" version="1" changeset="102378234" timestamp="2021-04-06T06:56:35Z" user="VLD261" uid="10979447" lat="23.1743167" lon="80.0677431"/>
 <node id="8597816487" visible="true" version="1" changeset="102378234" timestamp="2021-04-06T06:56:35Z" user="VLD261" uid="10979447" lat="23.1746486" lon="80.0677643"/>
 <node id="8597816488" visible="true" version="2" changeset="102378409" timestamp="2021-04-06T06:58:40Z" user="VLD261" uid="10979447" lat="23.1749692" lon="80.0677855"/>
 <node id="8597816489" visible="true" version="1" changeset="102378234" timestamp="2021-04-06T06:56:35Z" user="VLD261" uid="10979447" lat="23.1754425" lon="80.0677714"/>
 <node id="8597816490" visible="true" version="1" changeset="102378234" timestamp="2021-04-06T06:56:35Z" user="VLD261" uid="10979447" lat="23.1755619" lon="80.0677771"/>
 <node id="8597816491" visible="true" version="1" changeset="102378234" timestamp="2021-04-06T06:56:35Z" user="VLD261" uid="10979447" lat="23.1756383" lon="80.0677986"/>
 <node id="8597816492" visible="true" version="1" changeset="102378234" timestamp="2021-04-06T06:56:35Z" user="VLD261" uid="10979447" lat="23.1757024" lon="80.0678415"/>
 <node id="8597816493" visible="true" version="1" changeset="102378234" timestamp="2021-04-06T06:56:35Z" user="VLD261" uid="10979447" lat="23.1760846" lon="80.0681982"/>
 <node id="8597816494" visible="true" version="1" changeset="102378234" timestamp="2021-04-06T06:56:35Z" user="VLD261" uid="10979447" lat="23.1763263" lon="80.0684262"/>
 <node id="8597816495" visible="true" version="1" changeset="102378234" timestamp="2021-04-06T06:56:35Z" user="VLD261" uid="10979447" lat="23.1764126" lon="80.0685201"/>
 <node id="8597816496" visible="true" version="1" changeset="102378234" timestamp="2021-04-06T06:56:35Z" user="VLD261" uid="10979447" lat="23.1764742" lon="80.0686247"/>
 <node id="8597816497" visible="true" version="1" changeset="102378234" timestamp="2021-04-06T06:56:35Z" user="VLD261" uid="10979447" lat="23.1765358" lon="80.0687749"/>
 <node id="8597816498" visible="true" version="1" changeset="102378234" timestamp="2021-04-06T06:56:35Z" user="VLD261" uid="10979447" lat="23.1766074" lon="80.0690861"/>
 <node id="8597816499" visible="true" version="1" changeset="102378234" timestamp="2021-04-06T06:56:35Z" user="VLD261" uid="10979447" lat="23.1767430" lon="80.0697352"/>
 <node id="8597816500" visible="true" version="1" changeset="102378234" timestamp="2021-04-06T06:56:35Z" user="VLD261" uid="10979447" lat="23.1768811" lon="80.0702421"/>
 <node id="8597816501" visible="true" version="1" changeset="102378234" timestamp="2021-04-06T06:56:35Z" user="VLD261" uid="10979447" lat="23.1769353" lon="80.0704191"/>
 <node id="8597816502" visible="true" version="1" changeset="102378234" timestamp="2021-04-06T06:56:35Z" user="VLD261" uid="10979447" lat="23.1769649" lon="80.0705023"/>
 <node id="8597818147" visible="true" version="1" changeset="102378234" timestamp="2021-04-06T06:56:35Z" user="VLD261" uid="10979447" lat="23.1807222" lon="80.0717864"/>
 <node id="8597818148" visible="true" version="1" changeset="102378234" timestamp="2021-04-06T06:56:35Z" user="VLD261" uid="10979447" lat="23.1804001" lon="80.0718076"/>
 <node id="8597818149" visible="true" version="1" changeset="102378234" timestamp="2021-04-06T06:56:35Z" user="VLD261" uid="10979447" lat="23.1801496" lon="80.0718006"/>
 <node id="8597818150" visible="true" version="1" changeset="102378234" timestamp="2021-04-06T06:56:35Z" user="VLD261" uid="10979447" lat="23.1797657" lon="80.0717439"/>
 <node id="8597818151" visible="true" version="1" changeset="102378234" timestamp="2021-04-06T06:56:35Z" user="VLD261" uid="10979447" lat="23.1791768" lon="80.0716448"/>
 <node id="8597818152" visible="true" version="1" changeset="102378234" timestamp="2021-04-06T06:56:35Z" user="VLD261" uid="10979447" lat="23.1790792" lon="80.0716448"/>
 <node id="8597818153" visible="true" version="1" changeset="102378234" timestamp="2021-04-06T06:56:35Z" user="VLD261" uid="10979447" lat="23.1789816" lon="80.0716590"/>
 <node id="8597818154" visible="true" version="1" changeset="102378234" timestamp="2021-04-06T06:56:35Z" user="VLD261" uid="10979447" lat="23.1786888" lon="80.0717581"/>
 <node id="8597818155" visible="true" version="1" changeset="102378234" timestamp="2021-04-06T06:56:35Z" user="VLD261" uid="10979447" lat="23.1783895" lon="80.0718395"/>
 <node id="8597818156" visible="true" version="1" changeset="102378234" timestamp="2021-04-06T06:56:35Z" user="VLD261" uid="10979447" lat="23.1782788" lon="80.0718572"/>
 <node id="8597818157" visible="true" version="1" changeset="102378234" timestamp="2021-04-06T06:56:35Z" user="VLD261" uid="10979447" lat="23.1781454" lon="80.0718572"/>
 <node id="8597818158" visible="true" version="1" changeset="102378234" timestamp="2021-04-06T06:56:35Z" user="VLD261" uid="10979447" lat="23.1776346" lon="80.0717616"/>
 <node id="8597822356" visible="true" version="1" changeset="102378649" timestamp="2021-04-06T07:00:58Z" user="VLD261" uid="10979447" lat="23.1762270" lon="80.0683325"/>
 <node id="8598154691" visible="true" version="1" changeset="102386906" timestamp="2021-04-06T08:22:24Z" user="VLD144" uid="10797443" lat="23.2005405" lon="80.0754175"/>
 <node id="8599584111" visible="true" version="1" changeset="102417131" timestamp="2021-04-06T15:12:03Z" user="VLD251" uid="10979431" lat="23.1683896" lon="80.0618174"/>
 <node id="8599584112" visible="true" version="1" changeset="102417131" timestamp="2021-04-06T15:12:03Z" user="VLD251" uid="10979431" lat="23.1682879" lon="80.0614523"/>
 <node id="8599584113" visible="true" version="1" changeset="102417131" timestamp="2021-04-06T15:12:03Z" user="VLD251" uid="10979431" lat="23.1681397" lon="80.0611086"/>
 <node id="8599584114" visible="true" version="1" changeset="102417131" timestamp="2021-04-06T15:12:03Z" user="VLD251" uid="10979431" lat="23.1679773" lon="80.0608561"/>
 <node id="8599584115" visible="true" version="1" changeset="102417131" timestamp="2021-04-06T15:12:03Z" user="VLD251" uid="10979431" lat="23.1678005" lon="80.0606328"/>
 <node id="8599584116" visible="true" version="1" changeset="102417131" timestamp="2021-04-06T15:12:03Z" user="VLD251" uid="10979431" lat="23.1675042" lon="80.0603008"/>
 <node id="8599589617" visible="true" version="1" changeset="102417131" timestamp="2021-04-06T15:12:03Z" user="VLD251" uid="10979431" lat="23.1673506" lon="80.0601241"/>
 <node id="8599589618" visible="true" version="1" changeset="102417131" timestamp="2021-04-06T15:12:03Z" user="VLD251" uid="10979431" lat="23.1672150" lon="80.0599687"/>
 <node id="8599589619" visible="true" version="1" changeset="102417131" timestamp="2021-04-06T15:12:03Z" user="VLD251" uid="10979431" lat="23.1671203" lon="80.0598250"/>
 <node id="8599589620" visible="true" version="1" changeset="102417131" timestamp="2021-04-06T15:12:03Z" user="VLD251" uid="10979431" lat="23.1670186" lon="80.0596619"/>
 <node id="8599589621" visible="true" version="1" changeset="102417131" timestamp="2021-04-06T15:12:03Z" user="VLD251" uid="10979431" lat="23.1668990" lon="80.0594949"/>
 <node id="8599589622" visible="true" version="1" changeset="102417131" timestamp="2021-04-06T15:12:03Z" user="VLD251" uid="10979431" lat="23.1668115" lon="80.0593998"/>
 <node id="8599589623" visible="true" version="1" changeset="102417131" timestamp="2021-04-06T15:12:03Z" user="VLD251" uid="10979431" lat="23.1666794" lon="80.0592930"/>
 <node id="8599589624" visible="true" version="1" changeset="102417131" timestamp="2021-04-06T15:12:03Z" user="VLD251" uid="10979431" lat="23.1665758" lon="80.0592153"/>
 <node id="8599589625" visible="true" version="1" changeset="102417131" timestamp="2021-04-06T15:12:03Z" user="VLD251" uid="10979431" lat="23.1664669" lon="80.0591337"/>
 <node id="8599589626" visible="true" version="1" changeset="102417131" timestamp="2021-04-06T15:12:03Z" user="VLD251" uid="10979431" lat="23.1663866" lon="80.0590580"/>
 <node id="8599589627" visible="true" version="1" changeset="102417131" timestamp="2021-04-06T15:12:03Z" user="VLD251" uid="10979431" lat="23.1663134" lon="80.0589726"/>
 <node id="8599589628" visible="true" version="1" changeset="102417131" timestamp="2021-04-06T15:12:03Z" user="VLD251" uid="10979431" lat="23.1662616" lon="80.0588949"/>
 <node id="8599589629" visible="true" version="1" changeset="102417131" timestamp="2021-04-06T15:12:03Z" user="VLD251" uid="10979431" lat="23.1661688" lon="80.0587124"/>
 <node id="8599589630" visible="true" version="1" changeset="102417131" timestamp="2021-04-06T15:12:03Z" user="VLD251" uid="10979431" lat="23.1660563" lon="80.0584774"/>
 <node id="8599589631" visible="true" version="1" changeset="102417131" timestamp="2021-04-06T15:12:03Z" user="VLD251" uid="10979431" lat="23.1659260" lon="80.0581978"/>
 <node id="8599589632" visible="true" version="1" changeset="102417131" timestamp="2021-04-06T15:12:03Z" user="VLD251" uid="10979431" lat="23.1658564" lon="80.0580560"/>
 <node id="8599589633" visible="true" version="1" changeset="102417131" timestamp="2021-04-06T15:12:03Z" user="VLD251" uid="10979431" lat="23.1658028" lon="80.0579123"/>
 <node id="8599589634" visible="true" version="1" changeset="102417131" timestamp="2021-04-06T15:12:03Z" user="VLD251" uid="10979431" lat="23.1657725" lon="80.0578094"/>
 <node id="8599589635" visible="true" version="1" changeset="102417131" timestamp="2021-04-06T15:12:03Z" user="VLD251" uid="10979431" lat="23.1657653" lon="80.0577240"/>
 <node id="8599589636" visible="true" version="1" changeset="102417131" timestamp="2021-04-06T15:12:03Z" user="VLD251" uid="10979431" lat="23.1657743" lon="80.0576036"/>
 <node id="8599589637" visible="true" version="1" changeset="102417131" timestamp="2021-04-06T15:12:03Z" user="VLD251" uid="10979431" lat="23.1658314" lon="80.0574133"/>
 <node id="8599589638" visible="true" version="1" changeset="102417131" timestamp="2021-04-06T15:12:03Z" user="VLD251" uid="10979431" lat="23.1659117" lon="80.0572016"/>
 <node id="8599589639" visible="true" version="1" changeset="102417131" timestamp="2021-04-06T15:12:03Z" user="VLD251" uid="10979431" lat="23.1659260" lon="80.0571103"/>
 <node id="8599589640" visible="true" version="1" changeset="102417131" timestamp="2021-04-06T15:12:03Z" user="VLD251" uid="10979431" lat="23.1659278" lon="80.0566055"/>
 <node id="8599589641" visible="true" version="1" changeset="102417131" timestamp="2021-04-06T15:12:03Z" user="VLD251" uid="10979431" lat="23.1659224" lon="80.0562715"/>
 <node id="8599589642" visible="true" version="1" changeset="102417131" timestamp="2021-04-06T15:12:03Z" user="VLD251" uid="10979431" lat="23.1659099" lon="80.0559802"/>
 <node id="8599589643" visible="true" version="1" changeset="102417131" timestamp="2021-04-06T15:12:03Z" user="VLD251" uid="10979431" lat="23.1658921" lon="80.0558617"/>
 <node id="8599589644" visible="true" version="1" changeset="102417131" timestamp="2021-04-06T15:12:03Z" user="VLD251" uid="10979431" lat="23.1658367" lon="80.0557083"/>
 <node id="8599589645" visible="true" version="1" changeset="102417131" timestamp="2021-04-06T15:12:03Z" user="VLD251" uid="10979431" lat="23.1657475" lon="80.0555219"/>
 <node id="8599589646" visible="true" version="1" changeset="102417131" timestamp="2021-04-06T15:12:03Z" user="VLD251" uid="10979431" lat="23.1654940" lon="80.0551976"/>
 <node id="8599589647" visible="true" version="1" changeset="102417131" timestamp="2021-04-06T15:12:03Z" user="VLD251" uid="10979431" lat="23.1653735" lon="80.0550106"/>
 <node id="8599589648" visible="true" version="1" changeset="102417131" timestamp="2021-04-06T15:12:03Z" user="VLD251" uid="10979431" lat="23.1652179" lon="80.0547742"/>
 <node id="8599589649" visible="true" version="1" changeset="102417131" timestamp="2021-04-06T15:12:03Z" user="VLD251" uid="10979431" lat="23.1651362" lon="80.0546133"/>
 <node id="8599589650" visible="true" version="1" changeset="102417131" timestamp="2021-04-06T15:12:03Z" user="VLD251" uid="10979431" lat="23.1650745" lon="80.0544574"/>
 <node id="8599589651" visible="true" version="1" changeset="102417131" timestamp="2021-04-06T15:12:03Z" user="VLD251" uid="10979431" lat="23.1649975" lon="80.0542093"/>
 <node id="8599589652" visible="true" version="1" changeset="102417131" timestamp="2021-04-06T15:12:03Z" user="VLD251" uid="10979431" lat="23.1648618" lon="80.0538455"/>
 <node id="8599589653" visible="true" version="1" changeset="102417131" timestamp="2021-04-06T15:12:03Z" user="VLD251" uid="10979431" lat="23.1647925" lon="80.0537114"/>
 <node id="8599589654" visible="true" version="1" changeset="102417131" timestamp="2021-04-06T15:12:03Z" user="VLD251" uid="10979431" lat="23.1647262" lon="80.0535588"/>
 <node id="8599589655" visible="true" version="1" changeset="102417131" timestamp="2021-04-06T15:12:03Z" user="VLD251" uid="10979431" lat="23.1646445" lon="80.0533325"/>
 <node id="8599589656" visible="true" version="1" changeset="102417131" timestamp="2021-04-06T15:12:03Z" user="VLD251" uid="10979431" lat="23.1645859" lon="80.0531279"/>
 <node id="8599589657" visible="true" version="1" changeset="102417131" timestamp="2021-04-06T15:12:03Z" user="VLD251" uid="10979431" lat="23.1645536" lon="80.0529955"/>
 <node id="8599589658" visible="true" version="1" changeset="102417131" timestamp="2021-04-06T15:12:03Z" user="VLD251" uid="10979431" lat="23.1645289" lon="80.0528144"/>
 <node id="8599589659" visible="true" version="1" changeset="102417131" timestamp="2021-04-06T15:12:03Z" user="VLD251" uid="10979431" lat="23.1645228" lon="80.0526736"/>
 <node id="8599589660" visible="true" version="1" changeset="102417131" timestamp="2021-04-06T15:12:03Z" user="VLD251" uid="10979431" lat="23.1645274" lon="80.0525797"/>
 <node id="8599589661" visible="true" version="1" changeset="102417131" timestamp="2021-04-06T15:12:03Z" user="VLD251" uid="10979431" lat="23.1645412" lon="80.0524808"/>
 <node id="8599589662" visible="true" version="1" changeset="102417131" timestamp="2021-04-06T15:12:03Z" user="VLD251" uid="10979431" lat="23.1645875" lon="80.0523618"/>
 <node id="8599589663" visible="true" version="1" changeset="102417131" timestamp="2021-04-06T15:12:03Z" user="VLD251" uid="10979431" lat="23.1646291" lon="80.0522981"/>
 <node id="8599589664" visible="true" version="1" changeset="102417131" timestamp="2021-04-06T15:12:03Z" user="VLD251" uid="10979431" lat="23.1647324" lon="80.0522377"/>
 <node id="8599589665" visible="true" version="1" changeset="102417131" timestamp="2021-04-06T15:12:03Z" user="VLD251" uid="10979431" lat="23.1648048" lon="80.0521858"/>
 <node id="8599589666" visible="true" version="1" changeset="102417131" timestamp="2021-04-06T15:12:03Z" user="VLD251" uid="10979431" lat="23.1649127" lon="80.0520902"/>
 <node id="8599589667" visible="true" version="1" changeset="102417131" timestamp="2021-04-06T15:12:03Z" user="VLD251" uid="10979431" lat="23.1650237" lon="80.0518974"/>
 <node id="8599589668" visible="true" version="1" changeset="102417131" timestamp="2021-04-06T15:12:03Z" user="VLD251" uid="10979431" lat="23.1651531" lon="80.0516828"/>
 <node id="8599589669" visible="true" version="1" changeset="102417131" timestamp="2021-04-06T15:12:03Z" user="VLD251" uid="10979431" lat="23.1652148" lon="80.0516107"/>
 <node id="8599589670" visible="true" version="1" changeset="102417131" timestamp="2021-04-06T15:12:03Z" user="VLD251" uid="10979431" lat="23.1652703" lon="80.0515621"/>
 <node id="8599589671" visible="true" version="1" changeset="102417131" timestamp="2021-04-06T15:12:03Z" user="VLD251" uid="10979431" lat="23.1653227" lon="80.0515353"/>
 <node id="8599589672" visible="true" version="1" changeset="102417131" timestamp="2021-04-06T15:12:03Z" user="VLD251" uid="10979431" lat="23.1653797" lon="80.0515219"/>
 <node id="8599589673" visible="true" version="1" changeset="102417131" timestamp="2021-04-06T15:12:03Z" user="VLD251" uid="10979431" lat="23.1655200" lon="80.0515102"/>
 <node id="8599589674" visible="true" version="1" changeset="102417131" timestamp="2021-04-06T15:12:03Z" user="VLD251" uid="10979431" lat="23.1656941" lon="80.0515068"/>
 <node id="8599589675" visible="true" version="1" changeset="102417131" timestamp="2021-04-06T15:12:03Z" user="VLD251" uid="10979431" lat="23.1657727" lon="80.0514967"/>
 <node id="8599589676" visible="true" version="1" changeset="102417131" timestamp="2021-04-06T15:12:03Z" user="VLD251" uid="10979431" lat="23.1658329" lon="80.0514733"/>
 <node id="8599589677" visible="true" version="1" changeset="102417131" timestamp="2021-04-06T15:12:03Z" user="VLD251" uid="10979431" lat="23.1659315" lon="80.0514196"/>
 <node id="8599589678" visible="true" version="1" changeset="102417131" timestamp="2021-04-06T15:12:03Z" user="VLD251" uid="10979431" lat="23.1661473" lon="80.0512386"/>
 <node id="8599589679" visible="true" version="2" changeset="102444571" timestamp="2021-04-07T04:42:07Z" user="VLD122" uid="9124227" lat="23.1663420" lon="80.0510891"/>
 <node id="8599589680" visible="true" version="1" changeset="102417131" timestamp="2021-04-06T15:12:03Z" user="VLD251" uid="10979431" lat="23.1664447" lon="80.0510642"/>
 <node id="8599589681" visible="true" version="1" changeset="102417131" timestamp="2021-04-06T15:12:03Z" user="VLD251" uid="10979431" lat="23.1665742" lon="80.0509921"/>
 <node id="8599589682" visible="true" version="1" changeset="102417131" timestamp="2021-04-06T15:12:03Z" user="VLD251" uid="10979431" lat="23.1667391" lon="80.0508915"/>
 <node id="8599589683" visible="true" version="1" changeset="102417131" timestamp="2021-04-06T15:12:03Z" user="VLD251" uid="10979431" lat="23.1670077" lon="80.0506739"/>
 <node id="8599589684" visible="true" version="1" changeset="102417131" timestamp="2021-04-06T15:12:03Z" user="VLD251" uid="10979431" lat="23.1671706" lon="80.0504838"/>
 <node id="8599589685" visible="true" version="1" changeset="102417131" timestamp="2021-04-06T15:12:03Z" user="VLD251" uid="10979431" lat="23.1674173" lon="80.0501685"/>
 <node id="8599589686" visible="true" version="1" changeset="102417131" timestamp="2021-04-06T15:12:03Z" user="VLD251" uid="10979431" lat="23.1675730" lon="80.0499549"/>
 <node id="8599589687" visible="true" version="1" changeset="102417131" timestamp="2021-04-06T15:12:03Z" user="VLD251" uid="10979431" lat="23.1677526" lon="80.0497387"/>
 <node id="8599589688" visible="true" version="1" changeset="102417131" timestamp="2021-04-06T15:12:03Z" user="VLD251" uid="10979431" lat="23.1679658" lon="80.0495016"/>
 <node id="8599589689" visible="true" version="1" changeset="102417131" timestamp="2021-04-06T15:12:03Z" user="VLD251" uid="10979431" lat="23.1682531" lon="80.0491120"/>
 <node id="8599589690" visible="true" version="1" changeset="102417131" timestamp="2021-04-06T15:12:03Z" user="VLD251" uid="10979431" lat="23.1659740" lon="80.0447140"/>
 <node id="8599589691" visible="true" version="1" changeset="102417131" timestamp="2021-04-06T15:12:03Z" user="VLD251" uid="10979431" lat="23.1660111" lon="80.0449252"/>
 <node id="8599589692" visible="true" version="1" changeset="102417131" timestamp="2021-04-06T15:12:03Z" user="VLD251" uid="10979431" lat="23.1660841" lon="80.0455263"/>
 <node id="8599589693" visible="true" version="1" changeset="102417131" timestamp="2021-04-06T15:12:03Z" user="VLD251" uid="10979431" lat="23.1661323" lon="80.0460414"/>
 <node id="8599589694" visible="true" version="1" changeset="102417131" timestamp="2021-04-06T15:12:03Z" user="VLD251" uid="10979431" lat="23.1661496" lon="80.0464502"/>
 <node id="8599589695" visible="true" version="1" changeset="102417131" timestamp="2021-04-06T15:12:03Z" user="VLD251" uid="10979431" lat="23.1661471" lon="80.0471953"/>
 <node id="8599589696" visible="true" version="1" changeset="102417131" timestamp="2021-04-06T15:12:03Z" user="VLD251" uid="10979431" lat="23.1661372" lon="80.0476713"/>
 <node id="8599589697" visible="true" version="1" changeset="102417131" timestamp="2021-04-06T15:12:03Z" user="VLD251" uid="10979431" lat="23.1660964" lon="80.0480492"/>
 <node id="8599589698" visible="true" version="1" changeset="102417131" timestamp="2021-04-06T15:12:03Z" user="VLD251" uid="10979431" lat="23.1660692" lon="80.0484823"/>
 <node id="8599589699" visible="true" version="1" changeset="102417131" timestamp="2021-04-06T15:12:03Z" user="VLD251" uid="10979431" lat="23.1660680" lon="80.0486786"/>
 <node id="8599589700" visible="true" version="1" changeset="102417131" timestamp="2021-04-06T15:12:03Z" user="VLD251" uid="10979431" lat="23.1661014" lon="80.0490673"/>
 <node id="8599589701" visible="true" version="1" changeset="102417131" timestamp="2021-04-06T15:12:03Z" user="VLD251" uid="10979431" lat="23.1661249" lon="80.0494532"/>
 <node id="8599589702" visible="true" version="1" changeset="102417131" timestamp="2021-04-06T15:12:03Z" user="VLD251" uid="10979431" lat="23.1661793" lon="80.0501727"/>
 <node id="8599589703" visible="true" version="1" changeset="102417131" timestamp="2021-04-06T15:12:03Z" user="VLD251" uid="10979431" lat="23.1662287" lon="80.0506151"/>
 <node id="8599589704" visible="true" version="1" changeset="102417131" timestamp="2021-04-06T15:12:03Z" user="VLD251" uid="10979431" lat="23.1662930" lon="80.0509043"/>
 <node id="8599589705" visible="true" version="1" changeset="102417131" timestamp="2021-04-06T15:12:03Z" user="VLD251" uid="10979431" lat="23.1664364" lon="80.0512687"/>
 <node id="8599589706" visible="true" version="1" changeset="102417131" timestamp="2021-04-06T15:12:03Z" user="VLD251" uid="10979431" lat="23.1665217" lon="80.0515068"/>
 <node id="8599589707" visible="true" version="1" changeset="102417131" timestamp="2021-04-06T15:12:03Z" user="VLD251" uid="10979431" lat="23.1665675" lon="80.0515996"/>
 <node id="8599589708" visible="true" version="1" changeset="102417131" timestamp="2021-04-06T15:12:03Z" user="VLD251" uid="10979431" lat="23.1666145" lon="80.0516614"/>
 <node id="8599589709" visible="true" version="1" changeset="102417131" timestamp="2021-04-06T15:12:03Z" user="VLD251" uid="10979431" lat="23.1667233" lon="80.0517569"/>
 <node id="8599589710" visible="true" version="1" changeset="102417131" timestamp="2021-04-06T15:12:03Z" user="VLD251" uid="10979431" lat="23.1667913" lon="80.0518174"/>
 <node id="8599589711" visible="true" version="1" changeset="102417131" timestamp="2021-04-06T15:12:03Z" user="VLD251" uid="10979431" lat="23.1668383" lon="80.0518887"/>
 <node id="8599589712" visible="true" version="1" changeset="102417131" timestamp="2021-04-06T15:12:03Z" user="VLD251" uid="10979431" lat="23.1669063" lon="80.0520339"/>
 <node id="8599589713" visible="true" version="1" changeset="102417131" timestamp="2021-04-06T15:12:03Z" user="VLD251" uid="10979431" lat="23.1669421" lon="80.0521644"/>
 <node id="8599589714" visible="true" version="1" changeset="102417131" timestamp="2021-04-06T15:12:03Z" user="VLD251" uid="10979431" lat="23.1669520" lon="80.0523513"/>
 <node id="8599589715" visible="true" version="1" changeset="102417131" timestamp="2021-04-06T15:12:03Z" user="VLD251" uid="10979431" lat="23.1669384" lon="80.0524845"/>
 <node id="8599589716" visible="true" version="1" changeset="102417131" timestamp="2021-04-06T15:12:03Z" user="VLD251" uid="10979431" lat="23.1669050" lon="80.0526068"/>
 <node id="8599589717" visible="true" version="1" changeset="102417131" timestamp="2021-04-06T15:12:03Z" user="VLD251" uid="10979431" lat="23.1668296" lon="80.0527588"/>
 <node id="8599589718" visible="true" version="1" changeset="102417131" timestamp="2021-04-06T15:12:03Z" user="VLD251" uid="10979431" lat="23.1667962" lon="80.0528287"/>
 <node id="8599589719" visible="true" version="1" changeset="102417131" timestamp="2021-04-06T15:12:03Z" user="VLD251" uid="10979431" lat="23.1667777" lon="80.0528771"/>
 <node id="8599589720" visible="true" version="1" changeset="102417131" timestamp="2021-04-06T15:12:03Z" user="VLD251" uid="10979431" lat="23.1667591" lon="80.0529941"/>
 <node id="8599589721" visible="true" version="1" changeset="102417131" timestamp="2021-04-06T15:12:03Z" user="VLD251" uid="10979431" lat="23.1667295" lon="80.0532497"/>
 <node id="8599589722" visible="true" version="1" changeset="102417131" timestamp="2021-04-06T15:12:03Z" user="VLD251" uid="10979431" lat="23.1666738" lon="80.0536222"/>
 <node id="8599589723" visible="true" version="1" changeset="102417131" timestamp="2021-04-06T15:12:03Z" user="VLD251" uid="10979431" lat="23.1666528" lon="80.0537499"/>
 <node id="8599589724" visible="true" version="1" changeset="102417131" timestamp="2021-04-06T15:12:03Z" user="VLD251" uid="10979431" lat="23.1666551" lon="80.0538121"/>
 <node id="8599589725" visible="true" version="1" changeset="102417131" timestamp="2021-04-06T15:12:03Z" user="VLD251" uid="10979431" lat="23.1666825" lon="80.0538844"/>
 <node id="8599589726" visible="true" version="1" changeset="102417131" timestamp="2021-04-06T15:12:03Z" user="VLD251" uid="10979431" lat="23.1667517" lon="80.0540270"/>
 <node id="8599589727" visible="true" version="1" changeset="102417131" timestamp="2021-04-06T15:12:03Z" user="VLD251" uid="10979431" lat="23.1667999" lon="80.0541655"/>
 <node id="8599589728" visible="true" version="1" changeset="102417131" timestamp="2021-04-06T15:12:03Z" user="VLD251" uid="10979431" lat="23.1668234" lon="80.0542785"/>
 <node id="8599589729" visible="true" version="1" changeset="102417131" timestamp="2021-04-06T15:12:03Z" user="VLD251" uid="10979431" lat="23.1668321" lon="80.0544183"/>
 <node id="8599589730" visible="true" version="1" changeset="102417131" timestamp="2021-04-06T15:12:03Z" user="VLD251" uid="10979431" lat="23.1668308" lon="80.0546738"/>
 <node id="8599589731" visible="true" version="1" changeset="102417131" timestamp="2021-04-06T15:12:03Z" user="VLD251" uid="10979431" lat="23.1668383" lon="80.0547088"/>
 <node id="8599589732" visible="true" version="1" changeset="102417131" timestamp="2021-04-06T15:12:03Z" user="VLD251" uid="10979431" lat="23.1668778" lon="80.0547949"/>
 <node id="8599589733" visible="true" version="1" changeset="102417131" timestamp="2021-04-06T15:12:03Z" user="VLD251" uid="10979431" lat="23.1669199" lon="80.0548863"/>
 <node id="8599589734" visible="true" version="1" changeset="102417131" timestamp="2021-04-06T15:12:03Z" user="VLD251" uid="10979431" lat="23.1669359" lon="80.0549630"/>
 <node id="8599589735" visible="true" version="1" changeset="102417131" timestamp="2021-04-06T15:12:03Z" user="VLD251" uid="10979431" lat="23.1669384" lon="80.0551163"/>
 <node id="8599589736" visible="true" version="1" changeset="102417131" timestamp="2021-04-06T15:12:03Z" user="VLD251" uid="10979431" lat="23.1669285" lon="80.0555587"/>
 <node id="8599589737" visible="true" version="1" changeset="102417131" timestamp="2021-04-06T15:12:03Z" user="VLD251" uid="10979431" lat="23.1669324" lon="80.0556525"/>
 <node id="8599589753" visible="true" version="1" changeset="102417131" timestamp="2021-04-06T15:12:03Z" user="VLD251" uid="10979431" lat="23.1658703" lon="80.0558014"/>
 <node id="8599589760" visible="true" version="1" changeset="102417131" timestamp="2021-04-06T15:12:03Z" user="VLD251" uid="10979431" lat="23.1668873" lon="80.0519935"/>
 <node id="8599589773" visible="true" version="1" changeset="102417131" timestamp="2021-04-06T15:12:03Z" user="VLD251" uid="10979431" lat="23.1648816" lon="80.0521332"/>
 <node id="8599589783" visible="true" version="1" changeset="102417131" timestamp="2021-04-06T15:12:03Z" user="VLD251" uid="10979431" lat="23.1645688" lon="80.0530576"/>
 <node id="8599589812" visible="true" version="1" changeset="102417131" timestamp="2021-04-06T15:12:03Z" user="VLD251" uid="10979431" lat="23.1659314" lon="80.0569628"/>
 <node id="8599589822" visible="true" version="2" changeset="102417592" timestamp="2021-04-06T15:20:07Z" user="VLD251" uid="10979431" lat="23.1646697" lon="80.0522637"/>
 <node id="8599589828" visible="true" version="1" changeset="102417131" timestamp="2021-04-06T15:12:03Z" user="VLD251" uid="10979431" lat="23.1659133" lon="80.0560588"/>
 <node id="8599611915" visible="true" version="1" changeset="102417592" timestamp="2021-04-06T15:20:07Z" user="VLD251" uid="10979431" lat="23.1665028" lon="80.0514541"/>
 <node id="8601050987" visible="true" version="1" changeset="102444571" timestamp="2021-04-07T04:42:07Z" user="VLD122" uid="9124227" lat="23.1663530" lon="80.0511101"/>
 <node id="8601050988" visible="true" version="1" changeset="102444571" timestamp="2021-04-07T04:42:07Z" user="VLD122" uid="9124227" lat="23.1663111" lon="80.0511334"/>
 <node id="8601050989" visible="true" version="1" changeset="102444571" timestamp="2021-04-07T04:42:07Z" user="VLD122" uid="9124227" lat="23.1663388" lon="80.0510307"/>
 <node id="8601131610" visible="true" version="1" changeset="102447688" timestamp="2021-04-07T05:29:13Z" user="VLD149" uid="10979429" lat="23.1697922" lon="79.9953357"/>
 <node id="8601131611" visible="true" version="1" changeset="102447688" timestamp="2021-04-07T05:29:13Z" user="VLD149" uid="10979429" lat="23.1695399" lon="79.9952082"/>
 <node id="8601131612" visible="true" version="1" changeset="102447688" timestamp="2021-04-07T05:29:13Z" user="VLD149" uid="10979429" lat="23.1693649" lon="79.9951718"/>
 <node id="8601131613" visible="true" version="1" changeset="102447688" timestamp="2021-04-07T05:29:13Z" user="VLD149" uid="10979429" lat="23.1689725" lon="79.9951626"/>
 <node id="8601131614" visible="true" version="1" changeset="102447688" timestamp="2021-04-07T05:29:13Z" user="VLD149" uid="10979429" lat="23.1686775" lon="79.9952699"/>
 <node id="8601131615" visible="true" version="1" changeset="102447688" timestamp="2021-04-07T05:29:13Z" user="VLD149" uid="10979429" lat="23.1687159" lon="79.9952422"/>
 <node id="8601131616" visible="true" version="1" changeset="102447688" timestamp="2021-04-07T05:29:13Z" user="VLD149" uid="10979429" lat="23.1686467" lon="79.9953039"/>
 <node id="8601176417" visible="true" version="1" changeset="102447688" timestamp="2021-04-07T05:29:13Z" user="VLD149" uid="10979429" lat="23.1685785" lon="79.9955684"/>
 <node id="8601176418" visible="true" version="1" changeset="102447688" timestamp="2021-04-07T05:29:13Z" user="VLD149" uid="10979429" lat="23.1687298" lon="79.9960881"/>
 <node id="8601176419" visible="true" version="1" changeset="102447688" timestamp="2021-04-07T05:29:13Z" user="VLD149" uid="10979429" lat="23.1687932" lon="79.9962266"/>
 <node id="8601176420" visible="true" version="1" changeset="102447688" timestamp="2021-04-07T05:29:13Z" user="VLD149" uid="10979429" lat="23.1688640" lon="79.9963250"/>
 <node id="8601176424" visible="true" version="1" changeset="102447688" timestamp="2021-04-07T05:29:13Z" user="VLD149" uid="10979429" lat="23.1685880" lon="79.9954399"/>
 <node id="8601225670" visible="true" version="2" changeset="102454441" timestamp="2021-04-07T06:58:33Z" user="VLD149" uid="10979429" lat="23.1691465" lon="79.9965665"/>
 <node id="8601225671" visible="true" version="1" changeset="102449641" timestamp="2021-04-07T05:57:40Z" user="VLD149" uid="10979429" lat="23.1699260" lon="79.9972028"/>
 <node id="8601225672" visible="true" version="1" changeset="102449641" timestamp="2021-04-07T05:57:40Z" user="VLD149" uid="10979429" lat="23.1700107" lon="79.9973130"/>
 <node id="8601225673" visible="true" version="1" changeset="102449641" timestamp="2021-04-07T05:57:40Z" user="VLD149" uid="10979429" lat="23.1711560" lon="80.0015130"/>
 <node id="8601225674" visible="true" version="2" changeset="102465006" timestamp="2021-04-07T08:55:46Z" user="VLD149" uid="10979429" lat="23.1711611" lon="80.0034899"/>
 <node id="8601225675" visible="true" version="2" changeset="102465006" timestamp="2021-04-07T08:55:46Z" user="VLD149" uid="10979429" lat="23.1711770" lon="80.0036319"/>
 <node id="8601225676" visible="true" version="1" changeset="102449641" timestamp="2021-04-07T05:57:40Z" user="VLD149" uid="10979429" lat="23.1718265" lon="80.0052387"/>
 <node id="8601225677" visible="true" version="1" changeset="102449641" timestamp="2021-04-07T05:57:40Z" user="VLD149" uid="10979429" lat="23.1718643" lon="80.0053615"/>
 <node id="8601225678" visible="true" version="1" changeset="102449641" timestamp="2021-04-07T05:57:40Z" user="VLD149" uid="10979429" lat="23.1717130" lon="80.0070359"/>
 <node id="8601225679" visible="true" version="3" changeset="137575004" timestamp="2023-06-20T18:26:18Z" user="Sal73x" uid="1293386" lat="23.1717313" lon="80.0072123"/>
 <node id="8601225680" visible="true" version="2" changeset="137575004" timestamp="2023-06-20T18:26:18Z" user="Sal73x" uid="1293386" lat="23.1719120" lon="80.0078709"/>
 <node id="8601225683" visible="true" version="3" changeset="137575004" timestamp="2023-06-20T18:26:18Z" user="Sal73x" uid="1293386" lat="23.1725063" lon="80.0104510"/>
 <node id="8601225689" visible="true" version="1" changeset="102449641" timestamp="2021-04-07T05:57:40Z" user="VLD149" uid="10979429" lat="23.1753791" lon="80.0171150"/>
 <node id="8601225690" visible="true" version="1" changeset="102449641" timestamp="2021-04-07T05:57:40Z" user="VLD149" uid="10979429" lat="23.1753582" lon="80.0171591"/>
 <node id="8601225691" visible="true" version="1" changeset="102449641" timestamp="2021-04-07T05:57:40Z" user="VLD149" uid="10979429" lat="23.1763047" lon="80.0168042"/>
 <node id="8601225692" visible="true" version="1" changeset="102449641" timestamp="2021-04-07T05:57:40Z" user="VLD149" uid="10979429" lat="23.1763426" lon="80.0168288"/>
 <node id="8601225693" visible="true" version="1" changeset="102449641" timestamp="2021-04-07T05:57:40Z" user="VLD149" uid="10979429" lat="23.1769027" lon="80.0188337"/>
 <node id="8601225694" visible="true" version="1" changeset="102449641" timestamp="2021-04-07T05:57:40Z" user="VLD149" uid="10979429" lat="23.1767142" lon="80.0183502"/>
 <node id="8601225695" visible="true" version="2" changeset="137575004" timestamp="2023-06-20T18:26:18Z" user="Sal73x" uid="1293386" lat="23.1767596" lon="80.0150165"/>
 <node id="8601225696" visible="true" version="1" changeset="102449641" timestamp="2021-04-07T05:57:40Z" user="VLD149" uid="10979429" lat="23.1767383" lon="80.0153644"/>
 <node id="8601225697" visible="true" version="1" changeset="102449641" timestamp="2021-04-07T05:57:40Z" user="VLD149" uid="10979429" lat="23.1766866" lon="80.0154985"/>
 <node id="8601225698" visible="true" version="1" changeset="102449641" timestamp="2021-04-07T05:57:40Z" user="VLD149" uid="10979429" lat="23.1766077" lon="80.0156353"/>
 <node id="8601225699" visible="true" version="1" changeset="102449641" timestamp="2021-04-07T05:57:40Z" user="VLD149" uid="10979429" lat="23.1765781" lon="80.0157050"/>
 <node id="8601225700" visible="true" version="1" changeset="102449641" timestamp="2021-04-07T05:57:40Z" user="VLD149" uid="10979429" lat="23.1765682" lon="80.0157720"/>
 <node id="8601225701" visible="true" version="1" changeset="102449641" timestamp="2021-04-07T05:57:40Z" user="VLD149" uid="10979429" lat="23.1765830" lon="80.0158284"/>
 <node id="8601225702" visible="true" version="1" changeset="102449641" timestamp="2021-04-07T05:57:40Z" user="VLD149" uid="10979429" lat="23.1766200" lon="80.0158713"/>
 <node id="8601225703" visible="true" version="1" changeset="102449641" timestamp="2021-04-07T05:57:40Z" user="VLD149" uid="10979429" lat="23.1766940" lon="80.0159088"/>
 <node id="8601225704" visible="true" version="1" changeset="102449641" timestamp="2021-04-07T05:57:40Z" user="VLD149" uid="10979429" lat="23.1768641" lon="80.0159598"/>
 <node id="8601225705" visible="true" version="1" changeset="102449641" timestamp="2021-04-07T05:57:40Z" user="VLD149" uid="10979429" lat="23.1769652" lon="80.0159625"/>
 <node id="8601225706" visible="true" version="1" changeset="102449641" timestamp="2021-04-07T05:57:40Z" user="VLD149" uid="10979429" lat="23.1770515" lon="80.0159518"/>
 <node id="8601225707" visible="true" version="2" changeset="137575004" timestamp="2023-06-20T18:26:18Z" user="Sal73x" uid="1293386" lat="23.1773620" lon="80.0158650"/>
 <node id="8601225708" visible="true" version="2" changeset="137575004" timestamp="2023-06-20T18:26:18Z" user="Sal73x" uid="1293386" lat="23.1764241" lon="80.0148061"/>
 <node id="8601225709" visible="true" version="1" changeset="102449641" timestamp="2021-04-07T05:57:40Z" user="VLD149" uid="10979429" lat="23.1763037" lon="80.0151082"/>
 <node id="8601225710" visible="true" version="1" changeset="102449641" timestamp="2021-04-07T05:57:40Z" user="VLD149" uid="10979429" lat="23.1762672" lon="80.0151666"/>
 <node id="8601225711" visible="true" version="1" changeset="102449641" timestamp="2021-04-07T05:57:40Z" user="VLD149" uid="10979429" lat="23.1762243" lon="80.0151969"/>
 <node id="8601225712" visible="true" version="1" changeset="102449641" timestamp="2021-04-07T05:57:40Z" user="VLD149" uid="10979429" lat="23.1761663" lon="80.0152226"/>
 <node id="8601225713" visible="true" version="1" changeset="102449641" timestamp="2021-04-07T05:57:40Z" user="VLD149" uid="10979429" lat="23.1760785" lon="80.0152357"/>
 <node id="8601225714" visible="true" version="1" changeset="102449641" timestamp="2021-04-07T05:57:40Z" user="VLD149" uid="10979429" lat="23.1757758" lon="80.0152418"/>
 <node id="8601440884" visible="true" version="1" changeset="102454441" timestamp="2021-04-07T06:58:33Z" user="VLD149" uid="10979429" lat="23.1681370" lon="79.9996217"/>
 <node id="8601440886" visible="true" version="2" changeset="102463779" timestamp="2021-04-07T08:44:34Z" user="VLD149" uid="10979429" lat="23.1705284" lon="80.0047382"/>
 <node id="8601440887" visible="true" version="1" changeset="102454441" timestamp="2021-04-07T06:58:33Z" user="VLD149" uid="10979429" lat="23.1701648" lon="80.0046411"/>
 <node id="8601440888" visible="true" version="1" changeset="102454441" timestamp="2021-04-07T06:58:33Z" user="VLD149" uid="10979429" lat="23.1696409" lon="80.0044500"/>
 <node id="8601440889" visible="true" version="1" changeset="102454441" timestamp="2021-04-07T06:58:33Z" user="VLD149" uid="10979429" lat="23.1693517" lon="80.0043330"/>
 <node id="8601440890" visible="true" version="1" changeset="102454441" timestamp="2021-04-07T06:58:33Z" user="VLD149" uid="10979429" lat="23.1692802" lon="80.0042847"/>
 <node id="8601440891" visible="true" version="1" changeset="102454441" timestamp="2021-04-07T06:58:33Z" user="VLD149" uid="10979429" lat="23.1692309" lon="80.0042391"/>
 <node id="8601440892" visible="true" version="1" changeset="102454441" timestamp="2021-04-07T06:58:33Z" user="VLD149" uid="10979429" lat="23.1691964" lon="80.0042070"/>
 <node id="8601440893" visible="true" version="1" changeset="102454441" timestamp="2021-04-07T06:58:33Z" user="VLD149" uid="10979429" lat="23.1691397" lon="80.0041828"/>
 <node id="8601440894" visible="true" version="1" changeset="102454441" timestamp="2021-04-07T06:58:33Z" user="VLD149" uid="10979429" lat="23.1689744" lon="80.0041265"/>
 <node id="8601440895" visible="true" version="1" changeset="102454441" timestamp="2021-04-07T06:58:33Z" user="VLD149" uid="10979429" lat="23.1685552" lon="80.0039870"/>
 <node id="8601440896" visible="true" version="1" changeset="102454441" timestamp="2021-04-07T06:58:33Z" user="VLD149" uid="10979429" lat="23.1681767" lon="80.0038609"/>
 <node id="8601440897" visible="true" version="1" changeset="102454441" timestamp="2021-04-07T06:58:33Z" user="VLD149" uid="10979429" lat="23.1681299" lon="80.0038542"/>
 <node id="8601440898" visible="true" version="1" changeset="102454441" timestamp="2021-04-07T06:58:33Z" user="VLD149" uid="10979429" lat="23.1680621" lon="80.0038556"/>
 <node id="8601440899" visible="true" version="1" changeset="102454441" timestamp="2021-04-07T06:58:33Z" user="VLD149" uid="10979429" lat="23.1679832" lon="80.0038341"/>
 <node id="8601440900" visible="true" version="1" changeset="102454441" timestamp="2021-04-07T06:58:33Z" user="VLD149" uid="10979429" lat="23.1674776" lon="80.0036517"/>
 <node id="8601440901" visible="true" version="1" changeset="102454441" timestamp="2021-04-07T06:58:33Z" user="VLD149" uid="10979429" lat="23.1674481" lon="80.0036330"/>
 <node id="8601440902" visible="true" version="1" changeset="102454441" timestamp="2021-04-07T06:58:33Z" user="VLD149" uid="10979429" lat="23.1674308" lon="80.0035954"/>
 <node id="8601440903" visible="true" version="1" changeset="102454441" timestamp="2021-04-07T06:58:33Z" user="VLD149" uid="10979429" lat="23.1674357" lon="80.0035525"/>
 <node id="8601440904" visible="true" version="2" changeset="102455182" timestamp="2021-04-07T07:07:35Z" user="VLD149" uid="10979429" lat="23.1675467" lon="80.0031609"/>
 <node id="8601440905" visible="true" version="1" changeset="102454441" timestamp="2021-04-07T06:58:33Z" user="VLD149" uid="10979429" lat="23.1676182" lon="80.0028739"/>
 <node id="8601440906" visible="true" version="1" changeset="102454441" timestamp="2021-04-07T06:58:33Z" user="VLD149" uid="10979429" lat="23.1676478" lon="80.0025708"/>
 <node id="8601440907" visible="true" version="1" changeset="102454441" timestamp="2021-04-07T06:58:33Z" user="VLD149" uid="10979429" lat="23.1677045" lon="80.0020612"/>
 <node id="8601440908" visible="true" version="1" changeset="102454441" timestamp="2021-04-07T06:58:33Z" user="VLD149" uid="10979429" lat="23.1678179" lon="80.0014604"/>
 <node id="8601440909" visible="true" version="1" changeset="102454441" timestamp="2021-04-07T06:58:33Z" user="VLD149" uid="10979429" lat="23.1678648" lon="80.0011761"/>
 <node id="8601440910" visible="true" version="1" changeset="102454441" timestamp="2021-04-07T06:58:33Z" user="VLD149" uid="10979429" lat="23.1679724" lon="80.0005129"/>
 <node id="8601440912" visible="true" version="1" changeset="102454441" timestamp="2021-04-07T06:58:33Z" user="VLD149" uid="10979429" lat="23.1685891" lon="79.9956553"/>
 <node id="8601440913" visible="true" version="1" changeset="102454441" timestamp="2021-04-07T06:58:33Z" user="VLD149" uid="10979429" lat="23.1696033" lon="79.9969283"/>
 <node id="8601440914" visible="true" version="1" changeset="102454441" timestamp="2021-04-07T06:58:33Z" user="VLD149" uid="10979429" lat="23.1693963" lon="79.9979508"/>
 <node id="8601440915" visible="true" version="2" changeset="102457483" timestamp="2021-04-07T07:34:33Z" user="VLD149" uid="10979429" lat="23.1691891" lon="79.9991846"/>
 <node id="8601440916" visible="true" version="1" changeset="102454441" timestamp="2021-04-07T06:58:33Z" user="VLD149" uid="10979429" lat="23.1690437" lon="79.9999115"/>
 <node id="8601441517" visible="true" version="1" changeset="102454441" timestamp="2021-04-07T06:58:33Z" user="VLD149" uid="10979429" lat="23.1688982" lon="80.0007698"/>
 <node id="8601441518" visible="true" version="1" changeset="102454441" timestamp="2021-04-07T06:58:33Z" user="VLD149" uid="10979429" lat="23.1687922" lon="80.0014726"/>
 <node id="8601441519" visible="true" version="1" changeset="102454441" timestamp="2021-04-07T06:58:33Z" user="VLD149" uid="10979429" lat="23.1686787" lon="80.0021297"/>
 <node id="8601441520" visible="true" version="1" changeset="102454441" timestamp="2021-04-07T06:58:33Z" user="VLD149" uid="10979429" lat="23.1685752" lon="80.0026044"/>
 <node id="8601441521" visible="true" version="1" changeset="102454441" timestamp="2021-04-07T06:58:33Z" user="VLD149" uid="10979429" lat="23.1685135" lon="80.0028539"/>
 <node id="8601441522" visible="true" version="1" changeset="102454441" timestamp="2021-04-07T06:58:33Z" user="VLD149" uid="10979429" lat="23.1684519" lon="80.0030631"/>
 <node id="8601441555" visible="true" version="1" changeset="102454441" timestamp="2021-04-07T06:58:33Z" user="VLD149" uid="10979429" lat="23.1691497" lon="79.9993731"/>
 <node id="8601562229" visible="true" version="1" changeset="102457483" timestamp="2021-04-07T07:34:33Z" user="VLD149" uid="10979429" lat="23.1704968" lon="79.9988767"/>
 <node id="8601562234" visible="true" version="1" changeset="102457483" timestamp="2021-04-07T07:34:33Z" user="VLD149" uid="10979429" lat="23.1687313" lon="80.0054614"/>
 <node id="8601562235" visible="true" version="2" changeset="102465694" timestamp="2021-04-07T09:02:57Z" user="VLD149" uid="10979429" lat="23.1683145" lon="80.0052804"/>
 <node id="8601562236" visible="true" version="1" changeset="102457483" timestamp="2021-04-07T07:34:33Z" user="VLD149" uid="10979429" lat="23.1680705" lon="80.0042410"/>
 <node id="8601562237" visible="true" version="1" changeset="102457483" timestamp="2021-04-07T07:34:33Z" user="VLD149" uid="10979429" lat="23.1684881" lon="80.0043458"/>
 <node id="8601562238" visible="true" version="1" changeset="102457483" timestamp="2021-04-07T07:34:33Z" user="VLD149" uid="10979429" lat="23.1689138" lon="80.0044593"/>
 <node id="8601562239" visible="true" version="1" changeset="102457483" timestamp="2021-04-07T07:34:33Z" user="VLD149" uid="10979429" lat="23.1680088" lon="80.0045388"/>
 <node id="8601562240" visible="true" version="1" changeset="102457483" timestamp="2021-04-07T07:34:33Z" user="VLD149" uid="10979429" lat="23.1684279" lon="80.0046675"/>
 <node id="8601562241" visible="true" version="1" changeset="102457483" timestamp="2021-04-07T07:34:33Z" user="VLD149" uid="10979429" lat="23.1688573" lon="80.0047695"/>
 <node id="8601562242" visible="true" version="1" changeset="102457483" timestamp="2021-04-07T07:34:33Z" user="VLD149" uid="10979429" lat="23.1679595" lon="80.0048606"/>
 <node id="8601562243" visible="true" version="1" changeset="102457483" timestamp="2021-04-07T07:34:33Z" user="VLD149" uid="10979429" lat="23.1683702" lon="80.0049762"/>
 <node id="8601562244" visible="true" version="1" changeset="102457483" timestamp="2021-04-07T07:34:33Z" user="VLD149" uid="10979429" lat="23.1688009" lon="80.0050796"/>
 <node id="8601607691" visible="true" version="1" changeset="102458727" timestamp="2021-04-07T07:50:15Z" user="VLD149" uid="10979429" lat="23.1718655" lon="80.0109503"/>
 <node id="8601607692" visible="true" version="1" changeset="102458727" timestamp="2021-04-07T07:50:15Z" user="VLD149" uid="10979429" lat="23.1708784" lon="80.0117060"/>
 <node id="8601607693" visible="true" version="1" changeset="102458727" timestamp="2021-04-07T07:50:15Z" user="VLD149" uid="10979429" lat="23.1698902" lon="80.0124170"/>
 <node id="8601607694" visible="true" version="1" changeset="102458727" timestamp="2021-04-07T07:50:15Z" user="VLD149" uid="10979429" lat="23.1688293" lon="80.0131624"/>
 <node id="8601607695" visible="true" version="1" changeset="102458727" timestamp="2021-04-07T07:50:15Z" user="VLD149" uid="10979429" lat="23.1687430" lon="80.0131973"/>
 <node id="8601607696" visible="true" version="1" changeset="102458727" timestamp="2021-04-07T07:50:15Z" user="VLD149" uid="10979429" lat="23.1686838" lon="80.0132080"/>
 <node id="8601607697" visible="true" version="1" changeset="102458727" timestamp="2021-04-07T07:50:15Z" user="VLD149" uid="10979429" lat="23.1686296" lon="80.0132000"/>
 <node id="8601607698" visible="true" version="1" changeset="102458727" timestamp="2021-04-07T07:50:15Z" user="VLD149" uid="10979429" lat="23.1685778" lon="80.0131732"/>
 <node id="8601607699" visible="true" version="1" changeset="102458727" timestamp="2021-04-07T07:50:15Z" user="VLD149" uid="10979429" lat="23.1685383" lon="80.0131329"/>
 <node id="8601607700" visible="true" version="1" changeset="102458727" timestamp="2021-04-07T07:50:15Z" user="VLD149" uid="10979429" lat="23.1685038" lon="80.0130632"/>
 <node id="8601607701" visible="true" version="1" changeset="102458727" timestamp="2021-04-07T07:50:15Z" user="VLD149" uid="10979429" lat="23.1683904" lon="80.0127065"/>
 <node id="8601607702" visible="true" version="2" changeset="102459060" timestamp="2021-04-07T07:54:06Z" user="VLD149" uid="10979429" lat="23.1682235" lon="80.0120606"/>
 <node id="8601607703" visible="true" version="1" changeset="102458727" timestamp="2021-04-07T07:50:15Z" user="VLD149" uid="10979429" lat="23.1706356" lon="80.0118810"/>
 <node id="8601607704" visible="true" version="1" changeset="102458727" timestamp="2021-04-07T07:50:15Z" user="VLD149" uid="10979429" lat="23.1705356" lon="80.0118164"/>
 <node id="8601607705" visible="true" version="1" changeset="102458727" timestamp="2021-04-07T07:50:15Z" user="VLD149" uid="10979429" lat="23.1704903" lon="80.0117640"/>
 <node id="8601607706" visible="true" version="1" changeset="102458727" timestamp="2021-04-07T07:50:15Z" user="VLD149" uid="10979429" lat="23.1704393" lon="80.0116778"/>
 <node id="8601607707" visible="true" version="1" changeset="102458727" timestamp="2021-04-07T07:50:15Z" user="VLD149" uid="10979429" lat="23.1701674" lon="80.0111756"/>
 <node id="8601607708" visible="true" version="1" changeset="102458727" timestamp="2021-04-07T07:50:15Z" user="VLD149" uid="10979429" lat="23.1700959" lon="80.0110778"/>
 <node id="8601607709" visible="true" version="1" changeset="102458727" timestamp="2021-04-07T07:50:15Z" user="VLD149" uid="10979429" lat="23.1700315" lon="80.0110171"/>
 <node id="8601607710" visible="true" version="1" changeset="102458727" timestamp="2021-04-07T07:50:15Z" user="VLD149" uid="10979429" lat="23.1699757" lon="80.0109985"/>
 <node id="8601607711" visible="true" version="1" changeset="102458727" timestamp="2021-04-07T07:50:15Z" user="VLD149" uid="10979429" lat="23.1698898" lon="80.0109914"/>
 <node id="8601607712" visible="true" version="1" changeset="102458727" timestamp="2021-04-07T07:50:15Z" user="VLD149" uid="10979429" lat="23.1697825" lon="80.0110101"/>
 <node id="8601607713" visible="true" version="1" changeset="102458727" timestamp="2021-04-07T07:50:15Z" user="VLD149" uid="10979429" lat="23.1696880" lon="80.0110498"/>
 <node id="8601607714" visible="true" version="1" changeset="102458727" timestamp="2021-04-07T07:50:15Z" user="VLD149" uid="10979429" lat="23.1696215" lon="80.0111082"/>
 <node id="8601607715" visible="true" version="1" changeset="102458727" timestamp="2021-04-07T07:50:15Z" user="VLD149" uid="10979429" lat="23.1695506" lon="80.0112320"/>
 <node id="8601607716" visible="true" version="1" changeset="102458727" timestamp="2021-04-07T07:50:15Z" user="VLD149" uid="10979429" lat="23.1695034" lon="80.0114047"/>
 <node id="8601630717" visible="true" version="1" changeset="102458727" timestamp="2021-04-07T07:50:15Z" user="VLD149" uid="10979429" lat="23.1694454" lon="80.0115892"/>
 <node id="8601630718" visible="true" version="1" changeset="102458727" timestamp="2021-04-07T07:50:15Z" user="VLD149" uid="10979429" lat="23.1694197" lon="80.0116452"/>
 <node id="8601630719" visible="true" version="1" changeset="102458727" timestamp="2021-04-07T07:50:15Z" user="VLD149" uid="10979429" lat="23.1693896" lon="80.0116826"/>
 <node id="8601630720" visible="true" version="1" changeset="102458727" timestamp="2021-04-07T07:50:15Z" user="VLD149" uid="10979429" lat="23.1692909" lon="80.0117527"/>
 <node id="8601630721" visible="true" version="1" changeset="102458727" timestamp="2021-04-07T07:50:15Z" user="VLD149" uid="10979429" lat="23.1690376" lon="80.0119208"/>
 <node id="8601630722" visible="true" version="1" changeset="102458727" timestamp="2021-04-07T07:50:15Z" user="VLD149" uid="10979429" lat="23.1689689" lon="80.0119511"/>
 <node id="8601630723" visible="true" version="1" changeset="102458727" timestamp="2021-04-07T07:50:15Z" user="VLD149" uid="10979429" lat="23.1688894" lon="80.0119698"/>
 <node id="8601630724" visible="true" version="1" changeset="102458727" timestamp="2021-04-07T07:50:15Z" user="VLD149" uid="10979429" lat="23.1685916" lon="80.0120137"/>
 <node id="8601630725" visible="true" version="1" changeset="102458727" timestamp="2021-04-07T07:50:15Z" user="VLD149" uid="10979429" lat="23.1680971" lon="80.0120762"/>
 <node id="8601630726" visible="true" version="1" changeset="102458727" timestamp="2021-04-07T07:50:15Z" user="VLD149" uid="10979429" lat="23.1680411" lon="80.0120741"/>
 <node id="8601630727" visible="true" version="1" changeset="102458727" timestamp="2021-04-07T07:50:15Z" user="VLD149" uid="10979429" lat="23.1679943" lon="80.0120558"/>
 <node id="8601630728" visible="true" version="1" changeset="102458727" timestamp="2021-04-07T07:50:15Z" user="VLD149" uid="10979429" lat="23.1678953" lon="80.0119847"/>
 <node id="8601630729" visible="true" version="1" changeset="102458727" timestamp="2021-04-07T07:50:15Z" user="VLD149" uid="10979429" lat="23.1678280" lon="80.0118993"/>
 <node id="8601630730" visible="true" version="1" changeset="102458727" timestamp="2021-04-07T07:50:15Z" user="VLD149" uid="10979429" lat="23.1677925" lon="80.0118404"/>
 <node id="8601630731" visible="true" version="1" changeset="102458727" timestamp="2021-04-07T07:50:15Z" user="VLD149" uid="10979429" lat="23.1677439" lon="80.0117123"/>
 <node id="8601630732" visible="true" version="1" changeset="102458727" timestamp="2021-04-07T07:50:15Z" user="VLD149" uid="10979429" lat="23.1676710" lon="80.0113769"/>
 <node id="8601630733" visible="true" version="1" changeset="102458727" timestamp="2021-04-07T07:50:15Z" user="VLD149" uid="10979429" lat="23.1676318" lon="80.0112183"/>
 <node id="8601630734" visible="true" version="1" changeset="102458727" timestamp="2021-04-07T07:50:15Z" user="VLD149" uid="10979429" lat="23.1676075" lon="80.0111553"/>
 <node id="8601630735" visible="true" version="1" changeset="102458727" timestamp="2021-04-07T07:50:15Z" user="VLD149" uid="10979429" lat="23.1675047" lon="80.0109439"/>
 <node id="8601630736" visible="true" version="1" changeset="102458727" timestamp="2021-04-07T07:50:15Z" user="VLD149" uid="10979429" lat="23.1673888" lon="80.0107630"/>
 <node id="8601630737" visible="true" version="1" changeset="102458727" timestamp="2021-04-07T07:50:15Z" user="VLD149" uid="10979429" lat="23.1673421" lon="80.0107142"/>
 <node id="8601630738" visible="true" version="1" changeset="102458727" timestamp="2021-04-07T07:50:15Z" user="VLD149" uid="10979429" lat="23.1672748" lon="80.0106573"/>
 <node id="8601630739" visible="true" version="1" changeset="102458727" timestamp="2021-04-07T07:50:15Z" user="VLD149" uid="10979429" lat="23.1672412" lon="80.0106207"/>
 <node id="8601630740" visible="true" version="1" changeset="102458727" timestamp="2021-04-07T07:50:15Z" user="VLD149" uid="10979429" lat="23.1672300" lon="80.0105801"/>
 <node id="8601630741" visible="true" version="1" changeset="102458727" timestamp="2021-04-07T07:50:15Z" user="VLD149" uid="10979429" lat="23.1672319" lon="80.0105536"/>
 <node id="8601630742" visible="true" version="1" changeset="102458727" timestamp="2021-04-07T07:50:15Z" user="VLD149" uid="10979429" lat="23.1672449" lon="80.0105333"/>
 <node id="8601630743" visible="true" version="1" changeset="102458727" timestamp="2021-04-07T07:50:15Z" user="VLD149" uid="10979429" lat="23.1672667" lon="80.0105183"/>
 <node id="8601630744" visible="true" version="1" changeset="102458727" timestamp="2021-04-07T07:50:15Z" user="VLD149" uid="10979429" lat="23.1678644" lon="80.0102747"/>
 <node id="8601630745" visible="true" version="1" changeset="102458727" timestamp="2021-04-07T07:50:15Z" user="VLD149" uid="10979429" lat="23.1683483" lon="80.0100714"/>
 <node id="8601630746" visible="true" version="1" changeset="102458727" timestamp="2021-04-07T07:50:15Z" user="VLD149" uid="10979429" lat="23.1692730" lon="80.0096315"/>
 <node id="8601630747" visible="true" version="1" changeset="102458727" timestamp="2021-04-07T07:50:15Z" user="VLD149" uid="10979429" lat="23.1698402" lon="80.0093713"/>
 <node id="8601630748" visible="true" version="1" changeset="102458727" timestamp="2021-04-07T07:50:15Z" user="VLD149" uid="10979429" lat="23.1699240" lon="80.0093445"/>
 <node id="8601630749" visible="true" version="1" changeset="102458727" timestamp="2021-04-07T07:50:15Z" user="VLD149" uid="10979429" lat="23.1700153" lon="80.0093364"/>
 <node id="8601630750" visible="true" version="1" changeset="102458727" timestamp="2021-04-07T07:50:15Z" user="VLD149" uid="10979429" lat="23.1703482" lon="80.0094008"/>
 <node id="8601630751" visible="true" version="1" changeset="102458727" timestamp="2021-04-07T07:50:15Z" user="VLD149" uid="10979429" lat="23.1707994" lon="80.0094840"/>
 <node id="8601630752" visible="true" version="1" changeset="102458727" timestamp="2021-04-07T07:50:15Z" user="VLD149" uid="10979429" lat="23.1710608" lon="80.0095403"/>
 <node id="8601630753" visible="true" version="1" changeset="102458727" timestamp="2021-04-07T07:50:15Z" user="VLD149" uid="10979429" lat="23.1711027" lon="80.0095591"/>
 <node id="8601630754" visible="true" version="1" changeset="102458727" timestamp="2021-04-07T07:50:15Z" user="VLD149" uid="10979429" lat="23.1711520" lon="80.0095939"/>
 <node id="8601630755" visible="true" version="1" changeset="102458727" timestamp="2021-04-07T07:50:15Z" user="VLD149" uid="10979429" lat="23.1715392" lon="80.0101116"/>
 <node id="8601630756" visible="true" version="1" changeset="102458727" timestamp="2021-04-07T07:50:15Z" user="VLD149" uid="10979429" lat="23.1717266" lon="80.0103852"/>
 <node id="8601630757" visible="true" version="1" changeset="102458727" timestamp="2021-04-07T07:50:15Z" user="VLD149" uid="10979429" lat="23.1717685" lon="80.0104630"/>
 <node id="8601630758" visible="true" version="1" changeset="102458727" timestamp="2021-04-07T07:50:15Z" user="VLD149" uid="10979429" lat="23.1718301" lon="80.0106909"/>
 <node id="8601630759" visible="true" version="1" changeset="102458727" timestamp="2021-04-07T07:50:15Z" user="VLD149" uid="10979429" lat="23.1717993" lon="80.0105528"/>
 <node id="8601630760" visible="true" version="1" changeset="102458727" timestamp="2021-04-07T07:50:15Z" user="VLD149" uid="10979429" lat="23.1717779" lon="80.0110174"/>
 <node id="8601630761" visible="true" version="1" changeset="102458727" timestamp="2021-04-07T07:50:15Z" user="VLD149" uid="10979429" lat="23.1723329" lon="80.0112538"/>
 <node id="8601630762" visible="true" version="1" changeset="102458727" timestamp="2021-04-07T07:50:15Z" user="VLD149" uid="10979429" lat="23.1723724" lon="80.0112833"/>
 <node id="8601630763" visible="true" version="1" changeset="102458727" timestamp="2021-04-07T07:50:15Z" user="VLD149" uid="10979429" lat="23.1724291" lon="80.0113369"/>
 <node id="8601630764" visible="true" version="1" changeset="102458727" timestamp="2021-04-07T07:50:15Z" user="VLD149" uid="10979429" lat="23.1727052" lon="80.0116883"/>
 <node id="8601630765" visible="true" version="1" changeset="102458727" timestamp="2021-04-07T07:50:15Z" user="VLD149" uid="10979429" lat="23.1733192" lon="80.0125680"/>
 <node id="8601630766" visible="true" version="1" changeset="102458727" timestamp="2021-04-07T07:50:15Z" user="VLD149" uid="10979429" lat="23.1739564" lon="80.0134776"/>
 <node id="8601630767" visible="true" version="1" changeset="102458727" timestamp="2021-04-07T07:50:15Z" user="VLD149" uid="10979429" lat="23.1740874" lon="80.0136878"/>
 <node id="8601630768" visible="true" version="1" changeset="102458727" timestamp="2021-04-07T07:50:15Z" user="VLD149" uid="10979429" lat="23.1741225" lon="80.0137593"/>
 <node id="8601630769" visible="true" version="1" changeset="102458727" timestamp="2021-04-07T07:50:15Z" user="VLD149" uid="10979429" lat="23.1742977" lon="80.0141921"/>
 <node id="8601630770" visible="true" version="1" changeset="102458727" timestamp="2021-04-07T07:50:15Z" user="VLD149" uid="10979429" lat="23.1746455" lon="80.0151822"/>
 <node id="8601630771" visible="true" version="1" changeset="102458727" timestamp="2021-04-07T07:50:15Z" user="VLD149" uid="10979429" lat="23.1749181" lon="80.0159317"/>
 <node id="8601630772" visible="true" version="1" changeset="102458727" timestamp="2021-04-07T07:50:15Z" user="VLD149" uid="10979429" lat="23.1751907" lon="80.0167419"/>
 <node id="8601630773" visible="true" version="1" changeset="102458727" timestamp="2021-04-07T07:50:15Z" user="VLD149" uid="10979429" lat="23.1752345" lon="80.0168883"/>
 <node id="8601630774" visible="true" version="1" changeset="102458727" timestamp="2021-04-07T07:50:15Z" user="VLD149" uid="10979429" lat="23.1752419" lon="80.0170009"/>
 <node id="8601630775" visible="true" version="1" changeset="102458727" timestamp="2021-04-07T07:50:15Z" user="VLD149" uid="10979429" lat="23.1752246" lon="80.0171941"/>
 <node id="8601630776" visible="true" version="1" changeset="102458727" timestamp="2021-04-07T07:50:15Z" user="VLD149" uid="10979429" lat="23.1751729" lon="80.0174435"/>
 <node id="8601630777" visible="true" version="2" changeset="137575004" timestamp="2023-06-20T18:26:18Z" user="Sal73x" uid="1293386" lat="23.1751900" lon="80.0135057"/>
 <node id="8601630778" visible="true" version="1" changeset="102458727" timestamp="2021-04-07T07:50:15Z" user="VLD149" uid="10979429" lat="23.1743324" lon="80.0137261"/>
 <node id="8601630779" visible="true" version="1" changeset="102458727" timestamp="2021-04-07T07:50:15Z" user="VLD149" uid="10979429" lat="23.1742461" lon="80.0137422"/>
 <node id="8601630780" visible="true" version="1" changeset="102458727" timestamp="2021-04-07T07:50:15Z" user="VLD149" uid="10979429" lat="23.1737730" lon="80.0138655"/>
 <node id="8601630781" visible="true" version="1" changeset="102458727" timestamp="2021-04-07T07:50:15Z" user="VLD149" uid="10979429" lat="23.1737409" lon="80.0138709"/>
 <node id="8601630782" visible="true" version="1" changeset="102458727" timestamp="2021-04-07T07:50:15Z" user="VLD149" uid="10979429" lat="23.1737143" lon="80.0138697"/>
 <node id="8601630783" visible="true" version="1" changeset="102458727" timestamp="2021-04-07T07:50:15Z" user="VLD149" uid="10979429" lat="23.1736930" lon="80.0138604"/>
 <node id="8601630784" visible="true" version="1" changeset="102458727" timestamp="2021-04-07T07:50:15Z" user="VLD149" uid="10979429" lat="23.1736591" lon="80.0138265"/>
 <node id="8601630785" visible="true" version="1" changeset="102458727" timestamp="2021-04-07T07:50:15Z" user="VLD149" uid="10979429" lat="23.1730440" lon="80.0129865"/>
 <node id="8601630786" visible="true" version="1" changeset="102458727" timestamp="2021-04-07T07:50:15Z" user="VLD149" uid="10979429" lat="23.1696159" lon="80.0126111"/>
 <node id="8601630787" visible="true" version="1" changeset="102458727" timestamp="2021-04-07T07:50:15Z" user="VLD149" uid="10979429" lat="23.1698139" lon="80.0130349"/>
 <node id="8601630788" visible="true" version="1" changeset="102458727" timestamp="2021-04-07T07:50:15Z" user="VLD149" uid="10979429" lat="23.1698995" lon="80.0118403"/>
 <node id="8601630789" visible="true" version="1" changeset="102458727" timestamp="2021-04-07T07:50:15Z" user="VLD149" uid="10979429" lat="23.1696766" lon="80.0119978"/>
 <node id="8601630790" visible="true" version="1" changeset="102458727" timestamp="2021-04-07T07:50:15Z" user="VLD149" uid="10979429" lat="23.1696685" lon="80.0120137"/>
 <node id="8601630791" visible="true" version="1" changeset="102458727" timestamp="2021-04-07T07:50:15Z" user="VLD149" uid="10979429" lat="23.1696675" lon="80.0120303"/>
 <node id="8601630792" visible="true" version="1" changeset="102458727" timestamp="2021-04-07T07:50:15Z" user="VLD149" uid="10979429" lat="23.1696726" lon="80.0120493"/>
 <node id="8601631600" visible="true" version="1" changeset="102459060" timestamp="2021-04-07T07:54:06Z" user="VLD149" uid="10979429" lat="23.1679392" lon="80.0103140"/>
 <node id="8601631601" visible="true" version="1" changeset="102459060" timestamp="2021-04-07T07:54:06Z" user="VLD149" uid="10979429" lat="23.1679619" lon="80.0103340"/>
 <node id="8601631602" visible="true" version="1" changeset="102459060" timestamp="2021-04-07T07:54:06Z" user="VLD149" uid="10979429" lat="23.1679832" lon="80.0103664"/>
 <node id="8601631603" visible="true" version="1" changeset="102459060" timestamp="2021-04-07T07:54:06Z" user="VLD149" uid="10979429" lat="23.1681347" lon="80.0107438"/>
 <node id="8601631604" visible="true" version="1" changeset="102459060" timestamp="2021-04-07T07:54:06Z" user="VLD149" uid="10979429" lat="23.1681659" lon="80.0107854"/>
 <node id="8601631605" visible="true" version="1" changeset="102459060" timestamp="2021-04-07T07:54:06Z" user="VLD149" uid="10979429" lat="23.1682027" lon="80.0108147"/>
 <node id="8601631606" visible="true" version="1" changeset="102459060" timestamp="2021-04-07T07:54:06Z" user="VLD149" uid="10979429" lat="23.1684902" lon="80.0109764"/>
 <node id="8601631607" visible="true" version="1" changeset="102459060" timestamp="2021-04-07T07:54:06Z" user="VLD149" uid="10979429" lat="23.1685213" lon="80.0109842"/>
 <node id="8601631608" visible="true" version="1" changeset="102459060" timestamp="2021-04-07T07:54:06Z" user="VLD149" uid="10979429" lat="23.1685780" lon="80.0109872"/>
 <node id="8601631609" visible="true" version="1" changeset="102459060" timestamp="2021-04-07T07:54:06Z" user="VLD149" uid="10979429" lat="23.1688329" lon="80.0109302"/>
 <node id="8601631610" visible="true" version="1" changeset="102459060" timestamp="2021-04-07T07:54:06Z" user="VLD149" uid="10979429" lat="23.1690381" lon="80.0108873"/>
 <node id="8601631611" visible="true" version="1" changeset="102459060" timestamp="2021-04-07T07:54:06Z" user="VLD149" uid="10979429" lat="23.1691389" lon="80.0108820"/>
 <node id="8601631612" visible="true" version="1" changeset="102459060" timestamp="2021-04-07T07:54:06Z" user="VLD149" uid="10979429" lat="23.1692073" lon="80.0108927"/>
 <node id="8601631613" visible="true" version="1" changeset="102459060" timestamp="2021-04-07T07:54:06Z" user="VLD149" uid="10979429" lat="23.1692414" lon="80.0109086"/>
 <node id="8601631614" visible="true" version="1" changeset="102459060" timestamp="2021-04-07T07:54:06Z" user="VLD149" uid="10979429" lat="23.1692886" lon="80.0109510"/>
 <node id="8601631615" visible="true" version="1" changeset="102459060" timestamp="2021-04-07T07:54:06Z" user="VLD149" uid="10979429" lat="23.1693766" lon="80.0111024"/>
 <node id="8601631616" visible="true" version="1" changeset="102459060" timestamp="2021-04-07T07:54:06Z" user="VLD149" uid="10979429" lat="23.1694658" lon="80.0112580"/>
 <node id="8601649817" visible="true" version="1" changeset="102459060" timestamp="2021-04-07T07:54:06Z" user="VLD149" uid="10979429" lat="23.1694786" lon="80.0113134"/>
 <node id="8601649818" visible="true" version="1" changeset="102459060" timestamp="2021-04-07T07:54:06Z" user="VLD149" uid="10979429" lat="23.1694729" lon="80.0113612"/>
 <node id="8601649819" visible="true" version="1" changeset="102459060" timestamp="2021-04-07T07:54:06Z" user="VLD149" uid="10979429" lat="23.1694219" lon="80.0115568"/>
 <node id="8601649820" visible="true" version="1" changeset="102459060" timestamp="2021-04-07T07:54:06Z" user="VLD149" uid="10979429" lat="23.1693993" lon="80.0115892"/>
 <node id="8601649821" visible="true" version="1" changeset="102459060" timestamp="2021-04-07T07:54:06Z" user="VLD149" uid="10979429" lat="23.1693653" lon="80.0116123"/>
 <node id="8601649822" visible="true" version="1" changeset="102459060" timestamp="2021-04-07T07:54:06Z" user="VLD149" uid="10979429" lat="23.1690863" lon="80.0117910"/>
 <node id="8601649823" visible="true" version="1" changeset="102459060" timestamp="2021-04-07T07:54:06Z" user="VLD149" uid="10979429" lat="23.1688498" lon="80.0118680"/>
 <node id="8601649824" visible="true" version="1" changeset="102459060" timestamp="2021-04-07T07:54:06Z" user="VLD149" uid="10979429" lat="23.1686401" lon="80.0119265"/>
 <node id="8601649825" visible="true" version="1" changeset="102459060" timestamp="2021-04-07T07:54:06Z" user="VLD149" uid="10979429" lat="23.1684277" lon="80.0119789"/>
 <node id="8601649826" visible="true" version="1" changeset="102459060" timestamp="2021-04-07T07:54:06Z" user="VLD149" uid="10979429" lat="23.1682835" lon="80.0120270"/>
 <node id="8601807185" visible="true" version="1" changeset="102463779" timestamp="2021-04-07T08:44:34Z" user="VLD149" uid="10979429" lat="23.1696252" lon="80.0069189"/>
 <node id="8601807186" visible="true" version="1" changeset="102463779" timestamp="2021-04-07T08:44:34Z" user="VLD149" uid="10979429" lat="23.1700666" lon="80.0068652"/>
 <node id="8601807187" visible="true" version="1" changeset="102463779" timestamp="2021-04-07T08:44:34Z" user="VLD149" uid="10979429" lat="23.1704609" lon="80.0067989"/>
 <node id="8601807188" visible="true" version="1" changeset="102463779" timestamp="2021-04-07T08:44:34Z" user="VLD149" uid="10979429" lat="23.1706560" lon="80.0067606"/>
 <node id="8601807189" visible="true" version="1" changeset="102463779" timestamp="2021-04-07T08:44:34Z" user="VLD149" uid="10979429" lat="23.1710213" lon="80.0067020"/>
 <node id="8601807190" visible="true" version="1" changeset="102463779" timestamp="2021-04-07T08:44:34Z" user="VLD149" uid="10979429" lat="23.1711625" lon="80.0066997"/>
 <node id="8601807191" visible="true" version="1" changeset="102463779" timestamp="2021-04-07T08:44:34Z" user="VLD149" uid="10979429" lat="23.1712651" lon="80.0067050"/>
 <node id="8601807192" visible="true" version="1" changeset="102463779" timestamp="2021-04-07T08:44:34Z" user="VLD149" uid="10979429" lat="23.1713809" lon="80.0067365"/>
 <node id="8601807193" visible="true" version="1" changeset="102463779" timestamp="2021-04-07T08:44:34Z" user="VLD149" uid="10979429" lat="23.1709038" lon="80.0067258"/>
 <node id="8601807194" visible="true" version="1" changeset="102463779" timestamp="2021-04-07T08:44:34Z" user="VLD149" uid="10979429" lat="23.1709997" lon="80.0068305"/>
 <node id="8601807195" visible="true" version="1" changeset="102463779" timestamp="2021-04-07T08:44:34Z" user="VLD149" uid="10979429" lat="23.1710670" lon="80.0068854"/>
 <node id="8601807196" visible="true" version="1" changeset="102463779" timestamp="2021-04-07T08:44:34Z" user="VLD149" uid="10979429" lat="23.1711940" lon="80.0069525"/>
 <node id="8601807197" visible="true" version="1" changeset="102463779" timestamp="2021-04-07T08:44:34Z" user="VLD149" uid="10979429" lat="23.1713641" lon="80.0070378"/>
 <node id="8601807198" visible="true" version="1" changeset="102463779" timestamp="2021-04-07T08:44:34Z" user="VLD149" uid="10979429" lat="23.1715136" lon="80.0071415"/>
 <node id="8601807199" visible="true" version="1" changeset="102463779" timestamp="2021-04-07T08:44:34Z" user="VLD149" uid="10979429" lat="23.1716070" lon="80.0071781"/>
 <node id="8601807200" visible="true" version="1" changeset="102463779" timestamp="2021-04-07T08:44:34Z" user="VLD149" uid="10979429" lat="23.1711201" lon="80.0062918"/>
 <node id="8601807201" visible="true" version="2" changeset="102465006" timestamp="2021-04-07T08:55:46Z" user="VLD149" uid="10979429" lat="23.1705120" lon="80.0041447"/>
 <node id="8601807202" visible="true" version="2" changeset="102465006" timestamp="2021-04-07T08:55:46Z" user="VLD149" uid="10979429" lat="23.1705478" lon="80.0042162"/>
 <node id="8601807203" visible="true" version="2" changeset="102465006" timestamp="2021-04-07T08:55:46Z" user="VLD149" uid="10979429" lat="23.1705678" lon="80.0042901"/>
 <node id="8601807204" visible="true" version="2" changeset="102465006" timestamp="2021-04-07T08:55:46Z" user="VLD149" uid="10979429" lat="23.1705660" lon="80.0043975"/>
 <node id="8601807205" visible="true" version="1" changeset="102463779" timestamp="2021-04-07T08:44:34Z" user="VLD149" uid="10979429" lat="23.1705118" lon="80.0051862"/>
 <node id="8601807206" visible="true" version="1" changeset="102463779" timestamp="2021-04-07T08:44:34Z" user="VLD149" uid="10979429" lat="23.1705173" lon="80.0056571"/>
 <node id="8601807207" visible="true" version="1" changeset="102463779" timestamp="2021-04-07T08:44:34Z" user="VLD149" uid="10979429" lat="23.1704859" lon="80.0060304"/>
 <node id="8601807208" visible="true" version="1" changeset="102463779" timestamp="2021-04-07T08:44:34Z" user="VLD149" uid="10979429" lat="23.1704501" lon="80.0063101"/>
 <node id="8601807209" visible="true" version="1" changeset="102463779" timestamp="2021-04-07T08:44:34Z" user="VLD149" uid="10979429" lat="23.1704378" lon="80.0064335"/>
 <node id="8601807210" visible="true" version="1" changeset="102463779" timestamp="2021-04-07T08:44:34Z" user="VLD149" uid="10979429" lat="23.1704353" lon="80.0065756"/>
 <node id="8601807211" visible="true" version="1" changeset="102463779" timestamp="2021-04-07T08:44:34Z" user="VLD149" uid="10979429" lat="23.1702377" lon="80.0056860"/>
 <node id="8601807212" visible="true" version="1" changeset="102463779" timestamp="2021-04-07T08:44:34Z" user="VLD149" uid="10979429" lat="23.1701564" lon="80.0057102"/>
 <node id="8601807213" visible="true" version="1" changeset="102463779" timestamp="2021-04-07T08:44:34Z" user="VLD149" uid="10979429" lat="23.1700878" lon="80.0057434"/>
 <node id="8601807214" visible="true" version="1" changeset="102463779" timestamp="2021-04-07T08:44:34Z" user="VLD149" uid="10979429" lat="23.1698383" lon="80.0058818"/>
 <node id="8601807215" visible="true" version="1" changeset="102463779" timestamp="2021-04-07T08:44:34Z" user="VLD149" uid="10979429" lat="23.1697865" lon="80.0059328"/>
 <node id="8601807216" visible="true" version="1" changeset="102463779" timestamp="2021-04-07T08:44:34Z" user="VLD149" uid="10979429" lat="23.1697224" lon="80.0060374"/>
 <node id="8601824317" visible="true" version="1" changeset="102463779" timestamp="2021-04-07T08:44:34Z" user="VLD149" uid="10979429" lat="23.1696977" lon="80.0061420"/>
 <node id="8601824318" visible="true" version="1" changeset="102463779" timestamp="2021-04-07T08:44:34Z" user="VLD149" uid="10979429" lat="23.1696928" lon="80.0062681"/>
 <node id="8601824319" visible="true" version="1" changeset="102463779" timestamp="2021-04-07T08:44:34Z" user="VLD149" uid="10979429" lat="23.1697100" lon="80.0063995"/>
 <node id="8601824320" visible="true" version="1" changeset="102463779" timestamp="2021-04-07T08:44:34Z" user="VLD149" uid="10979429" lat="23.1697544" lon="80.0064800"/>
 <node id="8601824321" visible="true" version="1" changeset="102463779" timestamp="2021-04-07T08:44:34Z" user="VLD149" uid="10979429" lat="23.1698309" lon="80.0065577"/>
 <node id="8601824322" visible="true" version="1" changeset="102463779" timestamp="2021-04-07T08:44:34Z" user="VLD149" uid="10979429" lat="23.1698777" lon="80.0066114"/>
 <node id="8601824323" visible="true" version="1" changeset="102463779" timestamp="2021-04-07T08:44:34Z" user="VLD149" uid="10979429" lat="23.1699024" lon="80.0066650"/>
 <node id="8601824324" visible="true" version="1" changeset="102463779" timestamp="2021-04-07T08:44:34Z" user="VLD149" uid="10979429" lat="23.1699604" lon="80.0068756"/>
 <node id="8601824325" visible="true" version="1" changeset="102463779" timestamp="2021-04-07T08:44:34Z" user="VLD149" uid="10979429" lat="23.1699595" lon="80.0072243"/>
 <node id="8601824326" visible="true" version="1" changeset="102463779" timestamp="2021-04-07T08:44:34Z" user="VLD149" uid="10979429" lat="23.1699496" lon="80.0072806"/>
 <node id="8601824327" visible="true" version="1" changeset="102463779" timestamp="2021-04-07T08:44:34Z" user="VLD149" uid="10979429" lat="23.1699496" lon="80.0073718"/>
 <node id="8601824328" visible="true" version="1" changeset="102463779" timestamp="2021-04-07T08:44:34Z" user="VLD149" uid="10979429" lat="23.1700261" lon="80.0076883"/>
 <node id="8601824329" visible="true" version="1" changeset="102463779" timestamp="2021-04-07T08:44:34Z" user="VLD149" uid="10979429" lat="23.1700335" lon="80.0077500"/>
 <node id="8601824330" visible="true" version="1" changeset="102463779" timestamp="2021-04-07T08:44:34Z" user="VLD149" uid="10979429" lat="23.1700113" lon="80.0078761"/>
 <node id="8601824331" visible="true" version="1" changeset="102463779" timestamp="2021-04-07T08:44:34Z" user="VLD149" uid="10979429" lat="23.1699644" lon="80.0081952"/>
 <node id="8601824332" visible="true" version="1" changeset="102463779" timestamp="2021-04-07T08:44:34Z" user="VLD149" uid="10979429" lat="23.1699299" lon="80.0085573"/>
 <node id="8601824333" visible="true" version="1" changeset="102463779" timestamp="2021-04-07T08:44:34Z" user="VLD149" uid="10979429" lat="23.1699077" lon="80.0086941"/>
 <node id="8601824334" visible="true" version="1" changeset="102463779" timestamp="2021-04-07T08:44:34Z" user="VLD149" uid="10979429" lat="23.1698584" lon="80.0088443"/>
 <node id="8601824335" visible="true" version="1" changeset="102463779" timestamp="2021-04-07T08:44:34Z" user="VLD149" uid="10979429" lat="23.1697844" lon="80.0089919"/>
 <node id="8601824336" visible="true" version="1" changeset="102463779" timestamp="2021-04-07T08:44:34Z" user="VLD149" uid="10979429" lat="23.1697326" lon="80.0090562"/>
 <node id="8601824337" visible="true" version="1" changeset="102463779" timestamp="2021-04-07T08:44:34Z" user="VLD149" uid="10979429" lat="23.1696463" lon="80.0091286"/>
 <node id="8601824338" visible="true" version="1" changeset="102463779" timestamp="2021-04-07T08:44:34Z" user="VLD149" uid="10979429" lat="23.1690841" lon="80.0094291"/>
 <node id="8601824339" visible="true" version="1" changeset="102463779" timestamp="2021-04-07T08:44:34Z" user="VLD149" uid="10979429" lat="23.1688597" lon="80.0094988"/>
 <node id="8601824340" visible="true" version="1" changeset="102463779" timestamp="2021-04-07T08:44:34Z" user="VLD149" uid="10979429" lat="23.1685638" lon="80.0095471"/>
 <node id="8601824341" visible="true" version="1" changeset="102463779" timestamp="2021-04-07T08:44:34Z" user="VLD149" uid="10979429" lat="23.1679030" lon="80.0096705"/>
 <node id="8601824342" visible="true" version="1" changeset="102463779" timestamp="2021-04-07T08:44:34Z" user="VLD149" uid="10979429" lat="23.1677726" lon="80.0097153"/>
 <node id="8601824343" visible="true" version="1" changeset="102463779" timestamp="2021-04-07T08:44:34Z" user="VLD149" uid="10979429" lat="23.1675856" lon="80.0098324"/>
 <node id="8601824344" visible="true" version="1" changeset="102463779" timestamp="2021-04-07T08:44:34Z" user="VLD149" uid="10979429" lat="23.1674412" lon="80.0098786"/>
 <node id="8601824345" visible="true" version="1" changeset="102463779" timestamp="2021-04-07T08:44:34Z" user="VLD149" uid="10979429" lat="23.1669143" lon="80.0099402"/>
 <node id="8601824346" visible="true" version="1" changeset="102463779" timestamp="2021-04-07T08:44:34Z" user="VLD149" uid="10979429" lat="23.1666339" lon="80.0099248"/>
 <node id="8601824347" visible="true" version="1" changeset="102463779" timestamp="2021-04-07T08:44:34Z" user="VLD149" uid="10979429" lat="23.1665206" lon="80.0099125"/>
 <node id="8601824348" visible="true" version="1" changeset="102463779" timestamp="2021-04-07T08:44:34Z" user="VLD149" uid="10979429" lat="23.1664101" lon="80.0099279"/>
 <node id="8601824349" visible="true" version="1" changeset="102463779" timestamp="2021-04-07T08:44:34Z" user="VLD149" uid="10979429" lat="23.1659682" lon="80.0101128"/>
 <node id="8601824350" visible="true" version="1" changeset="102463779" timestamp="2021-04-07T08:44:34Z" user="VLD149" uid="10979429" lat="23.1700969" lon="80.0058600"/>
 <node id="8601824351" visible="true" version="1" changeset="102463779" timestamp="2021-04-07T08:44:34Z" user="VLD149" uid="10979429" lat="23.1700969" lon="80.0059290"/>
 <node id="8601824352" visible="true" version="1" changeset="102463779" timestamp="2021-04-07T08:44:34Z" user="VLD149" uid="10979429" lat="23.1700839" lon="80.0060281"/>
 <node id="8601824353" visible="true" version="1" changeset="102463779" timestamp="2021-04-07T08:44:34Z" user="VLD149" uid="10979429" lat="23.1700660" lon="80.0061148"/>
 <node id="8601824354" visible="true" version="1" changeset="102463779" timestamp="2021-04-07T08:44:34Z" user="VLD149" uid="10979429" lat="23.1700579" lon="80.0061608"/>
 <node id="8601824355" visible="true" version="1" changeset="102463779" timestamp="2021-04-07T08:44:34Z" user="VLD149" uid="10979429" lat="23.1700595" lon="80.0061944"/>
 <node id="8601824356" visible="true" version="1" changeset="102463779" timestamp="2021-04-07T08:44:34Z" user="VLD149" uid="10979429" lat="23.1700790" lon="80.0062493"/>
 <node id="8601824357" visible="true" version="1" changeset="102463779" timestamp="2021-04-07T08:44:34Z" user="VLD149" uid="10979429" lat="23.1701113" lon="80.0063198"/>
 <node id="8601824358" visible="true" version="1" changeset="102463779" timestamp="2021-04-07T08:44:34Z" user="VLD149" uid="10979429" lat="23.1701169" lon="80.0063676"/>
 <node id="8601824359" visible="true" version="1" changeset="102463779" timestamp="2021-04-07T08:44:34Z" user="VLD149" uid="10979429" lat="23.1701113" lon="80.0064076"/>
 <node id="8601824360" visible="true" version="1" changeset="102463779" timestamp="2021-04-07T08:44:34Z" user="VLD149" uid="10979429" lat="23.1700985" lon="80.0064338"/>
 <node id="8601824361" visible="true" version="1" changeset="102463779" timestamp="2021-04-07T08:44:34Z" user="VLD149" uid="10979429" lat="23.1700730" lon="80.0064461"/>
 <node id="8601824362" visible="true" version="1" changeset="102463779" timestamp="2021-04-07T08:44:34Z" user="VLD149" uid="10979429" lat="23.1698748" lon="80.0064846"/>
 <node id="8601824363" visible="true" version="1" changeset="102463779" timestamp="2021-04-07T08:44:34Z" user="VLD149" uid="10979429" lat="23.1697896" lon="80.0065158"/>
 <node id="8601824364" visible="true" version="1" changeset="102463779" timestamp="2021-04-07T08:44:34Z" user="VLD149" uid="10979429" lat="23.1705271" lon="80.0047746"/>
 <node id="8601824365" visible="true" version="1" changeset="102463779" timestamp="2021-04-07T08:44:34Z" user="VLD149" uid="10979429" lat="23.1707417" lon="80.0048095"/>
 <node id="8601824366" visible="true" version="1" changeset="102463779" timestamp="2021-04-07T08:44:34Z" user="VLD149" uid="10979429" lat="23.1707652" lon="80.0048084"/>
 <node id="8601824367" visible="true" version="1" changeset="102463779" timestamp="2021-04-07T08:44:34Z" user="VLD149" uid="10979429" lat="23.1707847" lon="80.0047977"/>
 <node id="8601824368" visible="true" version="1" changeset="102463779" timestamp="2021-04-07T08:44:34Z" user="VLD149" uid="10979429" lat="23.1707929" lon="80.0047765"/>
 <node id="8601824369" visible="true" version="1" changeset="102463779" timestamp="2021-04-07T08:44:34Z" user="VLD149" uid="10979429" lat="23.1708010" lon="80.0046686"/>
 <node id="8601824370" visible="true" version="1" changeset="102463779" timestamp="2021-04-07T08:44:34Z" user="VLD149" uid="10979429" lat="23.1708140" lon="80.0046491"/>
 <node id="8601824371" visible="true" version="1" changeset="102463779" timestamp="2021-04-07T08:44:34Z" user="VLD149" uid="10979429" lat="23.1708335" lon="80.0046420"/>
 <node id="8601824372" visible="true" version="1" changeset="102463779" timestamp="2021-04-07T08:44:34Z" user="VLD149" uid="10979429" lat="23.1708579" lon="80.0046491"/>
 <node id="8601824373" visible="true" version="1" changeset="102463779" timestamp="2021-04-07T08:44:34Z" user="VLD149" uid="10979429" lat="23.1710971" lon="80.0048314"/>
 <node id="8601824374" visible="true" version="1" changeset="102463779" timestamp="2021-04-07T08:44:34Z" user="VLD149" uid="10979429" lat="23.1711101" lon="80.0048491"/>
 <node id="8601824375" visible="true" version="1" changeset="102463779" timestamp="2021-04-07T08:44:34Z" user="VLD149" uid="10979429" lat="23.1711117" lon="80.0048738"/>
 <node id="8601824376" visible="true" version="1" changeset="102463779" timestamp="2021-04-07T08:44:34Z" user="VLD149" uid="10979429" lat="23.1711003" lon="80.0048968"/>
 <node id="8601824377" visible="true" version="1" changeset="102463779" timestamp="2021-04-07T08:44:34Z" user="VLD149" uid="10979429" lat="23.1708482" lon="80.0050915"/>
 <node id="8601824378" visible="true" version="1" changeset="102463779" timestamp="2021-04-07T08:44:34Z" user="VLD149" uid="10979429" lat="23.1708075" lon="80.0051074"/>
 <node id="8601824379" visible="true" version="1" changeset="102463779" timestamp="2021-04-07T08:44:34Z" user="VLD149" uid="10979429" lat="23.1707587" lon="80.0051127"/>
 <node id="8601824380" visible="true" version="1" changeset="102463779" timestamp="2021-04-07T08:44:34Z" user="VLD149" uid="10979429" lat="23.1705157" lon="80.0050809"/>
 <node id="8601841376" visible="true" version="1" changeset="102465006" timestamp="2021-04-07T08:55:46Z" user="VLD149" uid="10979429" lat="23.1707347" lon="79.9997436"/>
 <node id="8601841388" visible="true" version="1" changeset="102465006" timestamp="2021-04-07T08:55:46Z" user="VLD149" uid="10979429" lat="23.1709876" lon="80.0006655"/>
 <node id="8601841398" visible="true" version="1" changeset="102465006" timestamp="2021-04-07T08:55:46Z" user="VLD149" uid="10979429" lat="23.1711571" lon="80.0022611"/>
 <node id="8601877529" visible="true" version="1" changeset="102465006" timestamp="2021-04-07T08:55:46Z" user="VLD149" uid="10979429" lat="23.1711574" lon="80.0024851"/>
 <node id="8601877536" visible="true" version="1" changeset="102465006" timestamp="2021-04-07T08:55:46Z" user="VLD149" uid="10979429" lat="23.1711988" lon="80.0037368"/>
 <node id="8601877551" visible="true" version="1" changeset="102465006" timestamp="2021-04-07T08:55:46Z" user="VLD149" uid="10979429" lat="23.1700568" lon="80.0030278"/>
 <node id="8601877552" visible="true" version="1" changeset="102465006" timestamp="2021-04-07T08:55:46Z" user="VLD149" uid="10979429" lat="23.1700704" lon="80.0033178"/>
 <node id="8601877553" visible="true" version="1" changeset="102465006" timestamp="2021-04-07T08:55:46Z" user="VLD149" uid="10979429" lat="23.1700961" lon="80.0034299"/>
 <node id="8601877554" visible="true" version="1" changeset="102465006" timestamp="2021-04-07T08:55:46Z" user="VLD149" uid="10979429" lat="23.1701670" lon="80.0036237"/>
 <node id="8601877555" visible="true" version="1" changeset="102465006" timestamp="2021-04-07T08:55:46Z" user="VLD149" uid="10979429" lat="23.1703151" lon="80.0038852"/>
 <node id="8601877557" visible="true" version="1" changeset="102465006" timestamp="2021-04-07T08:55:46Z" user="VLD149" uid="10979429" lat="23.1711575" lon="80.0033386"/>
 <node id="8601898755" visible="true" version="1" changeset="102465694" timestamp="2021-04-07T09:02:57Z" user="VLD149" uid="10979429" lat="23.1678420" lon="80.0051621"/>
 <node id="8601898756" visible="true" version="1" changeset="102465694" timestamp="2021-04-07T09:02:57Z" user="VLD149" uid="10979429" lat="23.1687447" lon="80.0053881"/>
 <node id="8601898757" visible="true" version="1" changeset="102465694" timestamp="2021-04-07T09:02:57Z" user="VLD149" uid="10979429" lat="23.1720248" lon="80.0072151"/>
 <node id="8601898758" visible="true" version="1" changeset="102465694" timestamp="2021-04-07T09:02:57Z" user="VLD149" uid="10979429" lat="23.1719738" lon="80.0075078"/>
 <node id="8601898759" visible="true" version="1" changeset="102465694" timestamp="2021-04-07T09:02:57Z" user="VLD149" uid="10979429" lat="23.1719710" lon="80.0076311"/>
 <node id="8601898760" visible="true" version="1" changeset="102465694" timestamp="2021-04-07T09:02:57Z" user="VLD149" uid="10979429" lat="23.1719993" lon="80.0077697"/>
 <node id="8601898761" visible="true" version="1" changeset="102465694" timestamp="2021-04-07T09:02:57Z" user="VLD149" uid="10979429" lat="23.1724242" lon="80.0094119"/>
 <node id="8601898762" visible="true" version="1" changeset="102465694" timestamp="2021-04-07T09:02:57Z" user="VLD149" uid="10979429" lat="23.1725347" lon="80.0097416"/>
 <node id="8601898763" visible="true" version="1" changeset="102465694" timestamp="2021-04-07T09:02:57Z" user="VLD149" uid="10979429" lat="23.1725743" lon="80.0098001"/>
 <node id="8601898764" visible="true" version="1" changeset="102465694" timestamp="2021-04-07T09:02:57Z" user="VLD149" uid="10979429" lat="23.1726027" lon="80.0098186"/>
 <node id="8601898765" visible="true" version="1" changeset="102465694" timestamp="2021-04-07T09:02:57Z" user="VLD149" uid="10979429" lat="23.1726536" lon="80.0098279"/>
 <node id="8601898766" visible="true" version="1" changeset="102465694" timestamp="2021-04-07T09:02:57Z" user="VLD149" uid="10979429" lat="23.1727613" lon="80.0098248"/>
 <node id="8601898767" visible="true" version="1" changeset="102465694" timestamp="2021-04-07T09:02:57Z" user="VLD149" uid="10979429" lat="23.1728066" lon="80.0098340"/>
 <node id="8601898768" visible="true" version="1" changeset="102465694" timestamp="2021-04-07T09:02:57Z" user="VLD149" uid="10979429" lat="23.1728916" lon="80.0098895"/>
 <node id="8601898769" visible="true" version="1" changeset="102465694" timestamp="2021-04-07T09:02:57Z" user="VLD149" uid="10979429" lat="23.1730672" lon="80.0100158"/>
 <node id="8601898770" visible="true" version="1" changeset="102465694" timestamp="2021-04-07T09:02:57Z" user="VLD149" uid="10979429" lat="23.1731153" lon="80.0100743"/>
 <node id="8604999040" visible="true" version="1" changeset="102524259" timestamp="2021-04-08T05:29:59Z" user="VLD251" uid="10979431" lat="23.1863067" lon="79.9876047">
  <tag k="railway" v="level_crossing"/>
 </node>
 <node id="8605027731" visible="true" version="1" changeset="102525201" timestamp="2021-04-08T05:42:48Z" user="VLD251" uid="10979431" lat="23.1855082" lon="79.9916625">
  <tag k="railway" v="level_crossing"/>
 </node>
 <node id="9063929742" visible="true" version="2" changeset="137575312" timestamp="2023-06-20T18:36:20Z" user="Sal73x" uid="1293386" lat="23.1734794" lon="80.0447307"/>
 <node id="9063929743" visible="true" version="2" changeset="137575312" timestamp="2023-06-20T18:36:20Z" user="Sal73x" uid="1293386" lat="23.1729332" lon="80.0444966"/>
 <node id="9063929744" visible="true" version="2" changeset="137575312" timestamp="2023-06-20T18:36:20Z" user="Sal73x" uid="1293386" lat="23.1726039" lon="80.0439489"/>
 <node id="9063929745" visible="true" version="2" changeset="137575312" timestamp="2023-06-20T18:36:20Z" user="Sal73x" uid="1293386" lat="23.1729145" lon="80.0437340"/>
 <node id="9063929783" visible="true" version="2" changeset="137575227" timestamp="2023-06-20T18:33:12Z" user="Sal73x" uid="1293386" lat="23.1814285" lon="80.0584414"/>
 <node id="10111272670" visible="true" version="1" changeset="127725487" timestamp="2022-10-18T12:39:17Z" user="Madhubala S" uid="15097560" lat="23.1759586" lon="80.0233498"/>
 <node id="10111272671" visible="true" version="1" changeset="127725487" timestamp="2022-10-18T12:39:17Z" user="Madhubala S" uid="15097560" lat="23.1759947" lon="80.0237588"/>
 <node id="10111272672" visible="true" version="1" changeset="127725487" timestamp="2022-10-18T12:39:17Z" user="Madhubala S" uid="15097560" lat="23.1759405" lon="80.0240734"/>
 <node id="10111272673" visible="true" version="1" changeset="127725487" timestamp="2022-10-18T12:39:17Z" user="Madhubala S" uid="15097560" lat="23.1760634" lon="80.0244194"/>
 <node id="10111272674" visible="true" version="1" changeset="127725487" timestamp="2022-10-18T12:39:17Z" user="Madhubala S" uid="15097560" lat="23.1761813" lon="80.0245345"/>
 <node id="10302300828" visible="true" version="1" changeset="130823257" timestamp="2023-01-03T11:56:11Z" user="Madhubala S" uid="15097560" lat="23.1689251" lon="79.9951721"/>
 <node id="10760401101" visible="true" version="2" changeset="137575738" timestamp="2023-06-20T18:49:39Z" user="Sal73x" uid="1293386" lat="23.1809238" lon="80.0575611"/>
 <node id="10760401110" visible="true" version="1" changeset="134090532" timestamp="2023-03-25T02:45:02Z" user="Sal73x" uid="1293386" lat="23.1808680" lon="80.0469980"/>
 <node id="10760401111" visible="true" version="1" changeset="134090532" timestamp="2023-03-25T02:45:02Z" user="Sal73x" uid="1293386" lat="23.1830225" lon="80.0507702"/>
 <node id="10760401112" visible="true" version="1" changeset="134090532" timestamp="2023-03-25T02:45:02Z" user="Sal73x" uid="1293386" lat="23.1825116" lon="80.0511199"/>
 <node id="10907873010" visible="true" version="1" changeset="136248007" timestamp="2023-05-18T10:30:57Z" user="sahilister" uid="11840981" lat="23.1892928" lon="80.0027670"/>
 <node id="10907873040" visible="true" version="1" changeset="136248007" timestamp="2023-05-18T10:30:57Z" user="sahilister" uid="11840981" lat="23.1892765" lon="80.0031590"/>
 <node id="10907873041" visible="true" version="1" changeset="136248007" timestamp="2023-05-18T10:30:57Z" user="sahilister" uid="11840981" lat="23.1892196" lon="80.0034036"/>
 <node id="10907873042" visible="true" version="1" changeset="136248007" timestamp="2023-05-18T10:30:57Z" user="sahilister" uid="11840981" lat="23.1891682" lon="80.0035922"/>
 <node id="10907873043" visible="true" version="1" changeset="136248007" timestamp="2023-05-18T10:30:57Z" user="sahilister" uid="11840981" lat="23.1891628" lon="80.0036807"/>
 <node id="10907873044" visible="true" version="1" changeset="136248007" timestamp="2023-05-18T10:30:57Z" user="sahilister" uid="11840981" lat="23.1891790" lon="80.0038251"/>
 <node id="10907873045" visible="true" version="1" changeset="136248007" timestamp="2023-05-18T10:30:57Z" user="sahilister" uid="11840981" lat="23.1893930" lon="80.0046061"/>
 <node id="10907873046" visible="true" version="1" changeset="136248007" timestamp="2023-05-18T10:30:57Z" user="sahilister" uid="11840981" lat="23.1894283" lon="80.0049569"/>
 <node id="10907873047" visible="true" version="1" changeset="136248007" timestamp="2023-05-18T10:30:57Z" user="sahilister" uid="11840981" lat="23.1894716" lon="80.0053842"/>
 <node id="10907873048" visible="true" version="1" changeset="136248007" timestamp="2023-05-18T10:30:57Z" user="sahilister" uid="11840981" lat="23.1894770" lon="80.0056996"/>
 <node id="10907873049" visible="true" version="1" changeset="136248007" timestamp="2023-05-18T10:30:57Z" user="sahilister" uid="11840981" lat="23.1894743" lon="80.0059118"/>
 <node id="10907873050" visible="true" version="1" changeset="136248007" timestamp="2023-05-18T10:30:57Z" user="sahilister" uid="11840981" lat="23.1894283" lon="80.0062832"/>
 <node id="10907873051" visible="true" version="1" changeset="136248007" timestamp="2023-05-18T10:30:57Z" user="sahilister" uid="11840981" lat="23.1892684" lon="80.0069110"/>
 <node id="10907873052" visible="true" version="1" changeset="136248007" timestamp="2023-05-18T10:30:57Z" user="sahilister" uid="11840981" lat="23.1890246" lon="80.0075682"/>
 <node id="10907873053" visible="true" version="1" changeset="136248007" timestamp="2023-05-18T10:30:57Z" user="sahilister" uid="11840981" lat="23.1886697" lon="80.0080162"/>
 <node id="10907873054" visible="true" version="1" changeset="136248007" timestamp="2023-05-18T10:30:57Z" user="sahilister" uid="11840981" lat="23.1882768" lon="80.0084318"/>
 <node id="10907873055" visible="true" version="1" changeset="136248007" timestamp="2023-05-18T10:30:57Z" user="sahilister" uid="11840981" lat="23.1892858" lon="80.0029358">
  <tag k="railway" v="level_crossing"/>
 </node>
 <node id="10907873056" visible="true" version="1" changeset="136248007" timestamp="2023-05-18T10:30:57Z" user="sahilister" uid="11840981" lat="23.1892798" lon="80.0030798">
  <tag k="railway" v="level_crossing"/>
 </node>
 <node id="10907873057" visible="true" version="1" changeset="136248007" timestamp="2023-05-18T10:30:57Z" user="sahilister" uid="11840981" lat="23.1892587" lon="80.0032357">
  <tag k="railway" v="level_crossing"/>
 </node>
 <node id="10907873058" visible="true" version="1" changeset="136248007" timestamp="2023-05-18T10:30:57Z" user="sahilister" uid="11840981" lat="23.1892500" lon="80.0069607"/>
 <node id="10907873059" visible="true" version="1" changeset="136248007" timestamp="2023-05-18T10:30:57Z" user="sahilister" uid="11840981" lat="23.1901706" lon="80.0072086"/>
 <node id="10907873067" visible="true" version="1" changeset="136248007" timestamp="2023-05-18T10:30:57Z" user="sahilister" uid="11840981" lat="23.1897152" lon="80.0070860">
  <tag k="railway" v="level_crossing"/>
 </node>
 <node id="10907873068" visible="true" version="1" changeset="136248007" timestamp="2023-05-18T10:30:57Z" user="sahilister" uid="11840981" lat="23.1900947" lon="80.0074886"/>
 <node id="10907873069" visible="true" version="1" changeset="136248007" timestamp="2023-05-18T10:30:57Z" user="sahilister" uid="11840981" lat="23.1900270" lon="80.0077067"/>
 <node id="10907873070" visible="true" version="1" changeset="136248007" timestamp="2023-05-18T10:30:57Z" user="sahilister" uid="11840981" lat="23.1898970" lon="80.0078954"/>
 <node id="10907873071" visible="true" version="1" changeset="136248007" timestamp="2023-05-18T10:30:57Z" user="sahilister" uid="11840981" lat="23.1896450" lon="80.0081783"/>
 <node id="10907873072" visible="true" version="1" changeset="136248007" timestamp="2023-05-18T10:30:57Z" user="sahilister" uid="11840981" lat="23.1891736" lon="80.0087324"/>
 <node id="10907873073" visible="true" version="1" changeset="136248007" timestamp="2023-05-18T10:30:57Z" user="sahilister" uid="11840981" lat="23.1885125" lon="80.0093897"/>
 <node id="10907873074" visible="true" version="1" changeset="136248007" timestamp="2023-05-18T10:30:57Z" user="sahilister" uid="11840981" lat="23.1878081" lon="80.0100499"/>
 <node id="10907873075" visible="true" version="1" changeset="136248007" timestamp="2023-05-18T10:30:57Z" user="sahilister" uid="11840981" lat="23.1885830" lon="80.0107956"/>
 <node id="10907873076" visible="true" version="1" changeset="136248007" timestamp="2023-05-18T10:30:57Z" user="sahilister" uid="11840981" lat="23.1894852" lon="80.0099320"/>
 <node id="10907873077" visible="true" version="1" changeset="136248007" timestamp="2023-05-18T10:30:57Z" user="sahilister" uid="11840981" lat="23.1896315" lon="80.0097345"/>
 <node id="10907873078" visible="true" version="1" changeset="136248007" timestamp="2023-05-18T10:30:57Z" user="sahilister" uid="11840981" lat="23.1899213" lon="80.0092924"/>
 <node id="10907873079" visible="true" version="1" changeset="136248007" timestamp="2023-05-18T10:30:57Z" user="sahilister" uid="11840981" lat="23.1901652" lon="80.0090006"/>
 <node id="10907873080" visible="true" version="1" changeset="136248007" timestamp="2023-05-18T10:30:57Z" user="sahilister" uid="11840981" lat="23.1903196" lon="80.0088297"/>
 <node id="10907873081" visible="true" version="1" changeset="136248007" timestamp="2023-05-18T10:30:57Z" user="sahilister" uid="11840981" lat="23.1905472" lon="80.0086116"/>
 <node id="10907873082" visible="true" version="1" changeset="136248007" timestamp="2023-05-18T10:30:57Z" user="sahilister" uid="11840981" lat="23.1910348" lon="80.0081901"/>
 <node id="10907873083" visible="true" version="1" changeset="136248007" timestamp="2023-05-18T10:30:57Z" user="sahilister" uid="11840981" lat="23.1915062" lon="80.0077568"/>
 <node id="10907873084" visible="true" version="1" changeset="136248007" timestamp="2023-05-18T10:30:57Z" user="sahilister" uid="11840981" lat="23.1920128" lon="80.0079838"/>
 <node id="10907873085" visible="true" version="1" changeset="136248007" timestamp="2023-05-18T10:30:57Z" user="sahilister" uid="11840981" lat="23.1920752" lon="80.0089771"/>
 <node id="10907873086" visible="true" version="1" changeset="136248007" timestamp="2023-05-18T10:30:57Z" user="sahilister" uid="11840981" lat="23.1920508" lon="80.0091745"/>
 <node id="10907873087" visible="true" version="1" changeset="136248007" timestamp="2023-05-18T10:30:57Z" user="sahilister" uid="11840981" lat="23.1919451" lon="80.0096078"/>
 <node id="10907873088" visible="true" version="1" changeset="136248007" timestamp="2023-05-18T10:30:57Z" user="sahilister" uid="11840981" lat="23.1919207" lon="80.0097552"/>
 <node id="10907873089" visible="true" version="1" changeset="136248007" timestamp="2023-05-18T10:30:57Z" user="sahilister" uid="11840981" lat="23.1919316" lon="80.0099909"/>
 <node id="10907873090" visible="true" version="1" changeset="136248007" timestamp="2023-05-18T10:30:57Z" user="sahilister" uid="11840981" lat="23.1919424" lon="80.0102385"/>
 <node id="10907873091" visible="true" version="1" changeset="136248007" timestamp="2023-05-18T10:30:57Z" user="sahilister" uid="11840981" lat="23.1920318" lon="80.0115413"/>
 <node id="10907873092" visible="true" version="1" changeset="136248007" timestamp="2023-05-18T10:30:57Z" user="sahilister" uid="11840981" lat="23.1920535" lon="80.0116149"/>
 <node id="10907873093" visible="true" version="1" changeset="136248007" timestamp="2023-05-18T10:30:57Z" user="sahilister" uid="11840981" lat="23.1921077" lon="80.0116591"/>
 <node id="10907873094" visible="true" version="1" changeset="136248007" timestamp="2023-05-18T10:30:57Z" user="sahilister" uid="11840981" lat="23.1923813" lon="80.0118596"/>
 <node id="10907873095" visible="true" version="1" changeset="136248007" timestamp="2023-05-18T10:30:57Z" user="sahilister" uid="11840981" lat="23.1924680" lon="80.0118861"/>
 <node id="10907873096" visible="true" version="1" changeset="136248007" timestamp="2023-05-18T10:30:57Z" user="sahilister" uid="11840981" lat="23.1942669" lon="80.0118920"/>
 <node id="10907873097" visible="true" version="1" changeset="136248007" timestamp="2023-05-18T10:30:57Z" user="sahilister" uid="11840981" lat="23.1950823" lon="80.0119067"/>
 <node id="10907873098" visible="true" version="1" changeset="136248007" timestamp="2023-05-18T10:30:57Z" user="sahilister" uid="11840981" lat="23.1952340" lon="80.0118655"/>
 <node id="10907873099" visible="true" version="1" changeset="136248007" timestamp="2023-05-18T10:30:57Z" user="sahilister" uid="11840981" lat="23.1953830" lon="80.0117947"/>
 <node id="10907873100" visible="true" version="1" changeset="136248007" timestamp="2023-05-18T10:30:57Z" user="sahilister" uid="11840981" lat="23.1954562" lon="80.0117446"/>
 <node id="10907873101" visible="true" version="1" changeset="136248007" timestamp="2023-05-18T10:30:57Z" user="sahilister" uid="11840981" lat="23.1955808" lon="80.0117151"/>
 <node id="10907873102" visible="true" version="1" changeset="136248007" timestamp="2023-05-18T10:30:57Z" user="sahilister" uid="11840981" lat="23.1962283" lon="80.0115530"/>
 <node id="10907873103" visible="true" version="1" changeset="136248007" timestamp="2023-05-18T10:30:57Z" user="sahilister" uid="11840981" lat="23.1975286" lon="80.0111876"/>
 <node id="10907873104" visible="true" version="1" changeset="136248007" timestamp="2023-05-18T10:30:57Z" user="sahilister" uid="11840981" lat="23.1975151" lon="80.0101589"/>
 <node id="10907873105" visible="true" version="1" changeset="136248007" timestamp="2023-05-18T10:30:57Z" user="sahilister" uid="11840981" lat="23.1974067" lon="80.0088709"/>
 <node id="10907873106" visible="true" version="1" changeset="136248007" timestamp="2023-05-18T10:30:57Z" user="sahilister" uid="11840981" lat="23.1973742" lon="80.0078777"/>
 <node id="10907873107" visible="true" version="1" changeset="136248007" timestamp="2023-05-18T10:30:57Z" user="sahilister" uid="11840981" lat="23.1972686" lon="80.0063922"/>
 <node id="10907873108" visible="true" version="1" changeset="136248007" timestamp="2023-05-18T10:30:57Z" user="sahilister" uid="11840981" lat="23.1971629" lon="80.0051190"/>
 <node id="10907873109" visible="true" version="1" changeset="136248007" timestamp="2023-05-18T10:30:57Z" user="sahilister" uid="11840981" lat="23.1970898" lon="80.0044028"/>
 <node id="10907873110" visible="true" version="1" changeset="136248007" timestamp="2023-05-18T10:30:57Z" user="sahilister" uid="11840981" lat="23.1969082" lon="80.0030794"/>
 <node id="10907873111" visible="true" version="1" changeset="136248007" timestamp="2023-05-18T10:30:57Z" user="sahilister" uid="11840981" lat="23.1967945" lon="80.0024044"/>
 <node id="10907873112" visible="true" version="1" changeset="136248007" timestamp="2023-05-18T10:30:57Z" user="sahilister" uid="11840981" lat="23.1967620" lon="80.0023013"/>
 <node id="10907873113" visible="true" version="1" changeset="136248007" timestamp="2023-05-18T10:30:57Z" user="sahilister" uid="11840981" lat="23.1967186" lon="80.0022099"/>
 <node id="10907873114" visible="true" version="1" changeset="136248007" timestamp="2023-05-18T10:30:57Z" user="sahilister" uid="11840981" lat="23.1966726" lon="80.0021392"/>
 <node id="10907873115" visible="true" version="1" changeset="136248007" timestamp="2023-05-18T10:30:57Z" user="sahilister" uid="11840981" lat="23.1964802" lon="80.0019270"/>
 <node id="10907873116" visible="true" version="1" changeset="136248007" timestamp="2023-05-18T10:30:57Z" user="sahilister" uid="11840981" lat="23.1962039" lon="80.0016647"/>
 <node id="10907873117" visible="true" version="1" changeset="136248007" timestamp="2023-05-18T10:30:57Z" user="sahilister" uid="11840981" lat="23.1959465" lon="80.0014790"/>
 <node id="10907873118" visible="true" version="1" changeset="136248007" timestamp="2023-05-18T10:30:57Z" user="sahilister" uid="11840981" lat="23.1956025" lon="80.0012226"/>
 <node id="10907873119" visible="true" version="1" changeset="136248007" timestamp="2023-05-18T10:30:57Z" user="sahilister" uid="11840981" lat="23.1955456" lon="80.0011666"/>
 <node id="10907873120" visible="true" version="1" changeset="136248007" timestamp="2023-05-18T10:30:57Z" user="sahilister" uid="11840981" lat="23.1955076" lon="80.0010870"/>
 <node id="10907873121" visible="true" version="1" changeset="136248007" timestamp="2023-05-18T10:30:57Z" user="sahilister" uid="11840981" lat="23.1953614" lon="80.0007362"/>
 <node id="10907873122" visible="true" version="1" changeset="136248007" timestamp="2023-05-18T10:30:57Z" user="sahilister" uid="11840981" lat="23.1953370" lon="80.0006596"/>
 <node id="10907873123" visible="true" version="1" changeset="136248007" timestamp="2023-05-18T10:30:57Z" user="sahilister" uid="11840981" lat="23.1952720" lon="80.0005447"/>
 <node id="10907873124" visible="true" version="1" changeset="136248007" timestamp="2023-05-18T10:30:57Z" user="sahilister" uid="11840981" lat="23.1951961" lon="80.0003914"/>
 <node id="10907873125" visible="true" version="1" changeset="136248007" timestamp="2023-05-18T10:30:57Z" user="sahilister" uid="11840981" lat="23.1950092" lon="79.9999257"/>
 <node id="10907873126" visible="true" version="1" changeset="136248007" timestamp="2023-05-18T10:30:57Z" user="sahilister" uid="11840981" lat="23.1949171" lon="79.9996840"/>
 <node id="10907873127" visible="true" version="1" changeset="136248007" timestamp="2023-05-18T10:30:57Z" user="sahilister" uid="11840981" lat="23.1948602" lon="79.9995219"/>
 <node id="10907873128" visible="true" version="1" changeset="136248007" timestamp="2023-05-18T10:30:57Z" user="sahilister" uid="11840981" lat="23.1948520" lon="79.9993038"/>
 <node id="10907873129" visible="true" version="1" changeset="136248007" timestamp="2023-05-18T10:30:57Z" user="sahilister" uid="11840981" lat="23.1948412" lon="79.9992478"/>
 <node id="10907873130" visible="true" version="1" changeset="136248007" timestamp="2023-05-18T10:30:57Z" user="sahilister" uid="11840981" lat="23.1948033" lon="79.9992360"/>
 <node id="10907873131" visible="true" version="1" changeset="136248007" timestamp="2023-05-18T10:30:57Z" user="sahilister" uid="11840981" lat="23.1940339" lon="79.9991624"/>
 <node id="10907873193" visible="true" version="1" changeset="136248007" timestamp="2023-05-18T10:30:57Z" user="sahilister" uid="11840981" lat="23.1850303" lon="79.9967445"/>
 <node id="10907873194" visible="true" version="1" changeset="136248007" timestamp="2023-05-18T10:30:57Z" user="sahilister" uid="11840981" lat="23.1849631" lon="79.9994610"/>
 <node id="10907873195" visible="true" version="1" changeset="136248007" timestamp="2023-05-18T10:30:57Z" user="sahilister" uid="11840981" lat="23.1849788" lon="80.0005686"/>
 <node id="10907873196" visible="true" version="1" changeset="136248007" timestamp="2023-05-18T10:30:57Z" user="sahilister" uid="11840981" lat="23.1850191" lon="80.0007949"/>
 <node id="10907873197" visible="true" version="1" changeset="136248007" timestamp="2023-05-18T10:30:57Z" user="sahilister" uid="11840981" lat="23.1851578" lon="80.0012891"/>
 <node id="10907873198" visible="true" version="1" changeset="136248007" timestamp="2023-05-18T10:30:57Z" user="sahilister" uid="11840981" lat="23.1853860" lon="80.0021824"/>
 <node id="10907873199" visible="true" version="1" changeset="136248007" timestamp="2023-05-18T10:30:57Z" user="sahilister" uid="11840981" lat="23.1856635" lon="80.0031731"/>
 <node id="10907873200" visible="true" version="1" changeset="136248007" timestamp="2023-05-18T10:30:57Z" user="sahilister" uid="11840981" lat="23.1858045" lon="80.0037792"/>
 <node id="10907873201" visible="true" version="1" changeset="136248007" timestamp="2023-05-18T10:30:57Z" user="sahilister" uid="11840981" lat="23.1862833" lon="80.0055415"/>
 <node id="10907873202" visible="true" version="1" changeset="136248007" timestamp="2023-05-18T10:30:57Z" user="sahilister" uid="11840981" lat="23.1864712" lon="80.0063059"/>
 <node id="10907873203" visible="true" version="1" changeset="136248007" timestamp="2023-05-18T10:30:57Z" user="sahilister" uid="11840981" lat="23.1864959" lon="80.0065809"/>
 <node id="10907873204" visible="true" version="1" changeset="136248007" timestamp="2023-05-18T10:30:57Z" user="sahilister" uid="11840981" lat="23.1865182" lon="80.0068609"/>
 <node id="10907873205" visible="true" version="1" changeset="136248007" timestamp="2023-05-18T10:30:57Z" user="sahilister" uid="11840981" lat="23.1865205" lon="80.0071043"/>
 <node id="10907873206" visible="true" version="1" changeset="136248007" timestamp="2023-05-18T10:30:57Z" user="sahilister" uid="11840981" lat="23.1865160" lon="80.0072625"/>
 <node id="10907873207" visible="true" version="1" changeset="136248007" timestamp="2023-05-18T10:30:57Z" user="sahilister" uid="11840981" lat="23.1864690" lon="80.0073818"/>
 <node id="10907873208" visible="true" version="1" changeset="136248007" timestamp="2023-05-18T10:30:57Z" user="sahilister" uid="11840981" lat="23.1863594" lon="80.0075132"/>
 <node id="10907873209" visible="true" version="1" changeset="136248007" timestamp="2023-05-18T10:30:57Z" user="sahilister" uid="11840981" lat="23.1862676" lon="80.0075838"/>
 <node id="10907873210" visible="true" version="1" changeset="136248007" timestamp="2023-05-18T10:30:57Z" user="sahilister" uid="11840981" lat="23.1860976" lon="80.0076690"/>
 <node id="10907873211" visible="true" version="1" changeset="136248007" timestamp="2023-05-18T10:30:57Z" user="sahilister" uid="11840981" lat="23.1859454" lon="80.0077079"/>
 <node id="10907873212" visible="true" version="1" changeset="136248007" timestamp="2023-05-18T10:30:57Z" user="sahilister" uid="11840981" lat="23.1858201" lon="80.0077201"/>
 <node id="10907873213" visible="true" version="1" changeset="136248007" timestamp="2023-05-18T10:30:57Z" user="sahilister" uid="11840981" lat="23.1857508" lon="80.0077542"/>
 <node id="10907873214" visible="true" version="1" changeset="136248007" timestamp="2023-05-18T10:30:57Z" user="sahilister" uid="11840981" lat="23.1856277" lon="80.0080925"/>
 <node id="10907873215" visible="true" version="1" changeset="136248007" timestamp="2023-05-18T10:30:57Z" user="sahilister" uid="11840981" lat="23.1852876" lon="80.0090735"/>
 <node id="10907873216" visible="true" version="1" changeset="136248007" timestamp="2023-05-18T10:30:57Z" user="sahilister" uid="11840981" lat="23.1851489" lon="80.0095701"/>
 <node id="10907873217" visible="true" version="1" changeset="136248007" timestamp="2023-05-18T10:30:57Z" user="sahilister" uid="11840981" lat="23.1851019" lon="80.0097624"/>
 <node id="10907873218" visible="true" version="1" changeset="136248007" timestamp="2023-05-18T10:30:57Z" user="sahilister" uid="11840981" lat="23.1849676" lon="80.0103417"/>
 <node id="10907873219" visible="true" version="1" changeset="136248007" timestamp="2023-05-18T10:30:57Z" user="sahilister" uid="11840981" lat="23.1849027" lon="80.0108723"/>
 <node id="10907873220" visible="true" version="1" changeset="136248007" timestamp="2023-05-18T10:30:57Z" user="sahilister" uid="11840981" lat="23.1848356" lon="80.0118046"/>
 <node id="10907873221" visible="true" version="1" changeset="136248007" timestamp="2023-05-18T10:30:57Z" user="sahilister" uid="11840981" lat="23.1851313" lon="80.0011947">
  <tag k="railway" v="level_crossing"/>
 </node>
 <node id="10907873222" visible="true" version="1" changeset="136248007" timestamp="2023-05-18T10:30:57Z" user="sahilister" uid="11840981" lat="23.1857154" lon="80.0033964">
  <tag k="railway" v="level_crossing"/>
 </node>
 <node id="10907873223" visible="true" version="1" changeset="136248007" timestamp="2023-05-18T10:30:57Z" user="sahilister" uid="11840981" lat="23.1859748" lon="80.0044061"/>
 <node id="10907873224" visible="true" version="1" changeset="136248007" timestamp="2023-05-18T10:30:57Z" user="sahilister" uid="11840981" lat="23.1852049" lon="80.0051609"/>
 <node id="10907873225" visible="true" version="1" changeset="136248007" timestamp="2023-05-18T10:30:57Z" user="sahilister" uid="11840981" lat="23.1850376" lon="80.0053072"/>
 <node id="10907873226" visible="true" version="1" changeset="136248007" timestamp="2023-05-18T10:30:57Z" user="sahilister" uid="11840981" lat="23.1849720" lon="80.0053893"/>
 <node id="10907873227" visible="true" version="1" changeset="136248007" timestamp="2023-05-18T10:30:57Z" user="sahilister" uid="11840981" lat="23.1845718" lon="80.0057355"/>
 <node id="10907873228" visible="true" version="1" changeset="136248007" timestamp="2023-05-18T10:30:57Z" user="sahilister" uid="11840981" lat="23.1841748" lon="80.0061280"/>
 <node id="10907873229" visible="true" version="1" changeset="136248007" timestamp="2023-05-18T10:30:57Z" user="sahilister" uid="11840981" lat="23.1839058" lon="80.0064921"/>
 <node id="10907873230" visible="true" version="1" changeset="136248007" timestamp="2023-05-18T10:30:57Z" user="sahilister" uid="11840981" lat="23.1832300" lon="80.0074128"/>
 <node id="10907873231" visible="true" version="1" changeset="136248007" timestamp="2023-05-18T10:30:57Z" user="sahilister" uid="11840981" lat="23.1823738" lon="80.0086155"/>
 <node id="10907873232" visible="true" version="1" changeset="136248007" timestamp="2023-05-18T10:30:57Z" user="sahilister" uid="11840981" lat="23.1818522" lon="80.0093720"/>
 <node id="10907873233" visible="true" version="1" changeset="136248007" timestamp="2023-05-18T10:30:57Z" user="sahilister" uid="11840981" lat="23.1817636" lon="80.0095005"/>
 <node id="10907873234" visible="true" version="1" changeset="136248007" timestamp="2023-05-18T10:30:57Z" user="sahilister" uid="11840981" lat="23.1817034" lon="80.0095490"/>
 <node id="10907873235" visible="true" version="1" changeset="136248007" timestamp="2023-05-18T10:30:57Z" user="sahilister" uid="11840981" lat="23.1816347" lon="80.0095658"/>
 <node id="10907873236" visible="true" version="1" changeset="136248007" timestamp="2023-05-18T10:30:57Z" user="sahilister" uid="11840981" lat="23.1815478" lon="80.0095780"/>
 <node id="10907873237" visible="true" version="1" changeset="136248007" timestamp="2023-05-18T10:30:57Z" user="sahilister" uid="11840981" lat="23.1814920" lon="80.0095808"/>
 <node id="10907873238" visible="true" version="1" changeset="136248007" timestamp="2023-05-18T10:30:57Z" user="sahilister" uid="11840981" lat="23.1814567" lon="80.0095780"/>
 <node id="10907873239" visible="true" version="1" changeset="136248007" timestamp="2023-05-18T10:30:57Z" user="sahilister" uid="11840981" lat="23.1813648" lon="80.0095812"/>
 <node id="10907873240" visible="true" version="1" changeset="136248007" timestamp="2023-05-18T10:30:57Z" user="sahilister" uid="11840981" lat="23.1812954" lon="80.0095301"/>
 <node id="10907873241" visible="true" version="1" changeset="136248007" timestamp="2023-05-18T10:30:57Z" user="sahilister" uid="11840981" lat="23.1812775" lon="80.0095155"/>
 <node id="10907873242" visible="true" version="1" changeset="136248007" timestamp="2023-05-18T10:30:57Z" user="sahilister" uid="11840981" lat="23.1849680" lon="79.9998081"/>
 <node id="10907873318" visible="true" version="1" changeset="136248007" timestamp="2023-05-18T10:30:57Z" user="sahilister" uid="11840981" lat="23.1840554" lon="80.0025513"/>
 <node id="10907873321" visible="true" version="1" changeset="136248007" timestamp="2023-05-18T10:30:57Z" user="sahilister" uid="11840981" lat="23.1855279" lon="80.0026890"/>
 <node id="10907873323" visible="true" version="1" changeset="136248007" timestamp="2023-05-18T10:30:57Z" user="sahilister" uid="11840981" lat="23.1839322" lon="80.0026680"/>
 <node id="10907873324" visible="true" version="1" changeset="136248007" timestamp="2023-05-18T10:30:57Z" user="sahilister" uid="11840981" lat="23.1837932" lon="80.0028840"/>
 <node id="10907873325" visible="true" version="1" changeset="136248007" timestamp="2023-05-18T10:30:57Z" user="sahilister" uid="11840981" lat="23.1836502" lon="80.0030266"/>
 <node id="10907873326" visible="true" version="1" changeset="136248007" timestamp="2023-05-18T10:30:57Z" user="sahilister" uid="11840981" lat="23.1835469" lon="80.0030914"/>
 <node id="10907873327" visible="true" version="1" changeset="136248007" timestamp="2023-05-18T10:30:57Z" user="sahilister" uid="11840981" lat="23.1822758" lon="80.0028883"/>
 <node id="10907873328" visible="true" version="1" changeset="136248007" timestamp="2023-05-18T10:30:57Z" user="sahilister" uid="11840981" lat="23.1821606" lon="80.0028927"/>
 <node id="10907873329" visible="true" version="1" changeset="136248007" timestamp="2023-05-18T10:30:57Z" user="sahilister" uid="11840981" lat="23.1820891" lon="80.0029532"/>
 <node id="10907873330" visible="true" version="1" changeset="136248007" timestamp="2023-05-18T10:30:57Z" user="sahilister" uid="11840981" lat="23.1818031" lon="80.0033594"/>
 <node id="10907873331" visible="true" version="1" changeset="136248007" timestamp="2023-05-18T10:30:57Z" user="sahilister" uid="11840981" lat="23.1805518" lon="80.0056539"/>
 <node id="10907873332" visible="true" version="1" changeset="136248007" timestamp="2023-05-18T10:30:57Z" user="sahilister" uid="11840981" lat="23.1799957" lon="80.0065613"/>
 <node id="10907873333" visible="true" version="1" changeset="136248007" timestamp="2023-05-18T10:30:57Z" user="sahilister" uid="11840981" lat="23.1800434" lon="80.0072138"/>
 <node id="10907873334" visible="true" version="1" changeset="136248007" timestamp="2023-05-18T10:30:57Z" user="sahilister" uid="11840981" lat="23.1838876" lon="80.0027373">
  <tag k="railway" v="level_crossing"/>
 </node>
 <node id="10907873370" visible="true" version="1" changeset="136248007" timestamp="2023-05-18T10:30:57Z" user="sahilister" uid="11840981" lat="23.1826134" lon="80.0041026"/>
 <node id="10907873371" visible="true" version="1" changeset="136248007" timestamp="2023-05-18T10:30:57Z" user="sahilister" uid="11840981" lat="23.1828041" lon="80.0043057"/>
 <node id="10907873372" visible="true" version="1" changeset="136248007" timestamp="2023-05-18T10:30:57Z" user="sahilister" uid="11840981" lat="23.1830265" lon="80.0046298"/>
 <node id="10907873373" visible="true" version="1" changeset="136248007" timestamp="2023-05-18T10:30:57Z" user="sahilister" uid="11840981" lat="23.1832410" lon="80.0048674"/>
 <node id="10907873374" visible="true" version="1" changeset="136248007" timestamp="2023-05-18T10:30:57Z" user="sahilister" uid="11840981" lat="23.1833721" lon="80.0049150"/>
 <node id="10907873375" visible="true" version="1" changeset="136248007" timestamp="2023-05-18T10:30:57Z" user="sahilister" uid="11840981" lat="23.1843731" lon="80.0050878"/>
 <node id="10907873376" visible="true" version="1" changeset="136248007" timestamp="2023-05-18T10:30:57Z" user="sahilister" uid="11840981" lat="23.1850007" lon="80.0052088"/>
 <node id="10907873377" visible="true" version="1" changeset="136248007" timestamp="2023-05-18T10:30:57Z" user="sahilister" uid="11840981" lat="23.1851559" lon="80.0052038"/>
 <node id="10907873378" visible="true" version="1" changeset="136248007" timestamp="2023-05-18T10:30:57Z" user="sahilister" uid="11840981" lat="23.1865184" lon="80.0071771"/>
 <node id="10907873379" visible="true" version="1" changeset="136248007" timestamp="2023-05-18T10:30:57Z" user="sahilister" uid="11840981" lat="23.1869060" lon="80.0086509"/>
 <node id="10907873380" visible="true" version="1" changeset="136248007" timestamp="2023-05-18T10:30:57Z" user="sahilister" uid="11840981" lat="23.1869880" lon="80.0089471"/>
 <node id="10907873381" visible="true" version="1" changeset="136248007" timestamp="2023-05-18T10:30:57Z" user="sahilister" uid="11840981" lat="23.1870372" lon="80.0090470"/>
 <node id="10907873382" visible="true" version="1" changeset="136248007" timestamp="2023-05-18T10:30:57Z" user="sahilister" uid="11840981" lat="23.1871914" lon="80.0091576"/>
 <node id="10907873383" visible="true" version="1" changeset="136248007" timestamp="2023-05-18T10:30:57Z" user="sahilister" uid="11840981" lat="23.1886540" lon="80.0109152"/>
 <node id="10907873384" visible="true" version="1" changeset="136248007" timestamp="2023-05-18T10:30:57Z" user="sahilister" uid="11840981" lat="23.1888739" lon="80.0111765"/>
 <node id="10907873385" visible="true" version="1" changeset="136248007" timestamp="2023-05-18T10:30:57Z" user="sahilister" uid="11840981" lat="23.1891049" lon="80.0115705"/>
 <node id="10907873386" visible="true" version="1" changeset="136248007" timestamp="2023-05-18T10:30:57Z" user="sahilister" uid="11840981" lat="23.1891751" lon="80.0118520"/>
 <node id="10907873387" visible="true" version="1" changeset="136248007" timestamp="2023-05-18T10:30:57Z" user="sahilister" uid="11840981" lat="23.1890883" lon="80.0125114"/>
 <node id="10907873388" visible="true" version="1" changeset="136248007" timestamp="2023-05-18T10:30:57Z" user="sahilister" uid="11840981" lat="23.1889294" lon="80.0131346"/>
 <node id="10907873389" visible="true" version="1" changeset="136248007" timestamp="2023-05-18T10:30:57Z" user="sahilister" uid="11840981" lat="23.1887132" lon="80.0138543"/>
 <node id="10907873390" visible="true" version="1" changeset="136248007" timestamp="2023-05-18T10:30:57Z" user="sahilister" uid="11840981" lat="23.1881311" lon="80.0137537"/>
 <node id="10907873391" visible="true" version="1" changeset="136248007" timestamp="2023-05-18T10:30:57Z" user="sahilister" uid="11840981" lat="23.1875342" lon="80.0135949"/>
 <node id="10907873392" visible="true" version="1" changeset="136248007" timestamp="2023-05-18T10:30:57Z" user="sahilister" uid="11840981" lat="23.1867673" lon="80.0133919"/>
 <node id="10907873393" visible="true" version="1" changeset="136248007" timestamp="2023-05-18T10:30:57Z" user="sahilister" uid="11840981" lat="23.1858113" lon="80.0130830"/>
 <node id="10907873394" visible="true" version="1" changeset="136248007" timestamp="2023-05-18T10:30:57Z" user="sahilister" uid="11840981" lat="23.1856959" lon="80.0130778"/>
 <node id="10907873395" visible="true" version="1" changeset="136248007" timestamp="2023-05-18T10:30:57Z" user="sahilister" uid="11840981" lat="23.1850466" lon="80.0134336"/>
 <node id="10907873396" visible="true" version="1" changeset="136248007" timestamp="2023-05-18T10:30:57Z" user="sahilister" uid="11840981" lat="23.1844502" lon="80.0143963"/>
 <node id="10907873397" visible="true" version="1" changeset="136248007" timestamp="2023-05-18T10:30:57Z" user="sahilister" uid="11840981" lat="23.1842049" lon="80.0146631"/>
 <node id="10907873398" visible="true" version="1" changeset="136248007" timestamp="2023-05-18T10:30:57Z" user="sahilister" uid="11840981" lat="23.1840077" lon="80.0147364"/>
 <node id="10907873399" visible="true" version="1" changeset="136248007" timestamp="2023-05-18T10:30:57Z" user="sahilister" uid="11840981" lat="23.1822569" lon="80.0146056"/>
 <node id="10907873400" visible="true" version="1" changeset="136248007" timestamp="2023-05-18T10:30:57Z" user="sahilister" uid="11840981" lat="23.1821520" lon="80.0145484"/>
 <node id="10907873401" visible="true" version="1" changeset="136248007" timestamp="2023-05-18T10:30:57Z" user="sahilister" uid="11840981" lat="23.1814896" lon="80.0139341"/>
 <node id="10907873402" visible="true" version="1" changeset="136248007" timestamp="2023-05-18T10:30:57Z" user="sahilister" uid="11840981" lat="23.1812531" lon="80.0137681"/>
 <node id="10907873403" visible="true" version="1" changeset="136248007" timestamp="2023-05-18T10:30:57Z" user="sahilister" uid="11840981" lat="23.1810211" lon="80.0136137"/>
 <node id="10907873404" visible="true" version="1" changeset="136248007" timestamp="2023-05-18T10:30:57Z" user="sahilister" uid="11840981" lat="23.1809341" lon="80.0135456"/>
 <node id="10907873405" visible="true" version="1" changeset="136248007" timestamp="2023-05-18T10:30:57Z" user="sahilister" uid="11840981" lat="23.1808318" lon="80.0133746"/>
 <node id="10907873406" visible="true" version="1" changeset="136248007" timestamp="2023-05-18T10:30:57Z" user="sahilister" uid="11840981" lat="23.1807204" lon="80.0131405"/>
 <node id="10907873407" visible="true" version="1" changeset="136248007" timestamp="2023-05-18T10:30:57Z" user="sahilister" uid="11840981" lat="23.1802977" lon="80.0126707"/>
 <node id="10907873408" visible="true" version="1" changeset="136248007" timestamp="2023-05-18T10:30:57Z" user="sahilister" uid="11840981" lat="23.1802000" lon="80.0125860"/>
 <node id="10907873409" visible="true" version="1" changeset="136248007" timestamp="2023-05-18T10:30:57Z" user="sahilister" uid="11840981" lat="23.1800443" lon="80.0124814"/>
 <node id="10907873410" visible="true" version="1" changeset="136248007" timestamp="2023-05-18T10:30:57Z" user="sahilister" uid="11840981" lat="23.1797589" lon="80.0122440"/>
 <node id="10907873411" visible="true" version="1" changeset="136248007" timestamp="2023-05-18T10:30:57Z" user="sahilister" uid="11840981" lat="23.1794933" lon="80.0119800"/>
 <node id="10907873412" visible="true" version="1" changeset="136248007" timestamp="2023-05-18T10:30:57Z" user="sahilister" uid="11840981" lat="23.1790645" lon="80.0114886"/>
 <node id="10907873413" visible="true" version="1" changeset="136248007" timestamp="2023-05-18T10:30:57Z" user="sahilister" uid="11840981" lat="23.1788828" lon="80.0112329"/>
 <node id="10907873414" visible="true" version="1" changeset="136248007" timestamp="2023-05-18T10:30:57Z" user="sahilister" uid="11840981" lat="23.1788019" lon="80.0111084"/>
 <node id="10907873415" visible="true" version="1" changeset="136248007" timestamp="2023-05-18T10:30:57Z" user="sahilister" uid="11840981" lat="23.1783257" lon="80.0106319"/>
 <node id="10907873416" visible="true" version="1" changeset="136248007" timestamp="2023-05-18T10:30:57Z" user="sahilister" uid="11840981" lat="23.1778053" lon="80.0100856"/>
 <node id="10907873417" visible="true" version="1" changeset="136248007" timestamp="2023-05-18T10:30:57Z" user="sahilister" uid="11840981" lat="23.1773443" lon="80.0095361"/>
 <node id="10907873418" visible="true" version="1" changeset="136248007" timestamp="2023-05-18T10:30:57Z" user="sahilister" uid="11840981" lat="23.1770788" lon="80.0092239"/>
 <node id="10907873419" visible="true" version="1" changeset="136248007" timestamp="2023-05-18T10:30:57Z" user="sahilister" uid="11840981" lat="23.1769933" lon="80.0091459"/>
 <node id="10907873420" visible="true" version="1" changeset="136248007" timestamp="2023-05-18T10:30:57Z" user="sahilister" uid="11840981" lat="23.1767583" lon="80.0089566"/>
 <node id="10907873421" visible="true" version="1" changeset="136248007" timestamp="2023-05-18T10:30:57Z" user="sahilister" uid="11840981" lat="23.1765415" lon="80.0088188"/>
 <node id="10907873422" visible="true" version="1" changeset="136248007" timestamp="2023-05-18T10:30:57Z" user="sahilister" uid="11840981" lat="23.1763263" lon="80.0087059"/>
 <node id="10907873423" visible="true" version="1" changeset="136248007" timestamp="2023-05-18T10:30:57Z" user="sahilister" uid="11840981" lat="23.1762164" lon="80.0086196"/>
 <node id="10907873424" visible="true" version="1" changeset="136248007" timestamp="2023-05-18T10:30:57Z" user="sahilister" uid="11840981" lat="23.1754731" lon="80.0080518"/>
 <node id="10907873425" visible="true" version="1" changeset="136248007" timestamp="2023-05-18T10:30:57Z" user="sahilister" uid="11840981" lat="23.1748275" lon="80.0075487"/>
 <node id="10907873426" visible="true" version="1" changeset="136248007" timestamp="2023-05-18T10:30:57Z" user="sahilister" uid="11840981" lat="23.1745711" lon="80.0073545"/>
 <node id="10907873427" visible="true" version="1" changeset="136248007" timestamp="2023-05-18T10:30:57Z" user="sahilister" uid="11840981" lat="23.1744826" lon="80.0072665"/>
 <node id="10907873428" visible="true" version="1" changeset="136248007" timestamp="2023-05-18T10:30:57Z" user="sahilister" uid="11840981" lat="23.1743772" lon="80.0071204"/>
 <node id="10907873429" visible="true" version="1" changeset="136248007" timestamp="2023-05-18T10:30:57Z" user="sahilister" uid="11840981" lat="23.1742872" lon="80.0070075"/>
 <node id="10907873430" visible="true" version="1" changeset="136248007" timestamp="2023-05-18T10:30:57Z" user="sahilister" uid="11840981" lat="23.1741239" lon="80.0067900"/>
 <node id="10907873431" visible="true" version="1" changeset="136248007" timestamp="2023-05-18T10:30:57Z" user="sahilister" uid="11840981" lat="23.1739132" lon="80.0065791"/>
 <node id="10907873432" visible="true" version="1" changeset="136248007" timestamp="2023-05-18T10:30:57Z" user="sahilister" uid="11840981" lat="23.1738140" lon="80.0064629"/>
 <node id="10907873433" visible="true" version="1" changeset="136248007" timestamp="2023-05-18T10:30:57Z" user="sahilister" uid="11840981" lat="23.1737041" lon="80.0062720"/>
 <node id="10907873434" visible="true" version="1" changeset="136248007" timestamp="2023-05-18T10:30:57Z" user="sahilister" uid="11840981" lat="23.1735546" lon="80.0059765"/>
 <node id="10907873435" visible="true" version="1" changeset="136248007" timestamp="2023-05-18T10:30:57Z" user="sahilister" uid="11840981" lat="23.1733348" lon="80.0056627"/>
 <node id="10907873436" visible="true" version="1" changeset="136248007" timestamp="2023-05-18T10:30:57Z" user="sahilister" uid="11840981" lat="23.1727700" lon="80.0049056"/>
 <node id="10907873437" visible="true" version="1" changeset="136248007" timestamp="2023-05-18T10:30:57Z" user="sahilister" uid="11840981" lat="23.1723304" lon="80.0043095"/>
 <node id="10907873438" visible="true" version="1" changeset="136248007" timestamp="2023-05-18T10:30:57Z" user="sahilister" uid="11840981" lat="23.1721473" lon="80.0040256"/>
 <node id="10907873439" visible="true" version="1" changeset="136248007" timestamp="2023-05-18T10:30:57Z" user="sahilister" uid="11840981" lat="23.1720511" lon="80.0037832"/>
 <node id="10907873440" visible="true" version="1" changeset="136248007" timestamp="2023-05-18T10:30:57Z" user="sahilister" uid="11840981" lat="23.1720313" lon="80.0036570"/>
 <node id="10907873441" visible="true" version="1" changeset="136248007" timestamp="2023-05-18T10:30:57Z" user="sahilister" uid="11840981" lat="23.1720496" lon="80.0035475"/>
 <node id="10907873442" visible="true" version="1" changeset="136248007" timestamp="2023-05-18T10:30:57Z" user="sahilister" uid="11840981" lat="23.1721045" lon="80.0034512"/>
 <node id="10907873443" visible="true" version="1" changeset="136248007" timestamp="2023-05-18T10:30:57Z" user="sahilister" uid="11840981" lat="23.1721702" lon="80.0033001"/>
 <node id="10907873444" visible="true" version="1" changeset="136248007" timestamp="2023-05-18T10:30:57Z" user="sahilister" uid="11840981" lat="23.1721915" lon="80.0030992"/>
 <node id="10907873445" visible="true" version="1" changeset="136248007" timestamp="2023-05-18T10:30:57Z" user="sahilister" uid="11840981" lat="23.1721824" lon="80.0029199"/>
 <node id="10907873446" visible="true" version="1" changeset="136248007" timestamp="2023-05-18T10:30:57Z" user="sahilister" uid="11840981" lat="23.1721442" lon="80.0028186"/>
 <node id="10907873447" visible="true" version="1" changeset="136248007" timestamp="2023-05-18T10:30:57Z" user="sahilister" uid="11840981" lat="23.1720954" lon="80.0025995"/>
 <node id="10907873448" visible="true" version="1" changeset="136248007" timestamp="2023-05-18T10:30:57Z" user="sahilister" uid="11840981" lat="23.1720816" lon="80.0023371"/>
 <node id="10907873449" visible="true" version="1" changeset="136248007" timestamp="2023-05-18T10:30:57Z" user="sahilister" uid="11840981" lat="23.1721839" lon="80.0009408"/>
 <node id="10907873450" visible="true" version="1" changeset="136248007" timestamp="2023-05-18T10:30:57Z" user="sahilister" uid="11840981" lat="23.1723075" lon="79.9995246"/>
 <node id="10907873451" visible="true" version="1" changeset="136248007" timestamp="2023-05-18T10:30:57Z" user="sahilister" uid="11840981" lat="23.1723503" lon="79.9991942"/>
 <node id="10907873452" visible="true" version="1" changeset="136248007" timestamp="2023-05-18T10:30:57Z" user="sahilister" uid="11840981" lat="23.1723671" lon="79.9987609"/>
 <node id="10907873453" visible="true" version="1" changeset="136248007" timestamp="2023-05-18T10:30:57Z" user="sahilister" uid="11840981" lat="23.1723839" lon="79.9986978"/>
 <node id="10907873454" visible="true" version="1" changeset="136248007" timestamp="2023-05-18T10:30:57Z" user="sahilister" uid="11840981" lat="23.1724312" lon="79.9986629"/>
 <node id="10907873455" visible="true" version="1" changeset="136248007" timestamp="2023-05-18T10:30:57Z" user="sahilister" uid="11840981" lat="23.1724953" lon="79.9986613"/>
 <node id="10907873456" visible="true" version="1" changeset="136248007" timestamp="2023-05-18T10:30:57Z" user="sahilister" uid="11840981" lat="23.1725426" lon="79.9986563"/>
 <node id="10907873457" visible="true" version="1" changeset="136248007" timestamp="2023-05-18T10:30:57Z" user="sahilister" uid="11840981" lat="23.1725762" lon="79.9986231"/>
 <node id="10907873458" visible="true" version="1" changeset="136248007" timestamp="2023-05-18T10:30:57Z" user="sahilister" uid="11840981" lat="23.1725853" lon="79.9985550"/>
 <node id="10907873459" visible="true" version="1" changeset="136248007" timestamp="2023-05-18T10:30:57Z" user="sahilister" uid="11840981" lat="23.1725579" lon="79.9984405"/>
 <node id="10907873460" visible="true" version="1" changeset="136248007" timestamp="2023-05-18T10:30:57Z" user="sahilister" uid="11840981" lat="23.1725273" lon="79.9983259"/>
 <node id="10907873461" visible="true" version="1" changeset="136248007" timestamp="2023-05-18T10:30:57Z" user="sahilister" uid="11840981" lat="23.1725472" lon="79.9982545"/>
 <node id="10907873462" visible="true" version="1" changeset="136248007" timestamp="2023-05-18T10:30:57Z" user="sahilister" uid="11840981" lat="23.1730600" lon="79.9972999"/>
 <node id="10907873463" visible="true" version="1" changeset="136248007" timestamp="2023-05-18T10:30:57Z" user="sahilister" uid="11840981" lat="23.1731058" lon="79.9972168"/>
 <node id="10907873464" visible="true" version="1" changeset="136248007" timestamp="2023-05-18T10:30:57Z" user="sahilister" uid="11840981" lat="23.1731699" lon="79.9971455"/>
 <node id="10907873465" visible="true" version="1" changeset="136248007" timestamp="2023-05-18T10:30:57Z" user="sahilister" uid="11840981" lat="23.1734019" lon="79.9969794"/>
 <node id="10907873466" visible="true" version="1" changeset="136248007" timestamp="2023-05-18T10:30:57Z" user="sahilister" uid="11840981" lat="23.1735546" lon="79.9969130"/>
 <node id="10907873467" visible="true" version="1" changeset="136248007" timestamp="2023-05-18T10:30:57Z" user="sahilister" uid="11840981" lat="23.1735958" lon="79.9969047"/>
 <node id="10907873468" visible="true" version="1" changeset="136248007" timestamp="2023-05-18T10:30:57Z" user="sahilister" uid="11840981" lat="23.1736965" lon="79.9968931"/>
 <node id="10907873469" visible="true" version="1" changeset="136248007" timestamp="2023-05-18T10:30:57Z" user="sahilister" uid="11840981" lat="23.1747481" lon="79.9968781"/>
 <node id="10907873470" visible="true" version="1" changeset="136248007" timestamp="2023-05-18T10:30:57Z" user="sahilister" uid="11840981" lat="23.1755189" lon="79.9968499"/>
 <node id="10907873471" visible="true" version="1" changeset="136248007" timestamp="2023-05-18T10:30:57Z" user="sahilister" uid="11840981" lat="23.1762897" lon="79.9968366"/>
 <node id="10907873472" visible="true" version="1" changeset="136248007" timestamp="2023-05-18T10:30:57Z" user="sahilister" uid="11840981" lat="23.1763675" lon="79.9968499"/>
 <node id="10907873473" visible="true" version="1" changeset="136248007" timestamp="2023-05-18T10:30:57Z" user="sahilister" uid="11840981" lat="23.1764240" lon="79.9968715"/>
 <node id="10907873474" visible="true" version="1" changeset="136248007" timestamp="2023-05-18T10:30:57Z" user="sahilister" uid="11840981" lat="23.1766972" lon="79.9969910"/>
 <node id="10907873475" visible="true" version="1" changeset="136248007" timestamp="2023-05-18T10:30:57Z" user="sahilister" uid="11840981" lat="23.1767873" lon="79.9969927"/>
 <node id="10907873476" visible="true" version="1" changeset="136248007" timestamp="2023-05-18T10:30:57Z" user="sahilister" uid="11840981" lat="23.1777244" lon="79.9969280"/>
 <node id="10907873477" visible="true" version="1" changeset="136248007" timestamp="2023-05-18T10:30:57Z" user="sahilister" uid="11840981" lat="23.1782632" lon="79.9968566"/>
 <node id="10907873478" visible="true" version="1" changeset="136248007" timestamp="2023-05-18T10:30:57Z" user="sahilister" uid="11840981" lat="23.1786432" lon="79.9967885"/>
 <node id="10907873479" visible="true" version="1" changeset="136248007" timestamp="2023-05-18T10:30:57Z" user="sahilister" uid="11840981" lat="23.1788615" lon="79.9967553"/>
 <node id="10907873480" visible="true" version="1" changeset="136248007" timestamp="2023-05-18T10:30:57Z" user="sahilister" uid="11840981" lat="23.1795925" lon="79.9967387"/>
 <node id="10907873481" visible="true" version="1" changeset="136248007" timestamp="2023-05-18T10:30:57Z" user="sahilister" uid="11840981" lat="23.1796658" lon="79.9967569"/>
 <node id="10907873482" visible="true" version="1" changeset="136248007" timestamp="2023-05-18T10:30:57Z" user="sahilister" uid="11840981" lat="23.1798138" lon="79.9968333"/>
 <node id="10907873483" visible="true" version="1" changeset="136248007" timestamp="2023-05-18T10:30:57Z" user="sahilister" uid="11840981" lat="23.1799344" lon="79.9968865"/>
 <node id="10907873484" visible="true" version="1" changeset="136248007" timestamp="2023-05-18T10:30:57Z" user="sahilister" uid="11840981" lat="23.1800275" lon="79.9969047"/>
 <node id="10907873485" visible="true" version="1" changeset="136248007" timestamp="2023-05-18T10:30:57Z" user="sahilister" uid="11840981" lat="23.1801237" lon="79.9969014"/>
 <node id="10907873486" visible="true" version="1" changeset="136248007" timestamp="2023-05-18T10:30:57Z" user="sahilister" uid="11840981" lat="23.1802351" lon="79.9968748"/>
 <node id="10907873487" visible="true" version="1" changeset="136248007" timestamp="2023-05-18T10:30:57Z" user="sahilister" uid="11840981" lat="23.1805678" lon="79.9967569"/>
 <node id="10907873488" visible="true" version="1" changeset="136248007" timestamp="2023-05-18T10:30:57Z" user="sahilister" uid="11840981" lat="23.1807342" lon="79.9966856"/>
 <node id="10907873489" visible="true" version="1" changeset="136248007" timestamp="2023-05-18T10:30:57Z" user="sahilister" uid="11840981" lat="23.1807861" lon="79.9966789"/>
 <node id="10907873490" visible="true" version="1" changeset="136248007" timestamp="2023-05-18T10:30:57Z" user="sahilister" uid="11840981" lat="23.1809020" lon="79.9966839"/>
 <node id="10907873491" visible="true" version="1" changeset="136248007" timestamp="2023-05-18T10:30:57Z" user="sahilister" uid="11840981" lat="23.1809997" lon="79.9966939"/>
 <node id="10907873492" visible="true" version="1" changeset="136248007" timestamp="2023-05-18T10:30:57Z" user="sahilister" uid="11840981" lat="23.1811050" lon="79.9966706"/>
 <node id="10907873493" visible="true" version="1" changeset="136248007" timestamp="2023-05-18T10:30:57Z" user="sahilister" uid="11840981" lat="23.1815232" lon="79.9964946"/>
 <node id="10907873494" visible="true" version="1" changeset="136248007" timestamp="2023-05-18T10:30:57Z" user="sahilister" uid="11840981" lat="23.1819399" lon="79.9963419"/>
 <node id="10907873495" visible="true" version="1" changeset="136248007" timestamp="2023-05-18T10:30:57Z" user="sahilister" uid="11840981" lat="23.1820589" lon="79.9963186"/>
 <node id="10907873496" visible="true" version="1" changeset="136248007" timestamp="2023-05-18T10:30:57Z" user="sahilister" uid="11840981" lat="23.1823016" lon="79.9963552"/>
 <node id="10907873497" visible="true" version="1" changeset="136248007" timestamp="2023-05-18T10:30:57Z" user="sahilister" uid="11840981" lat="23.1824206" lon="79.9963884"/>
 <node id="10907873498" visible="true" version="1" changeset="136248007" timestamp="2023-05-18T10:30:57Z" user="sahilister" uid="11840981" lat="23.1825107" lon="79.9964116"/>
 <node id="10907873499" visible="true" version="1" changeset="136248007" timestamp="2023-05-18T10:30:57Z" user="sahilister" uid="11840981" lat="23.1826862" lon="79.9964282"/>
 <node id="10907873500" visible="true" version="1" changeset="136248007" timestamp="2023-05-18T10:30:57Z" user="sahilister" uid="11840981" lat="23.1830601" lon="79.9964100"/>
 <node id="10907873501" visible="true" version="1" changeset="136248007" timestamp="2023-05-18T10:30:57Z" user="sahilister" uid="11840981" lat="23.1836966" lon="79.9962539"/>
 <node id="10907873502" visible="true" version="1" changeset="136248007" timestamp="2023-05-18T10:30:57Z" user="sahilister" uid="11840981" lat="23.1840506" lon="79.9961360"/>
 <node id="10907873503" visible="true" version="1" changeset="136248007" timestamp="2023-05-18T10:30:57Z" user="sahilister" uid="11840981" lat="23.1846245" lon="79.9959882"/>
 <node id="10907873504" visible="true" version="1" changeset="136248007" timestamp="2023-05-18T10:30:57Z" user="sahilister" uid="11840981" lat="23.1850594" lon="79.9959119"/>
 <node id="10907873505" visible="true" version="1" changeset="136248007" timestamp="2023-05-18T10:30:57Z" user="sahilister" uid="11840981" lat="23.1852838" lon="79.9958272"/>
 <node id="10907873506" visible="true" version="1" changeset="136248007" timestamp="2023-05-18T10:30:57Z" user="sahilister" uid="11840981" lat="23.1854059" lon="79.9957940"/>
 <node id="10907873507" visible="true" version="1" changeset="136248007" timestamp="2023-05-18T10:30:57Z" user="sahilister" uid="11840981" lat="23.1855539" lon="79.9957674"/>
 <node id="10907873508" visible="true" version="1" changeset="136248007" timestamp="2023-05-18T10:30:57Z" user="sahilister" uid="11840981" lat="23.1856913" lon="79.9957840"/>
 <node id="10907873509" visible="true" version="1" changeset="136248007" timestamp="2023-05-18T10:30:57Z" user="sahilister" uid="11840981" lat="23.1857233" lon="79.9958255"/>
 <node id="10907873510" visible="true" version="1" changeset="136248007" timestamp="2023-05-18T10:30:57Z" user="sahilister" uid="11840981" lat="23.1857127" lon="79.9960264"/>
 <node id="10907873511" visible="true" version="1" changeset="136248007" timestamp="2023-05-18T10:30:57Z" user="sahilister" uid="11840981" lat="23.1856837" lon="79.9961891"/>
 <node id="10907873512" visible="true" version="1" changeset="136248007" timestamp="2023-05-18T10:30:57Z" user="sahilister" uid="11840981" lat="23.1856440" lon="79.9963684"/>
 <node id="10907873513" visible="true" version="1" changeset="136248007" timestamp="2023-05-18T10:30:57Z" user="sahilister" uid="11840981" lat="23.1857401" lon="79.9975921"/>
 <node id="10907873514" visible="true" version="1" changeset="136248007" timestamp="2023-05-18T10:30:57Z" user="sahilister" uid="11840981" lat="23.1857996" lon="79.9986347"/>
 <node id="10907873515" visible="true" version="1" changeset="136248007" timestamp="2023-05-18T10:30:57Z" user="sahilister" uid="11840981" lat="23.1858607" lon="79.9995479"/>
 <node id="10907873516" visible="true" version="1" changeset="136248007" timestamp="2023-05-18T10:30:57Z" user="sahilister" uid="11840981" lat="23.1858943" lon="79.9998451"/>
 <node id="10907873517" visible="true" version="1" changeset="136248007" timestamp="2023-05-18T10:30:57Z" user="sahilister" uid="11840981" lat="23.1859324" lon="79.9999248"/>
 <node id="10907873518" visible="true" version="1" changeset="136248007" timestamp="2023-05-18T10:30:57Z" user="sahilister" uid="11840981" lat="23.1860087" lon="79.9999712"/>
 <node id="10907873519" visible="true" version="1" changeset="136248007" timestamp="2023-05-18T10:30:57Z" user="sahilister" uid="11840981" lat="23.1862361" lon="80.0000327"/>
 <node id="10907873520" visible="true" version="1" changeset="136248007" timestamp="2023-05-18T10:30:57Z" user="sahilister" uid="11840981" lat="23.1863552" lon="80.0000576"/>
 <node id="10907873521" visible="true" version="1" changeset="136248007" timestamp="2023-05-18T10:30:57Z" user="sahilister" uid="11840981" lat="23.1875364" lon="80.0000393"/>
 <node id="10907873522" visible="true" version="1" changeset="136248007" timestamp="2023-05-18T10:30:57Z" user="sahilister" uid="11840981" lat="23.1878127" lon="80.0000260"/>
 <node id="10907873523" visible="true" version="1" changeset="136248007" timestamp="2023-05-18T10:30:57Z" user="sahilister" uid="11840981" lat="23.1887146" lon="79.9996873"/>
 <node id="10907873524" visible="true" version="1" changeset="136248007" timestamp="2023-05-18T10:30:57Z" user="sahilister" uid="11840981" lat="23.1854377" lon="79.9957883">
  <tag k="railway" v="level_crossing"/>
 </node>
 <node id="10907873525" visible="true" version="1" changeset="136248007" timestamp="2023-05-18T10:30:57Z" user="sahilister" uid="11840981" lat="23.1854998" lon="79.9957771">
  <tag k="railway" v="level_crossing"/>
 </node>
 <node id="10992583010" visible="true" version="1" changeset="137575004" timestamp="2023-06-20T18:26:18Z" user="Sal73x" uid="1293386" lat="23.1872364" lon="80.0700690"/>
 <node id="10992583011" visible="true" version="1" changeset="137575004" timestamp="2023-06-20T18:26:18Z" user="Sal73x" uid="1293386" lat="23.1904144" lon="80.0700409"/>
 <node id="10992583012" visible="true" version="2" changeset="148556676" timestamp="2024-03-12T16:02:46Z" user="Sal73x" uid="1293386" lat="23.1879899" lon="80.0713155"/>
 <node id="10992583014" visible="true" version="1" changeset="137575004" timestamp="2023-06-20T18:26:18Z" user="Sal73x" uid="1293386" lat="23.1878973" lon="80.0713560"/>
 <node id="10992583015" visible="true" version="1" changeset="137575004" timestamp="2023-06-20T18:26:18Z" user="Sal73x" uid="1293386" lat="23.1877274" lon="80.0709662"/>
 <node id="10992583016" visible="true" version="1" changeset="137575004" timestamp="2023-06-20T18:26:18Z" user="Sal73x" uid="1293386" lat="23.1875774" lon="80.0707765"/>
 <node id="10992583017" visible="true" version="1" changeset="137575004" timestamp="2023-06-20T18:26:18Z" user="Sal73x" uid="1293386" lat="23.1873782" lon="80.0704259"/>
 <node id="10992583018" visible="true" version="1" changeset="137575004" timestamp="2023-06-20T18:26:18Z" user="Sal73x" uid="1293386" lat="23.1858880" lon="80.0618386"/>
 <node id="10992583019" visible="true" version="1" changeset="137575004" timestamp="2023-06-20T18:26:18Z" user="Sal73x" uid="1293386" lat="23.1860317" lon="80.0666351"/>
 <node id="10992591102" visible="true" version="1" changeset="137575312" timestamp="2023-06-20T18:36:20Z" user="Sal73x" uid="1293386" lat="23.1714595" lon="80.0448898"/>
 <node id="10992591103" visible="true" version="1" changeset="137575312" timestamp="2023-06-20T18:36:20Z" user="Sal73x" uid="1293386" lat="23.1731636" lon="80.0437663"/>
 <node id="10992591104" visible="true" version="1" changeset="137575312" timestamp="2023-06-20T18:36:20Z" user="Sal73x" uid="1293386" lat="23.1734063" lon="80.0447806"/>
 <node id="10992603953" visible="true" version="1" changeset="137575004" timestamp="2023-06-20T18:26:18Z" user="Sal73x" uid="1293386" lat="23.1707292" lon="79.9962044"/>
 <node id="10992603958" visible="true" version="1" changeset="137575004" timestamp="2023-06-20T18:26:18Z" user="Sal73x" uid="1293386" lat="23.1724457" lon="80.0099253"/>
 <node id="10992603959" visible="true" version="1" changeset="137575004" timestamp="2023-06-20T18:26:18Z" user="Sal73x" uid="1293386" lat="23.1725131" lon="80.0101043"/>
 <node id="10992603960" visible="true" version="1" changeset="137575004" timestamp="2023-06-20T18:26:18Z" user="Sal73x" uid="1293386" lat="23.1728343" lon="80.0104601"/>
 <node id="10992603961" visible="true" version="1" changeset="137575004" timestamp="2023-06-20T18:26:18Z" user="Sal73x" uid="1293386" lat="23.1735183" lon="80.0109367"/>
 <node id="10992603962" visible="true" version="1" changeset="137575004" timestamp="2023-06-20T18:26:18Z" user="Sal73x" uid="1293386" lat="23.1736769" lon="80.0110769"/>
 <node id="10992603963" visible="true" version="1" changeset="137575004" timestamp="2023-06-20T18:26:18Z" user="Sal73x" uid="1293386" lat="23.1738077" lon="80.0112257"/>
 <node id="10992603964" visible="true" version="1" changeset="137575004" timestamp="2023-06-20T18:26:18Z" user="Sal73x" uid="1293386" lat="23.1743708" lon="80.0120884"/>
 <node id="10992603965" visible="true" version="1" changeset="137575004" timestamp="2023-06-20T18:26:18Z" user="Sal73x" uid="1293386" lat="23.1755921" lon="80.0139840"/>
 <node id="10992603966" visible="true" version="1" changeset="137575004" timestamp="2023-06-20T18:26:18Z" user="Sal73x" uid="1293386" lat="23.1757209" lon="80.0141587"/>
 <node id="10992603967" visible="true" version="1" changeset="137575004" timestamp="2023-06-20T18:26:18Z" user="Sal73x" uid="1293386" lat="23.1758696" lon="80.0143204"/>
 <node id="10992603968" visible="true" version="1" changeset="137575004" timestamp="2023-06-20T18:26:18Z" user="Sal73x" uid="1293386" lat="23.1760302" lon="80.0144541"/>
 <node id="10992603969" visible="true" version="1" changeset="137575004" timestamp="2023-06-20T18:26:18Z" user="Sal73x" uid="1293386" lat="23.1761987" lon="80.0145684"/>
 <node id="10992603970" visible="true" version="1" changeset="137575004" timestamp="2023-06-20T18:26:18Z" user="Sal73x" uid="1293386" lat="23.1767955" lon="80.0149480"/>
 <node id="10992603971" visible="true" version="1" changeset="137575004" timestamp="2023-06-20T18:26:18Z" user="Sal73x" uid="1293386" lat="23.1770036" lon="80.0150968"/>
 <node id="10992603972" visible="true" version="1" changeset="137575004" timestamp="2023-06-20T18:26:18Z" user="Sal73x" uid="1293386" lat="23.1771642" lon="80.0152435"/>
 <node id="10992603973" visible="true" version="1" changeset="137575004" timestamp="2023-06-20T18:26:18Z" user="Sal73x" uid="1293386" lat="23.1772733" lon="80.0154138"/>
 <node id="10992603974" visible="true" version="1" changeset="137575004" timestamp="2023-06-20T18:26:18Z" user="Sal73x" uid="1293386" lat="23.1773526" lon="80.0155971"/>
 <node id="10992603975" visible="true" version="1" changeset="137575004" timestamp="2023-06-20T18:26:18Z" user="Sal73x" uid="1293386" lat="23.1774378" lon="80.0158430"/>
 <node id="10992603976" visible="true" version="1" changeset="137575004" timestamp="2023-06-20T18:26:18Z" user="Sal73x" uid="1293386" lat="23.1779771" lon="80.0177386"/>
 <node id="10992603977" visible="true" version="1" changeset="137575004" timestamp="2023-06-20T18:26:18Z" user="Sal73x" uid="1293386" lat="23.1780643" lon="80.0180061"/>
 <node id="10992603978" visible="true" version="1" changeset="137575004" timestamp="2023-06-20T18:26:18Z" user="Sal73x" uid="1293386" lat="23.1781872" lon="80.0182951"/>
 <node id="10992603979" visible="true" version="1" changeset="137575004" timestamp="2023-06-20T18:26:18Z" user="Sal73x" uid="1293386" lat="23.1785996" lon="80.0192440"/>
 <node id="10992603980" visible="true" version="1" changeset="137575004" timestamp="2023-06-20T18:26:18Z" user="Sal73x" uid="1293386" lat="23.1786908" lon="80.0194726"/>
 <node id="10992603981" visible="true" version="1" changeset="137575004" timestamp="2023-06-20T18:26:18Z" user="Sal73x" uid="1293386" lat="23.1787780" lon="80.0197206"/>
 <node id="10992603982" visible="true" version="1" changeset="137575004" timestamp="2023-06-20T18:26:18Z" user="Sal73x" uid="1293386" lat="23.1788771" lon="80.0200354"/>
 <node id="10992603983" visible="true" version="1" changeset="137575004" timestamp="2023-06-20T18:26:18Z" user="Sal73x" uid="1293386" lat="23.1790456" lon="80.0207536"/>
 <node id="10992603984" visible="true" version="1" changeset="137575004" timestamp="2023-06-20T18:26:18Z" user="Sal73x" uid="1293386" lat="23.1791368" lon="80.0210986"/>
 <node id="10992603985" visible="true" version="1" changeset="137575004" timestamp="2023-06-20T18:26:18Z" user="Sal73x" uid="1293386" lat="23.1795393" lon="80.0223667"/>
 <node id="10992603986" visible="true" version="1" changeset="137575004" timestamp="2023-06-20T18:26:18Z" user="Sal73x" uid="1293386" lat="23.1796285" lon="80.0225500"/>
 <node id="10992603987" visible="true" version="1" changeset="137575004" timestamp="2023-06-20T18:26:18Z" user="Sal73x" uid="1293386" lat="23.1799675" lon="80.0231064"/>
 <node id="10992603988" visible="true" version="1" changeset="137575004" timestamp="2023-06-20T18:26:18Z" user="Sal73x" uid="1293386" lat="23.1800369" lon="80.0232574"/>
 <node id="10992603989" visible="true" version="1" changeset="137575004" timestamp="2023-06-20T18:26:18Z" user="Sal73x" uid="1293386" lat="23.1800805" lon="80.0234191"/>
 <node id="10992603990" visible="true" version="1" changeset="137575004" timestamp="2023-06-20T18:26:18Z" user="Sal73x" uid="1293386" lat="23.1800964" lon="80.0235744"/>
 <node id="10992603991" visible="true" version="1" changeset="137575004" timestamp="2023-06-20T18:26:18Z" user="Sal73x" uid="1293386" lat="23.1800865" lon="80.0237275"/>
 <node id="10992603992" visible="true" version="1" changeset="137575004" timestamp="2023-06-20T18:26:18Z" user="Sal73x" uid="1293386" lat="23.1800508" lon="80.0238569"/>
 <node id="10992603993" visible="true" version="1" changeset="137575004" timestamp="2023-06-20T18:26:18Z" user="Sal73x" uid="1293386" lat="23.1798684" lon="80.0243831"/>
 <node id="10992603994" visible="true" version="1" changeset="137575004" timestamp="2023-06-20T18:26:18Z" user="Sal73x" uid="1293386" lat="23.1797058" lon="80.0249244"/>
 <node id="10992603995" visible="true" version="1" changeset="137575004" timestamp="2023-06-20T18:26:18Z" user="Sal73x" uid="1293386" lat="23.1796226" lon="80.0253622"/>
 <node id="10992603996" visible="true" version="1" changeset="137575004" timestamp="2023-06-20T18:26:18Z" user="Sal73x" uid="1293386" lat="23.1796007" lon="80.0255995"/>
 <node id="10992603997" visible="true" version="1" changeset="137575004" timestamp="2023-06-20T18:26:18Z" user="Sal73x" uid="1293386" lat="23.1796146" lon="80.0257461"/>
 <node id="10992603998" visible="true" version="1" changeset="137575004" timestamp="2023-06-20T18:26:18Z" user="Sal73x" uid="1293386" lat="23.1796523" lon="80.0258733"/>
 <node id="10992603999" visible="true" version="1" changeset="137575004" timestamp="2023-06-20T18:26:18Z" user="Sal73x" uid="1293386" lat="23.1801598" lon="80.0269452"/>
 <node id="10992604000" visible="true" version="1" changeset="137575004" timestamp="2023-06-20T18:26:18Z" user="Sal73x" uid="1293386" lat="23.1802589" lon="80.0271285"/>
 <node id="10992604001" visible="true" version="1" changeset="137575004" timestamp="2023-06-20T18:26:18Z" user="Sal73x" uid="1293386" lat="23.1803620" lon="80.0272579"/>
 <node id="10992604002" visible="true" version="1" changeset="137575004" timestamp="2023-06-20T18:26:18Z" user="Sal73x" uid="1293386" lat="23.1804909" lon="80.0273765"/>
 <node id="10992604003" visible="true" version="1" changeset="137575004" timestamp="2023-06-20T18:26:18Z" user="Sal73x" uid="1293386" lat="23.1828401" lon="80.0291859"/>
 <node id="10992604004" visible="true" version="1" changeset="137575004" timestamp="2023-06-20T18:26:18Z" user="Sal73x" uid="1293386" lat="23.1829928" lon="80.0293153"/>
 <node id="10992604005" visible="true" version="1" changeset="137575004" timestamp="2023-06-20T18:26:18Z" user="Sal73x" uid="1293386" lat="23.1831256" lon="80.0294555"/>
 <node id="10992604006" visible="true" version="1" changeset="137575004" timestamp="2023-06-20T18:26:18Z" user="Sal73x" uid="1293386" lat="23.1832505" lon="80.0296150"/>
 <node id="10992604007" visible="true" version="1" changeset="137575004" timestamp="2023-06-20T18:26:18Z" user="Sal73x" uid="1293386" lat="23.1833595" lon="80.0297595"/>
 <node id="10992604008" visible="true" version="1" changeset="137575004" timestamp="2023-06-20T18:26:18Z" user="Sal73x" uid="1293386" lat="23.1842140" lon="80.0312368"/>
 <node id="10992604009" visible="true" version="1" changeset="137575004" timestamp="2023-06-20T18:26:18Z" user="Sal73x" uid="1293386" lat="23.1844360" lon="80.0315409"/>
 <node id="10992604010" visible="true" version="1" changeset="137575004" timestamp="2023-06-20T18:26:18Z" user="Sal73x" uid="1293386" lat="23.1863094" lon="80.0339153"/>
 <node id="10992604011" visible="true" version="1" changeset="137575004" timestamp="2023-06-20T18:26:18Z" user="Sal73x" uid="1293386" lat="23.1865849" lon="80.0342539"/>
 <node id="10992604012" visible="true" version="1" changeset="137575004" timestamp="2023-06-20T18:26:18Z" user="Sal73x" uid="1293386" lat="23.1867237" lon="80.0344566"/>
 <node id="10992604013" visible="true" version="1" changeset="137575004" timestamp="2023-06-20T18:26:18Z" user="Sal73x" uid="1293386" lat="23.1872332" lon="80.0353279"/>
 <node id="10992604014" visible="true" version="1" changeset="137575004" timestamp="2023-06-20T18:26:18Z" user="Sal73x" uid="1293386" lat="23.1872867" lon="80.0354508"/>
 <node id="10992604015" visible="true" version="1" changeset="137575004" timestamp="2023-06-20T18:26:18Z" user="Sal73x" uid="1293386" lat="23.1872986" lon="80.0355565"/>
 <node id="10992604016" visible="true" version="1" changeset="137575004" timestamp="2023-06-20T18:26:18Z" user="Sal73x" uid="1293386" lat="23.1872847" lon="80.0356708"/>
 <node id="10992604017" visible="true" version="1" changeset="137575004" timestamp="2023-06-20T18:26:18Z" user="Sal73x" uid="1293386" lat="23.1872411" lon="80.0357829"/>
 <node id="10992604018" visible="true" version="1" changeset="137575004" timestamp="2023-06-20T18:26:18Z" user="Sal73x" uid="1293386" lat="23.1869418" lon="80.0364730"/>
 <node id="10992604019" visible="true" version="1" changeset="137575004" timestamp="2023-06-20T18:26:18Z" user="Sal73x" uid="1293386" lat="23.1868982" lon="80.0366111"/>
 <node id="10992604020" visible="true" version="1" changeset="137575004" timestamp="2023-06-20T18:26:18Z" user="Sal73x" uid="1293386" lat="23.1868883" lon="80.0367491"/>
 <node id="10992604021" visible="true" version="1" changeset="137575004" timestamp="2023-06-20T18:26:18Z" user="Sal73x" uid="1293386" lat="23.1869081" lon="80.0369194"/>
 <node id="10992604022" visible="true" version="1" changeset="137575004" timestamp="2023-06-20T18:26:18Z" user="Sal73x" uid="1293386" lat="23.1871333" lon="80.0377768"/>
 <node id="10992604023" visible="true" version="1" changeset="137575004" timestamp="2023-06-20T18:26:18Z" user="Sal73x" uid="1293386" lat="23.1874493" lon="80.0388474"/>
 <node id="10992604024" visible="true" version="1" changeset="137575004" timestamp="2023-06-20T18:26:18Z" user="Sal73x" uid="1293386" lat="23.1879905" lon="80.0401975"/>
 <node id="10992604025" visible="true" version="1" changeset="137575004" timestamp="2023-06-20T18:26:18Z" user="Sal73x" uid="1293386" lat="23.1880539" lon="80.0404024"/>
 <node id="10992604026" visible="true" version="1" changeset="137575004" timestamp="2023-06-20T18:26:18Z" user="Sal73x" uid="1293386" lat="23.1880737" lon="80.0405857"/>
 <node id="10992604027" visible="true" version="1" changeset="137575004" timestamp="2023-06-20T18:26:18Z" user="Sal73x" uid="1293386" lat="23.1880638" lon="80.0407194"/>
 <node id="10992604028" visible="true" version="1" changeset="137575004" timestamp="2023-06-20T18:26:18Z" user="Sal73x" uid="1293386" lat="23.1880182" lon="80.0408811"/>
 <node id="10992604029" visible="true" version="1" changeset="137575004" timestamp="2023-06-20T18:26:18Z" user="Sal73x" uid="1293386" lat="23.1870762" lon="80.0428660"/>
 <node id="10992604030" visible="true" version="1" changeset="137575004" timestamp="2023-06-20T18:26:18Z" user="Sal73x" uid="1293386" lat="23.1870325" lon="80.0430493"/>
 <node id="10992604031" visible="true" version="1" changeset="137575004" timestamp="2023-06-20T18:26:18Z" user="Sal73x" uid="1293386" lat="23.1870405" lon="80.0432111"/>
 <node id="10992604032" visible="true" version="1" changeset="137575004" timestamp="2023-06-20T18:26:18Z" user="Sal73x" uid="1293386" lat="23.1870821" lon="80.0433599"/>
 <node id="10992604033" visible="true" version="1" changeset="137575004" timestamp="2023-06-20T18:26:18Z" user="Sal73x" uid="1293386" lat="23.1871475" lon="80.0435173"/>
 <node id="10992604034" visible="true" version="1" changeset="137575004" timestamp="2023-06-20T18:26:18Z" user="Sal73x" uid="1293386" lat="23.1893440" lon="80.0479858"/>
 <node id="10992604035" visible="true" version="1" changeset="137575004" timestamp="2023-06-20T18:26:18Z" user="Sal73x" uid="1293386" lat="23.1902817" lon="80.0498642"/>
 <node id="10992604036" visible="true" version="1" changeset="137575004" timestamp="2023-06-20T18:26:18Z" user="Sal73x" uid="1293386" lat="23.1903709" lon="80.0500432"/>
 <node id="10992604037" visible="true" version="1" changeset="137575004" timestamp="2023-06-20T18:26:18Z" user="Sal73x" uid="1293386" lat="23.1905418" lon="80.0505359"/>
 <node id="10992604038" visible="true" version="1" changeset="137575004" timestamp="2023-06-20T18:26:18Z" user="Sal73x" uid="1293386" lat="23.1902854" lon="80.0503830"/>
 <node id="10992604039" visible="true" version="1" changeset="137575004" timestamp="2023-06-20T18:26:18Z" user="Sal73x" uid="1293386" lat="23.1902817" lon="80.0502502"/>
 <node id="10992604040" visible="true" version="1" changeset="137575004" timestamp="2023-06-20T18:26:18Z" user="Sal73x" uid="1293386" lat="23.1902499" lon="80.0500820"/>
 <node id="10992604041" visible="true" version="1" changeset="137575004" timestamp="2023-06-20T18:26:18Z" user="Sal73x" uid="1293386" lat="23.1901865" lon="80.0499181"/>
 <node id="10992604042" visible="true" version="1" changeset="137575004" timestamp="2023-06-20T18:26:18Z" user="Sal73x" uid="1293386" lat="23.1893321" lon="80.0481303"/>
 <node id="10992604043" visible="true" version="1" changeset="137575004" timestamp="2023-06-20T18:26:18Z" user="Sal73x" uid="1293386" lat="23.1870634" lon="80.0435343"/>
 <node id="10992604044" visible="true" version="1" changeset="137575004" timestamp="2023-06-20T18:26:18Z" user="Sal73x" uid="1293386" lat="23.1870031" lon="80.0433857"/>
 <node id="10992604045" visible="true" version="1" changeset="137575004" timestamp="2023-06-20T18:26:18Z" user="Sal73x" uid="1293386" lat="23.1869553" lon="80.0432395"/>
 <node id="10992604046" visible="true" version="1" changeset="137575004" timestamp="2023-06-20T18:26:18Z" user="Sal73x" uid="1293386" lat="23.1869462" lon="80.0430401"/>
 <node id="10992604047" visible="true" version="1" changeset="137575004" timestamp="2023-06-20T18:26:18Z" user="Sal73x" uid="1293386" lat="23.1869644" lon="80.0428890"/>
 <node id="10992604048" visible="true" version="1" changeset="137575004" timestamp="2023-06-20T18:26:18Z" user="Sal73x" uid="1293386" lat="23.1869883" lon="80.0427862"/>
 <node id="10992604049" visible="true" version="1" changeset="137575004" timestamp="2023-06-20T18:26:18Z" user="Sal73x" uid="1293386" lat="23.1872456" lon="80.0422882"/>
 <node id="10992604050" visible="true" version="1" changeset="137575004" timestamp="2023-06-20T18:26:18Z" user="Sal73x" uid="1293386" lat="23.1878821" lon="80.0409951"/>
 <node id="10992604051" visible="true" version="1" changeset="137575004" timestamp="2023-06-20T18:26:18Z" user="Sal73x" uid="1293386" lat="23.1879424" lon="80.0408390"/>
 <node id="10992604052" visible="true" version="1" changeset="137575004" timestamp="2023-06-20T18:26:18Z" user="Sal73x" uid="1293386" lat="23.1879732" lon="80.0407114"/>
 <node id="10992604053" visible="true" version="1" changeset="137575004" timestamp="2023-06-20T18:26:18Z" user="Sal73x" uid="1293386" lat="23.1879834" lon="80.0405789"/>
 <node id="10992604054" visible="true" version="1" changeset="137575004" timestamp="2023-06-20T18:26:18Z" user="Sal73x" uid="1293386" lat="23.1879675" lon="80.0404761"/>
 <node id="10992604055" visible="true" version="1" changeset="137575004" timestamp="2023-06-20T18:26:18Z" user="Sal73x" uid="1293386" lat="23.1879265" lon="80.0403411"/>
 <node id="10992604056" visible="true" version="1" changeset="137575004" timestamp="2023-06-20T18:26:18Z" user="Sal73x" uid="1293386" lat="23.1876384" lon="80.0395446"/>
 <node id="10992604057" visible="true" version="1" changeset="137575004" timestamp="2023-06-20T18:26:18Z" user="Sal73x" uid="1293386" lat="23.1873777" lon="80.0388782"/>
 <node id="10992604058" visible="true" version="1" changeset="137575004" timestamp="2023-06-20T18:26:18Z" user="Sal73x" uid="1293386" lat="23.1872228" lon="80.0384967"/>
 <node id="10992604059" visible="true" version="1" changeset="137575004" timestamp="2023-06-20T18:26:18Z" user="Sal73x" uid="1293386" lat="23.1870464" lon="80.0377932"/>
 <node id="10992604060" visible="true" version="1" changeset="137575004" timestamp="2023-06-20T18:26:18Z" user="Sal73x" uid="1293386" lat="23.1868331" lon="80.0369479"/>
 <node id="10992604061" visible="true" version="1" changeset="137575004" timestamp="2023-06-20T18:26:18Z" user="Sal73x" uid="1293386" lat="23.1868103" lon="80.0368290"/>
 <node id="10992604062" visible="true" version="1" changeset="137575004" timestamp="2023-06-20T18:26:18Z" user="Sal73x" uid="1293386" lat="23.1868046" lon="80.0367547"/>
 <node id="10992604063" visible="true" version="1" changeset="137575004" timestamp="2023-06-20T18:26:18Z" user="Sal73x" uid="1293386" lat="23.1868137" lon="80.0366370"/>
 <node id="10992604064" visible="true" version="1" changeset="137575004" timestamp="2023-06-20T18:26:18Z" user="Sal73x" uid="1293386" lat="23.1868308" lon="80.0365540"/>
 <node id="10992604065" visible="true" version="1" changeset="137575004" timestamp="2023-06-20T18:26:18Z" user="Sal73x" uid="1293386" lat="23.1868741" lon="80.0364277"/>
 <node id="10992604066" visible="true" version="1" changeset="137575004" timestamp="2023-06-20T18:26:18Z" user="Sal73x" uid="1293386" lat="23.1871690" lon="80.0357551"/>
 <node id="10992604067" visible="true" version="1" changeset="137575004" timestamp="2023-06-20T18:26:18Z" user="Sal73x" uid="1293386" lat="23.1872043" lon="80.0356411"/>
 <node id="10992604068" visible="true" version="1" changeset="137575004" timestamp="2023-06-20T18:26:18Z" user="Sal73x" uid="1293386" lat="23.1872145" lon="80.0355408"/>
 <node id="10992604069" visible="true" version="1" changeset="137575004" timestamp="2023-06-20T18:26:18Z" user="Sal73x" uid="1293386" lat="23.1871975" lon="80.0354467"/>
 <node id="10992604070" visible="true" version="1" changeset="137575004" timestamp="2023-06-20T18:26:18Z" user="Sal73x" uid="1293386" lat="23.1871587" lon="80.0353612"/>
 <node id="10992604071" visible="true" version="1" changeset="137575004" timestamp="2023-06-20T18:26:18Z" user="Sal73x" uid="1293386" lat="23.1866225" lon="80.0345177"/>
 <node id="10992604072" visible="true" version="1" changeset="137575004" timestamp="2023-06-20T18:26:18Z" user="Sal73x" uid="1293386" lat="23.1864858" lon="80.0343108"/>
 <node id="10992604073" visible="true" version="1" changeset="137575004" timestamp="2023-06-20T18:26:18Z" user="Sal73x" uid="1293386" lat="23.1862433" lon="80.0339590"/>
 <node id="10992604074" visible="true" version="1" changeset="137575004" timestamp="2023-06-20T18:26:18Z" user="Sal73x" uid="1293386" lat="23.1843783" lon="80.0315994"/>
 <node id="10992604075" visible="true" version="1" changeset="137575004" timestamp="2023-06-20T18:26:18Z" user="Sal73x" uid="1293386" lat="23.1841517" lon="80.0312947"/>
 <node id="10992604076" visible="true" version="1" changeset="137575004" timestamp="2023-06-20T18:26:18Z" user="Sal73x" uid="1293386" lat="23.1832886" lon="80.0298108"/>
 <node id="10992604077" visible="true" version="1" changeset="137575004" timestamp="2023-06-20T18:26:18Z" user="Sal73x" uid="1293386" lat="23.1830609" lon="80.0295148"/>
 <node id="10992604078" visible="true" version="1" changeset="137575004" timestamp="2023-06-20T18:26:18Z" user="Sal73x" uid="1293386" lat="23.1829334" lon="80.0293773"/>
 <node id="10992604079" visible="true" version="1" changeset="137575004" timestamp="2023-06-20T18:26:18Z" user="Sal73x" uid="1293386" lat="23.1827842" lon="80.0292448"/>
 <node id="10992604080" visible="true" version="1" changeset="137575004" timestamp="2023-06-20T18:26:18Z" user="Sal73x" uid="1293386" lat="23.1804500" lon="80.0274500"/>
 <node id="10992604081" visible="true" version="1" changeset="137575004" timestamp="2023-06-20T18:26:18Z" user="Sal73x" uid="1293386" lat="23.1803077" lon="80.0273162"/>
 <node id="10992604082" visible="true" version="1" changeset="137575004" timestamp="2023-06-20T18:26:18Z" user="Sal73x" uid="1293386" lat="23.1801938" lon="80.0271787"/>
 <node id="10992604083" visible="true" version="1" changeset="137575004" timestamp="2023-06-20T18:26:18Z" user="Sal73x" uid="1293386" lat="23.1800811" lon="80.0269830"/>
 <node id="10992604084" visible="true" version="1" changeset="137575004" timestamp="2023-06-20T18:26:18Z" user="Sal73x" uid="1293386" lat="23.1795744" lon="80.0259079"/>
 <node id="10992604085" visible="true" version="1" changeset="137575004" timestamp="2023-06-20T18:26:18Z" user="Sal73x" uid="1293386" lat="23.1795311" lon="80.0257729"/>
 <node id="10992604086" visible="true" version="1" changeset="137575004" timestamp="2023-06-20T18:26:18Z" user="Sal73x" uid="1293386" lat="23.1795220" lon="80.0255982"/>
 <node id="10992604087" visible="true" version="1" changeset="137575004" timestamp="2023-06-20T18:26:18Z" user="Sal73x" uid="1293386" lat="23.1795311" lon="80.0254446"/>
 <node id="10992604088" visible="true" version="1" changeset="137575004" timestamp="2023-06-20T18:26:18Z" user="Sal73x" uid="1293386" lat="23.1795380" lon="80.0253604"/>
 <node id="10992604089" visible="true" version="1" changeset="137575004" timestamp="2023-06-20T18:26:18Z" user="Sal73x" uid="1293386" lat="23.1796370" lon="80.0248798"/>
 <node id="10992604090" visible="true" version="1" changeset="137575004" timestamp="2023-06-20T18:26:18Z" user="Sal73x" uid="1293386" lat="23.1797907" lon="80.0243509"/>
 <node id="10992604091" visible="true" version="1" changeset="137575004" timestamp="2023-06-20T18:26:18Z" user="Sal73x" uid="1293386" lat="23.1799729" lon="80.0238369"/>
 <node id="10992604092" visible="true" version="1" changeset="137575004" timestamp="2023-06-20T18:26:18Z" user="Sal73x" uid="1293386" lat="23.1800002" lon="80.0237217"/>
 <node id="10992604093" visible="true" version="1" changeset="137575004" timestamp="2023-06-20T18:26:18Z" user="Sal73x" uid="1293386" lat="23.1800094" lon="80.0235817"/>
 <node id="10992604094" visible="true" version="1" changeset="137575004" timestamp="2023-06-20T18:26:18Z" user="Sal73x" uid="1293386" lat="23.1799946" lon="80.0234393"/>
 <node id="10992604095" visible="true" version="1" changeset="137575004" timestamp="2023-06-20T18:26:18Z" user="Sal73x" uid="1293386" lat="23.1799593" lon="80.0232968"/>
 <node id="10992604096" visible="true" version="1" changeset="137575004" timestamp="2023-06-20T18:26:18Z" user="Sal73x" uid="1293386" lat="23.1798898" lon="80.0231469"/>
 <node id="10992604097" visible="true" version="1" changeset="137575004" timestamp="2023-06-20T18:26:18Z" user="Sal73x" uid="1293386" lat="23.1795630" lon="80.0226057"/>
 <node id="10992604098" visible="true" version="1" changeset="137575004" timestamp="2023-06-20T18:26:18Z" user="Sal73x" uid="1293386" lat="23.1794708" lon="80.0224013"/>
 <node id="10992604099" visible="true" version="1" changeset="137575004" timestamp="2023-06-20T18:26:18Z" user="Sal73x" uid="1293386" lat="23.1790609" lon="80.0211230"/>
 <node id="10992604100" visible="true" version="1" changeset="137575004" timestamp="2023-06-20T18:26:18Z" user="Sal73x" uid="1293386" lat="23.1789675" lon="80.0207873"/>
 <node id="10992604101" visible="true" version="1" changeset="137575004" timestamp="2023-06-20T18:26:18Z" user="Sal73x" uid="1293386" lat="23.1787944" lon="80.0200615"/>
 <node id="10992604102" visible="true" version="1" changeset="137575004" timestamp="2023-06-20T18:26:18Z" user="Sal73x" uid="1293386" lat="23.1787010" lon="80.0197469"/>
 <node id="10992604103" visible="true" version="1" changeset="137575004" timestamp="2023-06-20T18:26:18Z" user="Sal73x" uid="1293386" lat="23.1786191" lon="80.0194967"/>
 <node id="10992604104" visible="true" version="1" changeset="137575004" timestamp="2023-06-20T18:26:18Z" user="Sal73x" uid="1293386" lat="23.1785314" lon="80.0192774"/>
 <node id="10992604105" visible="true" version="1" changeset="137575004" timestamp="2023-06-20T18:26:18Z" user="Sal73x" uid="1293386" lat="23.1781067" lon="80.0183311"/>
 <node id="10992604106" visible="true" version="1" changeset="137575004" timestamp="2023-06-20T18:26:18Z" user="Sal73x" uid="1293386" lat="23.1779882" lon="80.0180450"/>
 <node id="10992604107" visible="true" version="1" changeset="137575004" timestamp="2023-06-20T18:26:18Z" user="Sal73x" uid="1293386" lat="23.1778960" lon="80.0177651"/>
 <node id="10992604108" visible="true" version="1" changeset="137575004" timestamp="2023-06-20T18:26:18Z" user="Sal73x" uid="1293386" lat="23.1772788" lon="80.0156234"/>
 <node id="10992604109" visible="true" version="1" changeset="137575004" timestamp="2023-06-20T18:26:18Z" user="Sal73x" uid="1293386" lat="23.1772060" lon="80.0154649"/>
 <node id="10992604110" visible="true" version="1" changeset="137575004" timestamp="2023-06-20T18:26:18Z" user="Sal73x" uid="1293386" lat="23.1771069" lon="80.0153125"/>
 <node id="10992604111" visible="true" version="1" changeset="137575004" timestamp="2023-06-20T18:26:18Z" user="Sal73x" uid="1293386" lat="23.1769532" lon="80.0151639"/>
 <node id="10992604112" visible="true" version="1" changeset="137575004" timestamp="2023-06-20T18:26:18Z" user="Sal73x" uid="1293386" lat="23.1761572" lon="80.0146387"/>
 <node id="10992604113" visible="true" version="1" changeset="137575004" timestamp="2023-06-20T18:26:18Z" user="Sal73x" uid="1293386" lat="23.1759830" lon="80.0145235"/>
 <node id="10992604114" visible="true" version="1" changeset="137575004" timestamp="2023-06-20T18:26:18Z" user="Sal73x" uid="1293386" lat="23.1758179" lon="80.0143836"/>
 <node id="10992604115" visible="true" version="1" changeset="137575004" timestamp="2023-06-20T18:26:18Z" user="Sal73x" uid="1293386" lat="23.1756517" lon="80.0142139"/>
 <node id="10992604116" visible="true" version="1" changeset="137575004" timestamp="2023-06-20T18:26:18Z" user="Sal73x" uid="1293386" lat="23.1755287" lon="80.0140305"/>
 <node id="10992604117" visible="true" version="1" changeset="137575004" timestamp="2023-06-20T18:26:18Z" user="Sal73x" uid="1293386" lat="23.1743103" lon="80.0121429"/>
 <node id="10992604118" visible="true" version="1" changeset="137575004" timestamp="2023-06-20T18:26:18Z" user="Sal73x" uid="1293386" lat="23.1737501" lon="80.0112894"/>
 <node id="10992604119" visible="true" version="1" changeset="137575004" timestamp="2023-06-20T18:26:18Z" user="Sal73x" uid="1293386" lat="23.1736066" lon="80.0111321"/>
 <node id="10992604120" visible="true" version="1" changeset="137575004" timestamp="2023-06-20T18:26:18Z" user="Sal73x" uid="1293386" lat="23.1734585" lon="80.0110058"/>
 <node id="10992604121" visible="true" version="1" changeset="137575004" timestamp="2023-06-20T18:26:18Z" user="Sal73x" uid="1293386" lat="23.1727753" lon="80.0105463"/>
 <node id="10992604122" visible="true" version="1" changeset="137575004" timestamp="2023-06-20T18:26:18Z" user="Sal73x" uid="1293386" lat="23.1724143" lon="80.0101437"/>
 <node id="10992604123" visible="true" version="1" changeset="137575004" timestamp="2023-06-20T18:26:18Z" user="Sal73x" uid="1293386" lat="23.1723563" lon="80.0099480"/>
 <node id="10992604124" visible="true" version="1" changeset="137575004" timestamp="2023-06-20T18:26:18Z" user="Sal73x" uid="1293386" lat="23.1719019" lon="80.0081520"/>
 <node id="10992604128" visible="true" version="1" changeset="137575004" timestamp="2023-06-20T18:26:18Z" user="Sal73x" uid="1293386" lat="23.1902769" lon="80.0505589"/>
 <node id="10992604129" visible="true" version="1" changeset="137575004" timestamp="2023-06-20T18:26:18Z" user="Sal73x" uid="1293386" lat="23.1899443" lon="80.0504271"/>
 <node id="10992604130" visible="true" version="1" changeset="137575004" timestamp="2023-06-20T18:26:18Z" user="Sal73x" uid="1293386" lat="23.1901288" lon="80.0509607"/>
 <node id="10992604131" visible="true" version="1" changeset="137575004" timestamp="2023-06-20T18:26:18Z" user="Sal73x" uid="1293386" lat="23.1902074" lon="80.0513849"/>
 <node id="10992604132" visible="true" version="1" changeset="137575004" timestamp="2023-06-20T18:26:18Z" user="Sal73x" uid="1293386" lat="23.1902171" lon="80.0520380"/>
 <node id="10992604133" visible="true" version="1" changeset="137575004" timestamp="2023-06-20T18:26:18Z" user="Sal73x" uid="1293386" lat="23.1898896" lon="80.0525744"/>
 <node id="10992604134" visible="true" version="1" changeset="137575004" timestamp="2023-06-20T18:26:18Z" user="Sal73x" uid="1293386" lat="23.1892045" lon="80.0532065"/>
 <node id="10992604135" visible="true" version="1" changeset="137575004" timestamp="2023-06-20T18:26:18Z" user="Sal73x" uid="1293386" lat="23.1893082" lon="80.0529992"/>
 <node id="10992604164" visible="true" version="1" changeset="137575004" timestamp="2023-06-20T18:26:18Z" user="Sal73x" uid="1293386" lat="23.1869351" lon="80.0436279"/>
 <node id="10992604165" visible="true" version="1" changeset="137575004" timestamp="2023-06-20T18:26:18Z" user="Sal73x" uid="1293386" lat="23.1867537" lon="80.0439469"/>
 <node id="10992604166" visible="true" version="1" changeset="137575004" timestamp="2023-06-20T18:26:18Z" user="Sal73x" uid="1293386" lat="23.1893053" lon="80.0490629"/>
 <node id="10992604167" visible="true" version="1" changeset="137575004" timestamp="2023-06-20T18:26:18Z" user="Sal73x" uid="1293386" lat="23.1869488" lon="80.0430979"/>
 <node id="10992604168" visible="true" version="1" changeset="137575004" timestamp="2023-06-20T18:26:18Z" user="Sal73x" uid="1293386" lat="23.1868388" lon="80.0431115"/>
 <node id="10992604169" visible="true" version="1" changeset="137575004" timestamp="2023-06-20T18:26:18Z" user="Sal73x" uid="1293386" lat="23.1866970" lon="80.0431738"/>
 <node id="10992604170" visible="true" version="1" changeset="137575004" timestamp="2023-06-20T18:26:18Z" user="Sal73x" uid="1293386" lat="23.1873193" lon="80.0384502"/>
 <node id="10992604171" visible="true" version="1" changeset="137575004" timestamp="2023-06-20T18:26:18Z" user="Sal73x" uid="1293386" lat="23.1833638" lon="80.0299401"/>
 <node id="10992604172" visible="true" version="1" changeset="137575004" timestamp="2023-06-20T18:26:18Z" user="Sal73x" uid="1293386" lat="23.1834359" lon="80.0298915"/>
 <node id="10992604173" visible="true" version="1" changeset="137575004" timestamp="2023-06-20T18:26:18Z" user="Sal73x" uid="1293386" lat="23.1799938" lon="80.0265946"/>
 <node id="10992604174" visible="true" version="1" changeset="137575004" timestamp="2023-06-20T18:26:18Z" user="Sal73x" uid="1293386" lat="23.1799498" lon="80.0265016"/>
 <node id="10992604175" visible="true" version="1" changeset="137575004" timestamp="2023-06-20T18:26:18Z" user="Sal73x" uid="1293386" lat="23.1794280" lon="80.0211591"/>
 <node id="10992604176" visible="true" version="1" changeset="137575004" timestamp="2023-06-20T18:26:18Z" user="Sal73x" uid="1293386" lat="23.1794022" lon="80.0211936"/>
 <node id="10992604177" visible="true" version="1" changeset="137575004" timestamp="2023-06-20T18:26:18Z" user="Sal73x" uid="1293386" lat="23.1793962" lon="80.0212389"/>
 <node id="10992604178" visible="true" version="1" changeset="137575004" timestamp="2023-06-20T18:26:18Z" user="Sal73x" uid="1293386" lat="23.1795588" lon="80.0218406"/>
 <node id="10992604179" visible="true" version="1" changeset="137575004" timestamp="2023-06-20T18:26:18Z" user="Sal73x" uid="1293386" lat="23.1796341" lon="80.0223517"/>
 <node id="10992604180" visible="true" version="1" changeset="137575004" timestamp="2023-06-20T18:26:18Z" user="Sal73x" uid="1293386" lat="23.1764613" lon="80.0147355"/>
 <node id="10992604181" visible="true" version="1" changeset="137575004" timestamp="2023-06-20T18:26:18Z" user="Sal73x" uid="1293386" lat="23.1725661" lon="80.0103807"/>
 <node id="10992604182" visible="true" version="1" changeset="137575004" timestamp="2023-06-20T18:26:18Z" user="Sal73x" uid="1293386" lat="23.1726298" lon="80.0103016"/>
 <node id="10992604183" visible="true" version="1" changeset="137575004" timestamp="2023-06-20T18:26:18Z" user="Sal73x" uid="1293386" lat="23.1725660" lon="80.0102104"/>
 <node id="10992604184" visible="true" version="1" changeset="137575004" timestamp="2023-06-20T18:26:18Z" user="Sal73x" uid="1293386" lat="23.1724875" lon="80.0102726"/>
 <node id="10992604251" visible="true" version="1" changeset="137575004" timestamp="2023-06-20T18:26:18Z" user="Sal73x" uid="1293386" lat="23.1827723" lon="80.0519699"/>
 <node id="10992604252" visible="true" version="1" changeset="137575004" timestamp="2023-06-20T18:26:18Z" user="Sal73x" uid="1293386" lat="23.1826153" lon="80.0520730"/>
 <node id="10992604253" visible="true" version="1" changeset="137575004" timestamp="2023-06-20T18:26:18Z" user="Sal73x" uid="1293386" lat="23.1822808" lon="80.0514702"/>
 <node id="10992604254" visible="true" version="1" changeset="137575004" timestamp="2023-06-20T18:26:18Z" user="Sal73x" uid="1293386" lat="23.1824378" lon="80.0513671"/>
 <node id="10992604255" visible="true" version="1" changeset="137575004" timestamp="2023-06-20T18:26:18Z" user="Sal73x" uid="1293386" lat="23.1829207" lon="80.0519007"/>
 <node id="10992604256" visible="true" version="1" changeset="137575004" timestamp="2023-06-20T18:26:18Z" user="Sal73x" uid="1293386" lat="23.1825279" lon="80.0512127"/>
 <node id="10992604257" visible="true" version="1" changeset="137575004" timestamp="2023-06-20T18:26:18Z" user="Sal73x" uid="1293386" lat="23.1818989" lon="80.0516377"/>
 <node id="10992604258" visible="true" version="1" changeset="137575004" timestamp="2023-06-20T18:26:18Z" user="Sal73x" uid="1293386" lat="23.1822918" lon="80.0523257"/>
 <node id="11297865667" visible="true" version="1" changeset="143312696" timestamp="2023-10-29T13:37:08Z" user="Heinz_V" uid="91490" lat="23.1606351" lon="80.0392950"/>
 <node id="11297865668" visible="true" version="1" changeset="143312696" timestamp="2023-10-29T13:37:08Z" user="Heinz_V" uid="91490" lat="23.1607616" lon="80.0394024"/>
 <node id="11297865669" visible="true" version="1" changeset="143312696" timestamp="2023-10-29T13:37:08Z" user="Heinz_V" uid="91490" lat="23.1612859" lon="80.0401298"/>
 <node id="11297865670" visible="true" version="1" changeset="143312696" timestamp="2023-10-29T13:37:08Z" user="Heinz_V" uid="91490" lat="23.1618963" lon="80.0415167"/>
 <node id="11297865671" visible="true" version="1" changeset="143312696" timestamp="2023-10-29T13:37:08Z" user="Heinz_V" uid="91490" lat="23.1625881" lon="80.0429230"/>
 <node id="11297865672" visible="true" version="1" changeset="143312696" timestamp="2023-10-29T13:37:08Z" user="Heinz_V" uid="91490" lat="23.1629316" lon="80.0434113"/>
 <node id="11297865673" visible="true" version="1" changeset="143312696" timestamp="2023-10-29T13:37:08Z" user="Heinz_V" uid="91490" lat="23.1635508" lon="80.0442413"/>
 <node id="11297865674" visible="true" version="1" changeset="143312696" timestamp="2023-10-29T13:37:08Z" user="Heinz_V" uid="91490" lat="23.1642151" lon="80.0450469"/>
 <node id="11297865675" visible="true" version="1" changeset="143312696" timestamp="2023-10-29T13:37:08Z" user="Heinz_V" uid="91490" lat="23.1643371" lon="80.0453448"/>
 <node id="11297865676" visible="true" version="1" changeset="143312696" timestamp="2023-10-29T13:37:08Z" user="Heinz_V" uid="91490" lat="23.1644910" lon="80.0460189"/>
 <node id="11297865677" visible="true" version="1" changeset="143312696" timestamp="2023-10-29T13:37:08Z" user="Heinz_V" uid="91490" lat="23.1646722" lon="80.0470836"/>
 <node id="11297865678" visible="true" version="1" changeset="143312696" timestamp="2023-10-29T13:37:08Z" user="Heinz_V" uid="91490" lat="23.1649345" lon="80.0477770"/>
 <node id="11297865679" visible="true" version="1" changeset="143312696" timestamp="2023-10-29T13:37:08Z" user="Heinz_V" uid="91490" lat="23.1652466" lon="80.0486610"/>
 <node id="11297865680" visible="true" version="1" changeset="143312696" timestamp="2023-10-29T13:37:08Z" user="Heinz_V" uid="91490" lat="23.1656715" lon="80.0497452"/>
 <node id="11297865681" visible="true" version="1" changeset="143312696" timestamp="2023-10-29T13:37:08Z" user="Heinz_V" uid="91490" lat="23.1660514" lon="80.0506829"/>
 <node id="11297865682" visible="true" version="1" changeset="143312696" timestamp="2023-10-29T13:37:08Z" user="Heinz_V" uid="91490" lat="23.1660516" lon="80.0513227"/>
 <node id="11297865683" visible="true" version="1" changeset="143312696" timestamp="2023-10-29T13:37:08Z" user="Heinz_V" uid="91490" lat="23.1661874" lon="80.0518160"/>
 <node id="11297865684" visible="true" version="1" changeset="143312696" timestamp="2023-10-29T13:37:08Z" user="Heinz_V" uid="91490" lat="23.1663999" lon="80.0525584"/>
 <node id="11297865685" visible="true" version="1" changeset="143312696" timestamp="2023-10-29T13:37:08Z" user="Heinz_V" uid="91490" lat="23.1669063" lon="80.0537060"/>
 <node id="11297865686" visible="true" version="1" changeset="143312696" timestamp="2023-10-29T13:37:08Z" user="Heinz_V" uid="91490" lat="23.1673812" lon="80.0552396"/>
 <node id="11297865687" visible="true" version="1" changeset="143312696" timestamp="2023-10-29T13:37:08Z" user="Heinz_V" uid="91490" lat="23.1676028" lon="80.0560406"/>
 <node id="11297865688" visible="true" version="1" changeset="143312696" timestamp="2023-10-29T13:37:08Z" user="Heinz_V" uid="91490" lat="23.1677522" lon="80.0567538"/>
 <node id="11297865689" visible="true" version="1" changeset="143312696" timestamp="2023-10-29T13:37:08Z" user="Heinz_V" uid="91490" lat="23.1677706" lon="80.0576281"/>
 <node id="11297865690" visible="true" version="1" changeset="143312696" timestamp="2023-10-29T13:37:08Z" user="Heinz_V" uid="91490" lat="23.1680290" lon="80.0601876"/>
 <node id="11297865691" visible="true" version="1" changeset="143312696" timestamp="2023-10-29T13:37:08Z" user="Heinz_V" uid="91490" lat="23.1682601" lon="80.0621072"/>
 <node id="11297865692" visible="true" version="1" changeset="143312696" timestamp="2023-10-29T13:37:08Z" user="Heinz_V" uid="91490" lat="23.1695973" lon="80.0628736"/>
 <node id="11297865693" visible="true" version="1" changeset="143312696" timestamp="2023-10-29T13:37:08Z" user="Heinz_V" uid="91490" lat="23.1709525" lon="80.0636448"/>
 <node id="11297865694" visible="true" version="1" changeset="143312696" timestamp="2023-10-29T13:37:08Z" user="Heinz_V" uid="91490" lat="23.1715714" lon="80.0640695"/>
 <node id="11297865695" visible="true" version="1" changeset="143312696" timestamp="2023-10-29T13:37:08Z" user="Heinz_V" uid="91490" lat="23.1725789" lon="80.0647481"/>
 <node id="11297865696" visible="true" version="1" changeset="143312696" timestamp="2023-10-29T13:37:08Z" user="Heinz_V" uid="91490" lat="23.1728725" lon="80.0651339"/>
 <node id="11297865697" visible="true" version="1" changeset="143312696" timestamp="2023-10-29T13:37:08Z" user="Heinz_V" uid="91490" lat="23.1730578" lon="80.0653927"/>
 <node id="11297865698" visible="true" version="1" changeset="143312696" timestamp="2023-10-29T13:37:08Z" user="Heinz_V" uid="91490" lat="23.1735594" lon="80.0661398"/>
 <node id="11297865699" visible="true" version="1" changeset="143312696" timestamp="2023-10-29T13:37:08Z" user="Heinz_V" uid="91490" lat="23.1737627" lon="80.0662961"/>
 <node id="11297865700" visible="true" version="1" changeset="143312696" timestamp="2023-10-29T13:37:08Z" user="Heinz_V" uid="91490" lat="23.1738299" lon="80.0647084"/>
 <node id="11297865701" visible="true" version="1" changeset="143312696" timestamp="2023-10-29T13:37:08Z" user="Heinz_V" uid="91490" lat="23.1738433" lon="80.0643860"/>
 <node id="11297865702" visible="true" version="1" changeset="143312696" timestamp="2023-10-29T13:37:08Z" user="Heinz_V" uid="91490" lat="23.1738517" lon="80.0626909"/>
 <node id="11297865703" visible="true" version="1" changeset="143312696" timestamp="2023-10-29T13:37:08Z" user="Heinz_V" uid="91490" lat="23.1738515" lon="80.0620217"/>
 <node id="11297865704" visible="true" version="1" changeset="143312696" timestamp="2023-10-29T13:37:08Z" user="Heinz_V" uid="91490" lat="23.1738916" lon="80.0608591"/>
 <node id="11297865705" visible="true" version="1" changeset="143312696" timestamp="2023-10-29T13:37:08Z" user="Heinz_V" uid="91490" lat="23.1738689" lon="80.0602093"/>
 <node id="11297865706" visible="true" version="1" changeset="143312696" timestamp="2023-10-29T13:37:08Z" user="Heinz_V" uid="91490" lat="23.1739585" lon="80.0585094"/>
 <node id="11297865707" visible="true" version="1" changeset="143312696" timestamp="2023-10-29T13:37:08Z" user="Heinz_V" uid="91490" lat="23.1739625" lon="80.0573662"/>
 <node id="11297865708" visible="true" version="1" changeset="143312696" timestamp="2023-10-29T13:37:08Z" user="Heinz_V" uid="91490" lat="23.1739938" lon="80.0565259"/>
 <node id="11297865709" visible="true" version="1" changeset="143312696" timestamp="2023-10-29T13:37:08Z" user="Heinz_V" uid="91490" lat="23.1741378" lon="80.0554024"/>
 <node id="11297865710" visible="true" version="1" changeset="143312696" timestamp="2023-10-29T13:37:08Z" user="Heinz_V" uid="91490" lat="23.1741827" lon="80.0546452"/>
 <node id="11297865711" visible="true" version="1" changeset="143312696" timestamp="2023-10-29T13:37:08Z" user="Heinz_V" uid="91490" lat="23.1744033" lon="80.0532382"/>
 <node id="11297865712" visible="true" version="1" changeset="143312696" timestamp="2023-10-29T13:37:08Z" user="Heinz_V" uid="91490" lat="23.1744886" lon="80.0520658"/>
 <node id="11297865713" visible="true" version="1" changeset="143312696" timestamp="2023-10-29T13:37:08Z" user="Heinz_V" uid="91490" lat="23.1745785" lon="80.0509471"/>
 <node id="11297865714" visible="true" version="1" changeset="143312696" timestamp="2023-10-29T13:37:08Z" user="Heinz_V" uid="91490" lat="23.1746684" lon="80.0499113"/>
 <node id="11297865715" visible="true" version="1" changeset="143312696" timestamp="2023-10-29T13:37:08Z" user="Heinz_V" uid="91490" lat="23.1747899" lon="80.0489392"/>
 <node id="11297865716" visible="true" version="1" changeset="143312696" timestamp="2023-10-29T13:37:08Z" user="Heinz_V" uid="91490" lat="23.1758605" lon="80.0494662"/>
 <node id="11297865717" visible="true" version="1" changeset="143312696" timestamp="2023-10-29T13:37:08Z" user="Heinz_V" uid="91490" lat="23.1767865" lon="80.0497930"/>
 <node id="11297865718" visible="true" version="1" changeset="143312696" timestamp="2023-10-29T13:37:08Z" user="Heinz_V" uid="91490" lat="23.1783043" lon="80.0503539"/>
 <node id="11297865719" visible="true" version="1" changeset="143312696" timestamp="2023-10-29T13:37:08Z" user="Heinz_V" uid="91490" lat="23.1788372" lon="80.0504221"/>
 <node id="11297865720" visible="true" version="1" changeset="143312696" timestamp="2023-10-29T13:37:08Z" user="Heinz_V" uid="91490" lat="23.1794289" lon="80.0504022"/>
 <node id="11297865721" visible="true" version="1" changeset="143312696" timestamp="2023-10-29T13:37:08Z" user="Heinz_V" uid="91490" lat="23.1796909" lon="80.0503728"/>
 <node id="11297865722" visible="true" version="1" changeset="143312696" timestamp="2023-10-29T13:37:08Z" user="Heinz_V" uid="91490" lat="23.1800883" lon="80.0503139"/>
 <node id="11297865723" visible="true" version="1" changeset="143312696" timestamp="2023-10-29T13:37:08Z" user="Heinz_V" uid="91490" lat="23.1802463" lon="80.0502846"/>
 <node id="11297865724" visible="true" version="1" changeset="143312696" timestamp="2023-10-29T13:37:08Z" user="Heinz_V" uid="91490" lat="23.1808153" lon="80.0500595"/>
 <node id="11297865725" visible="true" version="1" changeset="143312696" timestamp="2023-10-29T13:37:08Z" user="Heinz_V" uid="91490" lat="23.1816326" lon="80.0498294"/>
 <node id="11297865726" visible="true" version="1" changeset="143312696" timestamp="2023-10-29T13:37:08Z" user="Heinz_V" uid="91490" lat="23.1824094" lon="80.0496239"/>
 <node id="11297865727" visible="true" version="1" changeset="143312696" timestamp="2023-10-29T13:37:08Z" user="Heinz_V" uid="91490" lat="23.1832222" lon="80.0492375"/>
 <node id="11297865728" visible="true" version="1" changeset="143312696" timestamp="2023-10-29T13:37:08Z" user="Heinz_V" uid="91490" lat="23.1840079" lon="80.0489635"/>
 <node id="11297865729" visible="true" version="1" changeset="143312696" timestamp="2023-10-29T13:37:08Z" user="Heinz_V" uid="91490" lat="23.1848704" lon="80.0488507"/>
 <node id="11297865730" visible="true" version="1" changeset="143312696" timestamp="2023-10-29T13:37:08Z" user="Heinz_V" uid="91490" lat="23.1857601" lon="80.0488062"/>
 <node id="11297865731" visible="true" version="1" changeset="143312696" timestamp="2023-10-29T13:37:08Z" user="Heinz_V" uid="91490" lat="23.1863518" lon="80.0487863"/>
 <node id="11297865732" visible="true" version="1" changeset="143312696" timestamp="2023-10-29T13:37:08Z" user="Heinz_V" uid="91490" lat="23.1868214" lon="80.0485565"/>
 <node id="11297865733" visible="true" version="1" changeset="143312696" timestamp="2023-10-29T13:37:08Z" user="Heinz_V" uid="91490" lat="23.1875258" lon="80.0482385"/>
 <node id="11297865734" visible="true" version="1" changeset="143312696" timestamp="2023-10-29T13:37:08Z" user="Heinz_V" uid="91490" lat="23.1881806" lon="80.0480379"/>
 <node id="11297865735" visible="true" version="1" changeset="143312696" timestamp="2023-10-29T13:37:08Z" user="Heinz_V" uid="91490" lat="23.1886457" lon="80.0479839"/>
 <node id="11297865736" visible="true" version="1" changeset="143312696" timestamp="2023-10-29T13:37:08Z" user="Heinz_V" uid="91490" lat="23.1894812" lon="80.0477831"/>
 <node id="11297865737" visible="true" version="1" changeset="143312696" timestamp="2023-10-29T13:37:08Z" user="Heinz_V" uid="91490" lat="23.1900141" lon="80.0477388"/>
 <node id="11297865738" visible="true" version="1" changeset="143312696" timestamp="2023-10-29T13:37:08Z" user="Heinz_V" uid="91490" lat="23.1905290" lon="80.0476702"/>
 <node id="11297865739" visible="true" version="1" changeset="143312696" timestamp="2023-10-29T13:37:08Z" user="Heinz_V" uid="91490" lat="23.1907236" lon="80.0486814"/>
 <node id="11297865740" visible="true" version="1" changeset="143312696" timestamp="2023-10-29T13:37:08Z" user="Heinz_V" uid="91490" lat="23.1909454" lon="80.0496632"/>
 <node id="11297865741" visible="true" version="1" changeset="143312696" timestamp="2023-10-29T13:37:08Z" user="Heinz_V" uid="91490" lat="23.1912391" lon="80.0499563"/>
 <node id="11297865742" visible="true" version="1" changeset="143312696" timestamp="2023-10-29T13:37:08Z" user="Heinz_V" uid="91490" lat="23.1909595" lon="80.0507918"/>
 <node id="11297865743" visible="true" version="1" changeset="143312696" timestamp="2023-10-29T13:37:08Z" user="Heinz_V" uid="91490" lat="23.1903913" lon="80.0529027"/>
 <node id="11297865744" visible="true" version="1" changeset="143312696" timestamp="2023-10-29T13:37:08Z" user="Heinz_V" uid="91490" lat="23.1898682" lon="80.0547790"/>
 <node id="11297865745" visible="true" version="1" changeset="143312696" timestamp="2023-10-29T13:37:08Z" user="Heinz_V" uid="91490" lat="23.1895481" lon="80.0559224"/>
 <node id="11297865746" visible="true" version="1" changeset="143312696" timestamp="2023-10-29T13:37:08Z" user="Heinz_V" uid="91490" lat="23.1888896" lon="80.0581017"/>
 <node id="11297865747" visible="true" version="1" changeset="143312696" timestamp="2023-10-29T13:37:08Z" user="Heinz_V" uid="91490" lat="23.1887407" lon="80.0587319"/>
 <node id="11297865748" visible="true" version="1" changeset="143312696" timestamp="2023-10-29T13:37:08Z" user="Heinz_V" uid="91490" lat="23.1884655" lon="80.0593086"/>
 <node id="11297865749" visible="true" version="1" changeset="143312696" timestamp="2023-10-29T13:37:08Z" user="Heinz_V" uid="91490" lat="23.1878924" lon="80.0603983"/>
 <node id="11297865750" visible="true" version="1" changeset="143312696" timestamp="2023-10-29T13:37:08Z" user="Heinz_V" uid="91490" lat="23.1875270" lon="80.0614489"/>
 <node id="11724975027" visible="true" version="1" changeset="148556676" timestamp="2024-03-12T16:02:46Z" user="Sal73x" uid="1293386" lat="23.1909896" lon="80.0709473"/>
 <node id="11724975028" visible="true" version="1" changeset="148556676" timestamp="2024-03-12T16:02:46Z" user="Sal73x" uid="1293386" lat="23.1897308" lon="80.0717267"/>
 <node id="11724975029" visible="true" version="1" changeset="148556676" timestamp="2024-03-12T16:02:46Z" user="Sal73x" uid="1293386" lat="23.1914686" lon="80.0746684"/>
 <node id="11724975030" visible="true" version="1" changeset="148556676" timestamp="2024-03-12T16:02:46Z" user="Sal73x" uid="1293386" lat="23.1902592" lon="80.0754236"/>
 <node id="11770380697" visible="true" version="1" changeset="149293856" timestamp="2024-03-29T03:03:31Z" user="syedk" uid="19820024" lat="23.1754414" lon="80.0208648"/>
 <node id="13507420775" visible="true" version="2" changeset="177878409" timestamp="2026-01-30T08:10:17Z" user="Wildsharky" uid="16577436" lat="23.1752385" lon="80.0219883"/>
 <node id="13507420776" visible="true" version="2" changeset="177878409" timestamp="2026-01-30T08:10:17Z" user="Wildsharky" uid="16577436" lat="23.1752357" lon="80.0223707"/>
 <node id="13507420777" visible="true" version="2" changeset="177878409" timestamp="2026-01-30T08:10:17Z" user="Wildsharky" uid="16577436" lat="23.1747547" lon="80.0225773"/>
 <node id="13507420778" visible="true" version="2" changeset="177878409" timestamp="2026-01-30T08:10:17Z" user="Wildsharky" uid="16577436" lat="23.1746889" lon="80.0220007"/>
 <node id="13509627391" visible="true" version="2" changeset="177878409" timestamp="2026-01-30T08:10:17Z" user="Wildsharky" uid="16577436" lat="23.1751514" lon="80.0220000"/>
 <node id="13509627392" visible="true" version="2" changeset="177878409" timestamp="2026-01-30T08:10:17Z" user="Wildsharky" uid="16577436" lat="23.1747062" lon="80.0221528"/>
 <node id="13509627393" visible="true" version="2" changeset="177878409" timestamp="2026-01-30T08:10:17Z" user="Wildsharky" uid="16577436" lat="23.1747141" lon="80.0221517"/>
 <node id="13509627394" visible="true" version="2" changeset="177878409" timestamp="2026-01-30T08:10:17Z" user="Wildsharky" uid="16577436" lat="23.1747179" lon="80.0221849"/>
 <node id="13509627395" visible="true" version="2" changeset="177878409" timestamp="2026-01-30T08:10:17Z" user="Wildsharky" uid="16577436" lat="23.1748543" lon="80.0224261"/>
 <node id="13509627396" visible="true" version="2" changeset="177878409" timestamp="2026-01-30T08:10:17Z" user="Wildsharky" uid="16577436" lat="23.1748866" lon="80.0225596"/>
 <node id="13509627397" visible="true" version="2" changeset="177878409" timestamp="2026-01-30T08:10:17Z" user="Wildsharky" uid="16577436" lat="23.1749671" lon="80.0225624"/>
 <node id="13509627398" visible="true" version="2" changeset="177878409" timestamp="2026-01-30T08:10:17Z" user="Wildsharky" uid="16577436" lat="23.1751198" lon="80.0225127"/>
 <node id="13509627399" visible="true" version="2" changeset="177878409" timestamp="2026-01-30T08:10:17Z" user="Wildsharky" uid="16577436" lat="23.1751217" lon="80.0225299"/>
 <node id="13509627400" visible="true" version="2" changeset="177878409" timestamp="2026-01-30T08:10:17Z" user="Wildsharky" uid="16577436" lat="23.1752233" lon="80.0224354"/>
 <node id="13509668201" visible="true" version="2" changeset="177878409" timestamp="2026-01-30T08:10:17Z" user="Wildsharky" uid="16577436" lat="23.1752428" lon="80.0224328"/>
 <node id="13509668202" visible="true" version="2" changeset="177878409" timestamp="2026-01-30T08:10:17Z" user="Wildsharky" uid="16577436" lat="23.1752657" lon="80.0223666"/>
 <node id="13509668203" visible="true" version="2" changeset="177878409" timestamp="2026-01-30T08:10:17Z" user="Wildsharky" uid="16577436" lat="23.1752811" lon="80.0222046"/>
 <node id="13509668204" visible="true" version="2" changeset="177878409" timestamp="2026-01-30T08:10:17Z" user="Wildsharky" uid="16577436" lat="23.1752714" lon="80.0221197"/>
 <node id="13509668205" visible="true" version="2" changeset="177878409" timestamp="2026-01-30T08:10:17Z" user="Wildsharky" uid="16577436" lat="23.1752537" lon="80.0221221"/>
 <node id="13511516349" visible="true" version="1" changeset="177878409" timestamp="2026-01-30T08:10:17Z" user="Wildsharky" uid="16577436" lat="23.1749396" lon="80.0221796"/>
 <node id="13511516350" visible="true" version="1" changeset="177878409" timestamp="2026-01-30T08:10:17Z" user="Wildsharky" uid="16577436" lat="23.1749761" lon="80.0221730"/>
 <node id="13511516351" visible="true" version="1" changeset="177878409" timestamp="2026-01-30T08:10:17Z" user="Wildsharky" uid="16577436" lat="23.1749761" lon="80.0222233"/>
 <node id="13511516352" visible="true" version="1" changeset="177878409" timestamp="2026-01-30T08:10:17Z" user="Wildsharky" uid="16577436" lat="23.1750406" lon="80.0222154"/>
 <node id="13511516353" visible="true" version="1" changeset="177878409" timestamp="2026-01-30T08:10:17Z" user="Wildsharky" uid="16577436" lat="23.1750370" lon="80.0222419"/>
 <node id="13511516354" visible="true" version="1" changeset="177878409" timestamp="2026-01-30T08:10:17Z" user="Wildsharky" uid="16577436" lat="23.1751003" lon="80.0222366"/>
 <node id="13511516355" visible="true" version="1" changeset="177878409" timestamp="2026-01-30T08:10:17Z" user="Wildsharky" uid="16577436" lat="23.1750978" lon="80.0222127"/>
 <node id="13511516356" visible="true" version="1" changeset="177878409" timestamp="2026-01-30T08:10:17Z" user="Wildsharky" uid="16577436" lat="23.1751623" lon="80.0222048"/>
 <node id="13511516357" visible="true" version="1" changeset="177878409" timestamp="2026-01-30T08:10:17Z" user="Wildsharky" uid="16577436" lat="23.1751636" lon="80.0222591"/>
 <node id="13511516358" visible="true" version="1" changeset="177878409" timestamp="2026-01-30T08:10:17Z" user="Wildsharky" uid="16577436" lat="23.1751416" lon="80.0222617"/>
 <node id="13511516359" visible="true" version="1" changeset="177878409" timestamp="2026-01-30T08:10:17Z" user="Wildsharky" uid="16577436" lat="23.1751441" lon="80.0223319"/>
 <node id="13511516360" visible="true" version="1" changeset="177878409" timestamp="2026-01-30T08:10:17Z" user="Wildsharky" uid="16577436" lat="23.1751623" lon="80.0223279"/>
 <node id="13511516361" visible="true" version="1" changeset="177878409" timestamp="2026-01-30T08:10:17Z" user="Wildsharky" uid="16577436" lat="23.1751684" lon="80.0223557"/>
 <node id="13511516362" visible="true" version="1" changeset="177878409" timestamp="2026-01-30T08:10:17Z" user="Wildsharky" uid="16577436" lat="23.1751441" lon="80.0223915"/>
 <node id="13511516363" visible="true" version="1" changeset="177878409" timestamp="2026-01-30T08:10:17Z" user="Wildsharky" uid="16577436" lat="23.1751246" lon="80.0223690"/>
 <node id="13511516364" visible="true" version="1" changeset="177878409" timestamp="2026-01-30T08:10:17Z" user="Wildsharky" uid="16577436" lat="23.1751027" lon="80.0223968"/>
 <node id="13511516365" visible="true" version="1" changeset="177878409" timestamp="2026-01-30T08:10:17Z" user="Wildsharky" uid="16577436" lat="23.1751137" lon="80.0224166"/>
 <node id="13511516366" visible="true" version="1" changeset="177878409" timestamp="2026-01-30T08:10:17Z" user="Wildsharky" uid="16577436" lat="23.1750869" lon="80.0224537"/>
 <node id="13511516367" visible="true" version="1" changeset="177878409" timestamp="2026-01-30T08:10:17Z" user="Wildsharky" uid="16577436" lat="23.1750601" lon="80.0224564"/>
 <node id="13511516368" visible="true" version="1" changeset="177878409" timestamp="2026-01-30T08:10:17Z" user="Wildsharky" uid="16577436" lat="23.1750577" lon="80.0224246"/>
 <node id="13511516369" visible="true" version="1" changeset="177878409" timestamp="2026-01-30T08:10:17Z" user="Wildsharky" uid="16577436" lat="23.1750005" lon="80.0224272"/>
 <node id="13511516370" visible="true" version="1" changeset="177878409" timestamp="2026-01-30T08:10:17Z" user="Wildsharky" uid="16577436" lat="23.1749980" lon="80.0224550"/>
 <node id="13511516371" visible="true" version="1" changeset="177878409" timestamp="2026-01-30T08:10:17Z" user="Wildsharky" uid="16577436" lat="23.1749518" lon="80.0224590"/>
 <node id="13511516372" visible="true" version="1" changeset="177878409" timestamp="2026-01-30T08:10:17Z" user="Wildsharky" uid="16577436" lat="23.1749493" lon="80.0223955"/>
 <node id="13511516373" visible="true" version="1" changeset="177878409" timestamp="2026-01-30T08:10:17Z" user="Wildsharky" uid="16577436" lat="23.1749676" lon="80.0223941"/>
 <node id="13511516374" visible="true" version="1" changeset="177878409" timestamp="2026-01-30T08:10:17Z" user="Wildsharky" uid="16577436" lat="23.1749664" lon="80.0223240"/>
 <node id="13511516375" visible="true" version="1" changeset="177878409" timestamp="2026-01-30T08:10:17Z" user="Wildsharky" uid="16577436" lat="23.1749445" lon="80.0223240"/>
 <node id="13511516376" visible="true" version="1" changeset="177878409" timestamp="2026-01-30T08:10:17Z" user="Wildsharky" uid="16577436" lat="23.1749420" lon="80.0222644"/>
 <node id="13511516377" visible="true" version="1" changeset="177878409" timestamp="2026-01-30T08:10:17Z" user="Wildsharky" uid="16577436" lat="23.1749043" lon="80.0222683"/>
 <node id="13511516378" visible="true" version="1" changeset="177878409" timestamp="2026-01-30T08:10:17Z" user="Wildsharky" uid="16577436" lat="23.1749006" lon="80.0222313"/>
 <node id="13511516379" visible="true" version="1" changeset="177878409" timestamp="2026-01-30T08:10:17Z" user="Wildsharky" uid="16577436" lat="23.1748913" lon="80.0226006"/>
 <node id="13511516380" visible="true" version="1" changeset="177878409" timestamp="2026-01-30T08:10:17Z" user="Wildsharky" uid="16577436" lat="23.1749702" lon="80.0225900"/>
 <node id="13511516381" visible="true" version="1" changeset="177878409" timestamp="2026-01-30T08:10:17Z" user="Wildsharky" uid="16577436" lat="23.1750862" lon="80.0225464"/>
 <node id="13511516382" visible="true" version="1" changeset="177878409" timestamp="2026-01-30T08:10:17Z" user="Wildsharky" uid="16577436" lat="23.1750829" lon="80.0225176"/>
 <node id="13511516383" visible="true" version="1" changeset="177878409" timestamp="2026-01-30T08:10:17Z" user="Wildsharky" uid="16577436" lat="23.1752323" lon="80.0225150"/>
 <node id="13511516384" visible="true" version="1" changeset="177878409" timestamp="2026-01-30T08:10:17Z" user="Wildsharky" uid="16577436" lat="23.1752478" lon="80.0222090"/>
 <node id="13511516385" visible="true" version="1" changeset="177878409" timestamp="2026-01-30T08:10:17Z" user="Wildsharky" uid="16577436" lat="23.1747423" lon="80.0224676"/>
 <node id="13511516386" visible="true" version="1" changeset="177878409" timestamp="2026-01-30T08:10:17Z" user="Wildsharky" uid="16577436" lat="23.1747756" lon="80.0224631"/>
 <node id="13511516387" visible="true" version="1" changeset="177878409" timestamp="2026-01-30T08:10:17Z" user="Wildsharky" uid="16577436" lat="23.1747742" lon="80.0224506"/>
 <node id="13511516388" visible="true" version="1" changeset="177878409" timestamp="2026-01-30T08:10:17Z" user="Wildsharky" uid="16577436" lat="23.1748312" lon="80.0224429"/>
 <node id="13511516389" visible="true" version="1" changeset="177878409" timestamp="2026-01-30T08:10:17Z" user="Wildsharky" uid="16577436" lat="23.1748331" lon="80.0224597"/>
 <node id="13511516390" visible="true" version="1" changeset="177878409" timestamp="2026-01-30T08:10:17Z" user="Wildsharky" uid="16577436" lat="23.1748617" lon="80.0224558"/>
 <node id="13511516391" visible="true" version="1" changeset="177878409" timestamp="2026-01-30T08:10:17Z" user="Wildsharky" uid="16577436" lat="23.1748582" lon="80.0224256"/>
 <node id="13511516392" visible="true" version="1" changeset="177878409" timestamp="2026-01-30T08:10:17Z" user="Wildsharky" uid="16577436" lat="23.1748406" lon="80.0223052"/>
 <node id="13511516393" visible="true" version="1" changeset="177878409" timestamp="2026-01-30T08:10:17Z" user="Wildsharky" uid="16577436" lat="23.1748628" lon="80.0223022"/>
 <node id="13511516394" visible="true" version="1" changeset="177878409" timestamp="2026-01-30T08:10:17Z" user="Wildsharky" uid="16577436" lat="23.1748503" lon="80.0221922"/>
 <node id="13511516395" visible="true" version="1" changeset="177878409" timestamp="2026-01-30T08:10:17Z" user="Wildsharky" uid="16577436" lat="23.1747715" lon="80.0222028"/>
 <node id="13511516396" visible="true" version="1" changeset="177878409" timestamp="2026-01-30T08:10:17Z" user="Wildsharky" uid="16577436" lat="23.1747687" lon="80.0221781"/>
 <node id="13511516397" visible="true" version="1" changeset="177878409" timestamp="2026-01-30T08:10:17Z" user="Wildsharky" uid="16577436" lat="23.1748865" lon="80.0219742"/>
 <node id="13511516398" visible="true" version="1" changeset="177878409" timestamp="2026-01-30T08:10:17Z" user="Wildsharky" uid="16577436" lat="23.1749051" lon="80.0221380"/>
 <node id="13511516399" visible="true" version="1" changeset="177878409" timestamp="2026-01-30T08:10:17Z" user="Wildsharky" uid="16577436" lat="23.1751541" lon="80.0221045"/>
 <node id="13511516400" visible="true" version="1" changeset="177878409" timestamp="2026-01-30T08:10:17Z" user="Wildsharky" uid="16577436" lat="23.1751528" lon="80.0220930"/>
 <node id="13511602501" visible="true" version="1" changeset="177878409" timestamp="2026-01-30T08:10:17Z" user="Wildsharky" uid="16577436" lat="23.1751428" lon="80.0220944"/>
 <node id="13511602502" visible="true" version="1" changeset="177878409" timestamp="2026-01-30T08:10:17Z" user="Wildsharky" uid="16577436" lat="23.1751352" lon="80.0220274"/>
 <node id="13511602503" visible="true" version="1" changeset="177878409" timestamp="2026-01-30T08:10:17Z" user="Wildsharky" uid="16577436" lat="23.1751542" lon="80.0220249"/>
 <node id="13516202862" visible="true" version="1" changeset="177952272" timestamp="2026-02-01T06:30:07Z" user="Sameeksha Chinta" uid="23775155" lat="23.1754249" lon="80.0227041"/>
 <node id="13516202863" visible="true" version="2" changeset="178018311" timestamp="2026-02-02T18:01:05Z" user="rajdhani" uid="20051396" lat="23.1769372" lon="80.0211722"/>
 <node id="13516202864" visible="true" version="2" changeset="178018311" timestamp="2026-02-02T18:01:05Z" user="rajdhani" uid="20051396" lat="23.1770187" lon="80.0211940"/>
 <node id="13516202865" visible="true" version="2" changeset="178018311" timestamp="2026-02-02T18:01:05Z" user="rajdhani" uid="20051396" lat="23.1768751" lon="80.0211767"/>
 <node id="13516205369" visible="true" version="1" changeset="177952757" timestamp="2026-02-01T07:01:12Z" user="Sameeksha Chinta" uid="23775155" lat="23.1751230" lon="80.0214841"/>
 <node id="13516205370" visible="true" version="1" changeset="177952757" timestamp="2026-02-01T07:01:12Z" user="Sameeksha Chinta" uid="23775155" lat="23.1751077" lon="80.0219647"/>
 <node id="13516205371" visible="true" version="1" changeset="177952757" timestamp="2026-02-01T07:01:12Z" user="Sameeksha Chinta" uid="23775155" lat="23.1752663" lon="80.0219581"/>
 <node id="13516205372" visible="true" version="1" changeset="177952757" timestamp="2026-02-01T07:01:12Z" user="Sameeksha Chinta" uid="23775155" lat="23.1752744" lon="80.0220001"/>
 <node id="13516205373" visible="true" version="1" changeset="177952757" timestamp="2026-02-01T07:01:12Z" user="Sameeksha Chinta" uid="23775155" lat="23.1752947" lon="80.0220267"/>
 <node id="13516205374" visible="true" version="1" changeset="177952757" timestamp="2026-02-01T07:01:12Z" user="Sameeksha Chinta" uid="23775155" lat="23.1753028" lon="80.0220709"/>
 <node id="13516205375" visible="true" version="1" changeset="177952757" timestamp="2026-02-01T07:01:12Z" user="Sameeksha Chinta" uid="23775155" lat="23.1753394" lon="80.0220709"/>
 <node id="13516205376" visible="true" version="1" changeset="177952757" timestamp="2026-02-01T07:01:12Z" user="Sameeksha Chinta" uid="23775155" lat="23.1753943" lon="80.0223959"/>
 <node id="13516205377" visible="true" version="1" changeset="177952757" timestamp="2026-02-01T07:01:12Z" user="Sameeksha Chinta" uid="23775155" lat="23.1753821" lon="80.0224424"/>
 <node id="13516205378" visible="true" version="1" changeset="177952757" timestamp="2026-02-01T07:01:12Z" user="Sameeksha Chinta" uid="23775155" lat="23.1753110" lon="80.0225330"/>
 <node id="13516213339" visible="true" version="1" changeset="177952251" timestamp="2026-02-01T06:28:46Z" user="Sameeksha Chinta" uid="23775155" lat="23.1754453" lon="80.0224258"/>
 <node id="13516213340" visible="true" version="1" changeset="177952251" timestamp="2026-02-01T06:28:46Z" user="Sameeksha Chinta" uid="23775155" lat="23.1753463" lon="80.0219254"/>
 <node id="13516213341" visible="true" version="1" changeset="177952251" timestamp="2026-02-01T06:28:46Z" user="Sameeksha Chinta" uid="23775155" lat="23.1751455" lon="80.0219412"/>
 <node id="13516213342" visible="true" version="1" changeset="177952251" timestamp="2026-02-01T06:28:46Z" user="Sameeksha Chinta" uid="23775155" lat="23.1749271" lon="80.0219571"/>
 <node id="13516213343" visible="true" version="1" changeset="177952251" timestamp="2026-02-01T06:28:46Z" user="Sameeksha Chinta" uid="23775155" lat="23.1747347" lon="80.0219740"/>
 <node id="13516213344" visible="true" version="1" changeset="177952251" timestamp="2026-02-01T06:28:46Z" user="Sameeksha Chinta" uid="23775155" lat="23.1747029" lon="80.0224384"/>
 <node id="13516213345" visible="true" version="1" changeset="177952251" timestamp="2026-02-01T06:28:46Z" user="Sameeksha Chinta" uid="23775155" lat="23.1746826" lon="80.0227013"/>
 <node id="13516213346" visible="true" version="1" changeset="177952251" timestamp="2026-02-01T06:28:46Z" user="Sameeksha Chinta" uid="23775155" lat="23.1748689" lon="80.0226791"/>
 <node id="13516213347" visible="true" version="1" changeset="177952251" timestamp="2026-02-01T06:28:46Z" user="Sameeksha Chinta" uid="23775155" lat="23.1751600" lon="80.0226506"/>
 <node id="13516213348" visible="true" version="1" changeset="177952251" timestamp="2026-02-01T06:28:46Z" user="Sameeksha Chinta" uid="23775155" lat="23.1753027" lon="80.0226380"/>
 <node id="13516213349" visible="true" version="3" changeset="178582610" timestamp="2026-02-15T13:46:30Z" user="googlenaut" uid="519916" lat="23.1753193" lon="80.0226106">
  <tag k="barrier" v="gate"/>
 </node>
 <node id="13516213350" visible="true" version="1" changeset="177952251" timestamp="2026-02-01T06:28:46Z" user="Sameeksha Chinta" uid="23775155" lat="23.1754832" lon="80.0225556"/>
 <node id="13516214471" visible="true" version="2" changeset="177952757" timestamp="2026-02-01T07:01:12Z" user="Sameeksha Chinta" uid="23775155" lat="23.1750348" lon="80.0219505">
  <tag k="crossing" v="uncontrolled"/>
  <tag k="crossing:markings" v="yes"/>
  <tag k="highway" v="services"/>
  <tag k="name" v="nagarjuna entrance"/>
 </node>
 <node id="13516219702" visible="true" version="2" changeset="177953483" timestamp="2026-02-01T07:42:03Z" user="Sameeksha Chinta" uid="23775155" lat="23.1778809" lon="80.0224001"/>
 <node id="13516219703" visible="true" version="1" changeset="177952651" timestamp="2026-02-01T06:54:12Z" user="Sameeksha Chinta" uid="23775155" lat="23.1781465" lon="80.0226783">
  <tag k="crossing" v="uncontrolled"/>
  <tag k="crossing:markings" v="no"/>
  <tag k="highway" v="services"/>
 </node>
 <node id="13516235592" visible="true" version="1" changeset="177953483" timestamp="2026-02-01T07:42:03Z" user="Sameeksha Chinta" uid="23775155" lat="23.1760592" lon="80.0228593"/>
 <node id="13516235593" visible="true" version="1" changeset="177953483" timestamp="2026-02-01T07:42:03Z" user="Sameeksha Chinta" uid="23775155" lat="23.1761372" lon="80.0228347"/>
 <node id="13516235594" visible="true" version="1" changeset="177953483" timestamp="2026-02-01T07:42:03Z" user="Sameeksha Chinta" uid="23775155" lat="23.1773466" lon="80.0218955"/>
 <node id="13516235595" visible="true" version="1" changeset="177953483" timestamp="2026-02-01T07:42:03Z" user="Sameeksha Chinta" uid="23775155" lat="23.1774936" lon="80.0220310"/>
 <node id="13516235596" visible="true" version="1" changeset="177953483" timestamp="2026-02-01T07:42:03Z" user="Sameeksha Chinta" uid="23775155" lat="23.1776481" lon="80.0221232"/>
 <node id="13516235597" visible="true" version="1" changeset="177953483" timestamp="2026-02-01T07:42:03Z" user="Sameeksha Chinta" uid="23775155" lat="23.1777653" lon="80.0222208"/>
 <node id="13516235598" visible="true" version="1" changeset="177953483" timestamp="2026-02-01T07:42:03Z" user="Sameeksha Chinta" uid="23775155" lat="23.1778276" lon="80.0223021"/>
 <node id="13516235599" visible="true" version="1" changeset="177953483" timestamp="2026-02-01T07:42:03Z" user="Sameeksha Chinta" uid="23775155" lat="23.1778893" lon="80.0224387"/>
 <node id="13516235600" visible="true" version="1" changeset="177953483" timestamp="2026-02-01T07:42:03Z" user="Sameeksha Chinta" uid="23775155" lat="23.1779337" lon="80.0224189"/>
 <node id="13516237598" visible="true" version="1" changeset="177953333" timestamp="2026-02-01T07:33:04Z" user="Sameeksha Chinta" uid="23775155" lat="23.1777163" lon="80.0252463"/>
 <node id="13516237599" visible="true" version="1" changeset="177953333" timestamp="2026-02-01T07:33:04Z" user="Sameeksha Chinta" uid="23775155" lat="23.1779622" lon="80.0252478"/>
 <node id="13516237600" visible="true" version="1" changeset="177953333" timestamp="2026-02-01T07:33:04Z" user="Sameeksha Chinta" uid="23775155" lat="23.1779308" lon="80.0249684"/>
 <node id="13516240735" visible="true" version="1" changeset="177953088" timestamp="2026-02-01T07:18:15Z" user="Sameeksha Chinta" uid="23775155" lat="23.1762192" lon="80.0200247"/>
 <node id="13516240736" visible="true" version="1" changeset="177953088" timestamp="2026-02-01T07:18:15Z" user="Sameeksha Chinta" uid="23775155" lat="23.1761667" lon="80.0198809"/>
 <node id="13516240737" visible="true" version="1" changeset="177953088" timestamp="2026-02-01T07:18:15Z" user="Sameeksha Chinta" uid="23775155" lat="23.1761410" lon="80.0197861"/>
 <node id="13516240738" visible="true" version="1" changeset="177953088" timestamp="2026-02-01T07:18:15Z" user="Sameeksha Chinta" uid="23775155" lat="23.1762562" lon="80.0197374"/>
 <node id="13516240739" visible="true" version="1" changeset="177953088" timestamp="2026-02-01T07:18:15Z" user="Sameeksha Chinta" uid="23775155" lat="23.1764086" lon="80.0205130"/>
 <node id="13516240740" visible="true" version="1" changeset="177953088" timestamp="2026-02-01T07:18:15Z" user="Sameeksha Chinta" uid="23775155" lat="23.1764952" lon="80.0204775"/>
 <node id="13516240741" visible="true" version="1" changeset="177953088" timestamp="2026-02-01T07:18:15Z" user="Sameeksha Chinta" uid="23775155" lat="23.1763992" lon="80.0204849"/>
 <node id="13516240742" visible="true" version="1" changeset="177953088" timestamp="2026-02-01T07:18:15Z" user="Sameeksha Chinta" uid="23775155" lat="23.1763420" lon="80.0205149"/>
 <node id="13516240743" visible="true" version="1" changeset="177953088" timestamp="2026-02-01T07:18:15Z" user="Sameeksha Chinta" uid="23775155" lat="23.1763104" lon="80.0205290"/>
 <node id="13516240744" visible="true" version="1" changeset="177953088" timestamp="2026-02-01T07:18:15Z" user="Sameeksha Chinta" uid="23775155" lat="23.1763006" lon="80.0205678"/>
 <node id="13516240745" visible="true" version="1" changeset="177953088" timestamp="2026-02-01T07:18:15Z" user="Sameeksha Chinta" uid="23775155" lat="23.1760435" lon="80.0226622"/>
 <node id="13516240746" visible="true" version="1" changeset="177953088" timestamp="2026-02-01T07:18:15Z" user="Sameeksha Chinta" uid="23775155" lat="23.1760722" lon="80.0226952"/>
 <node id="13516240747" visible="true" version="1" changeset="177953088" timestamp="2026-02-01T07:18:15Z" user="Sameeksha Chinta" uid="23775155" lat="23.1760926" lon="80.0227458"/>
 <node id="13516240749" visible="true" version="1" changeset="177953088" timestamp="2026-02-01T07:18:15Z" user="Sameeksha Chinta" uid="23775155" lat="23.1758745" lon="80.0227243"/>
 <node id="13516240750" visible="true" version="1" changeset="177953088" timestamp="2026-02-01T07:18:15Z" user="Sameeksha Chinta" uid="23775155" lat="23.1758637" lon="80.0227701"/>
 <node id="13516240751" visible="true" version="1" changeset="177953088" timestamp="2026-02-01T07:18:15Z" user="Sameeksha Chinta" uid="23775155" lat="23.1758767" lon="80.0228308"/>
 <node id="13516240752" visible="true" version="1" changeset="177953088" timestamp="2026-02-01T07:18:15Z" user="Sameeksha Chinta" uid="23775155" lat="23.1759084" lon="80.0228774"/>
 <node id="13516240753" visible="true" version="1" changeset="177953088" timestamp="2026-02-01T07:18:15Z" user="Sameeksha Chinta" uid="23775155" lat="23.1759530" lon="80.0229057"/>
 <node id="13516240755" visible="true" version="1" changeset="177953088" timestamp="2026-02-01T07:18:15Z" user="Sameeksha Chinta" uid="23775155" lat="23.1765951" lon="80.0228936"/>
 <node id="13516240756" visible="true" version="1" changeset="177953088" timestamp="2026-02-01T07:18:15Z" user="Sameeksha Chinta" uid="23775155" lat="23.1764853" lon="80.0229300"/>
 <node id="13516240757" visible="true" version="1" changeset="177953088" timestamp="2026-02-01T07:18:15Z" user="Sameeksha Chinta" uid="23775155" lat="23.1763794" lon="80.0232601"/>
 <node id="13516240758" visible="true" version="1" changeset="177953088" timestamp="2026-02-01T07:18:15Z" user="Sameeksha Chinta" uid="23775155" lat="23.1763048" lon="80.0233612"/>
 <node id="13516240759" visible="true" version="1" changeset="177953088" timestamp="2026-02-01T07:18:15Z" user="Sameeksha Chinta" uid="23775155" lat="23.1761336" lon="80.0233025"/>
 <node id="13516240760" visible="true" version="1" changeset="177953088" timestamp="2026-02-01T07:18:15Z" user="Sameeksha Chinta" uid="23775155" lat="23.1760833" lon="80.0234705"/>
 <node id="13516240761" visible="true" version="1" changeset="177953088" timestamp="2026-02-01T07:18:15Z" user="Sameeksha Chinta" uid="23775155" lat="23.1762508" lon="80.0235211"/>
 <node id="13516240762" visible="true" version="1" changeset="177953088" timestamp="2026-02-01T07:18:15Z" user="Sameeksha Chinta" uid="23775155" lat="23.1763569" lon="80.0235373"/>
 <node id="13516240763" visible="true" version="1" changeset="177953088" timestamp="2026-02-01T07:18:15Z" user="Sameeksha Chinta" uid="23775155" lat="23.1763848" lon="80.0234179"/>
 <node id="13516240764" visible="true" version="1" changeset="177953088" timestamp="2026-02-01T07:18:15Z" user="Sameeksha Chinta" uid="23775155" lat="23.1764034" lon="80.0234199"/>
 <node id="13516240765" visible="true" version="1" changeset="177953088" timestamp="2026-02-01T07:18:15Z" user="Sameeksha Chinta" uid="23775155" lat="23.1764481" lon="80.0233349"/>
 <node id="13516240766" visible="true" version="1" changeset="177953088" timestamp="2026-02-01T07:18:15Z" user="Sameeksha Chinta" uid="23775155" lat="23.1765262" lon="80.0232478"/>
 <node id="13516240767" visible="true" version="1" changeset="177953088" timestamp="2026-02-01T07:18:15Z" user="Sameeksha Chinta" uid="23775155" lat="23.1765765" lon="80.0232114"/>
 <node id="13516240768" visible="true" version="1" changeset="177953088" timestamp="2026-02-01T07:18:15Z" user="Sameeksha Chinta" uid="23775155" lat="23.1765746" lon="80.0231891"/>
 <node id="13516240769" visible="true" version="1" changeset="177953088" timestamp="2026-02-01T07:18:15Z" user="Sameeksha Chinta" uid="23775155" lat="23.1766323" lon="80.0231770"/>
 <node id="13516240770" visible="true" version="1" changeset="177953088" timestamp="2026-02-01T07:18:15Z" user="Sameeksha Chinta" uid="23775155" lat="23.1766826" lon="80.0231669"/>
 <node id="13516240771" visible="true" version="1" changeset="177953088" timestamp="2026-02-01T07:18:15Z" user="Sameeksha Chinta" uid="23775155" lat="23.1767459" lon="80.0231750"/>
 <node id="13516240772" visible="true" version="1" changeset="177953088" timestamp="2026-02-01T07:18:15Z" user="Sameeksha Chinta" uid="23775155" lat="23.1768054" lon="80.0231750"/>
 <node id="13516240773" visible="true" version="1" changeset="177953088" timestamp="2026-02-01T07:18:15Z" user="Sameeksha Chinta" uid="23775155" lat="23.1768705" lon="80.0231851"/>
 <node id="13516240774" visible="true" version="1" changeset="177953088" timestamp="2026-02-01T07:18:15Z" user="Sameeksha Chinta" uid="23775155" lat="23.1769059" lon="80.0231082"/>
 <node id="13516240775" visible="true" version="2" changeset="181929907" timestamp="2026-04-28T09:26:13Z" user="Rudra Biswas" uid="24082955" lat="23.1769233" lon="80.0230300"/>
 <node id="13516240776" visible="true" version="2" changeset="181929907" timestamp="2026-04-28T09:26:13Z" user="Rudra Biswas" uid="24082955" lat="23.1769397" lon="80.0228149"/>
 <node id="13516240777" visible="true" version="2" changeset="181929907" timestamp="2026-04-28T09:26:13Z" user="Rudra Biswas" uid="24082955" lat="23.1766876" lon="80.0227876"/>
 <node id="13516240778" visible="true" version="2" changeset="181929907" timestamp="2026-04-28T09:26:13Z" user="Rudra Biswas" uid="24082955" lat="23.1766757" lon="80.0230151"/>
 <node id="13516240779" visible="true" version="2" changeset="181929907" timestamp="2026-04-28T09:26:13Z" user="Rudra Biswas" uid="24082955" lat="23.1766827" lon="80.0230407"/>
 <node id="13516240780" visible="true" version="2" changeset="181929907" timestamp="2026-04-28T09:26:13Z" user="Rudra Biswas" uid="24082955" lat="23.1766788" lon="80.0230625"/>
 <node id="13516240781" visible="true" version="1" changeset="177953088" timestamp="2026-02-01T07:18:15Z" user="Sameeksha Chinta" uid="23775155" lat="23.1766658" lon="80.0230899"/>
 <node id="13516240782" visible="true" version="1" changeset="177953088" timestamp="2026-02-01T07:18:15Z" user="Sameeksha Chinta" uid="23775155" lat="23.1768605" lon="80.0232764"/>
 <node id="13516240783" visible="true" version="1" changeset="177953088" timestamp="2026-02-01T07:18:15Z" user="Sameeksha Chinta" uid="23775155" lat="23.1765493" lon="80.0233207"/>
 <node id="13516240784" visible="true" version="1" changeset="177953088" timestamp="2026-02-01T07:18:15Z" user="Sameeksha Chinta" uid="23775155" lat="23.1764479" lon="80.0234657"/>
 <node id="13516240785" visible="true" version="1" changeset="177953088" timestamp="2026-02-01T07:18:15Z" user="Sameeksha Chinta" uid="23775155" lat="23.1767781" lon="80.0237671"/>
 <node id="13516240786" visible="true" version="1" changeset="177953088" timestamp="2026-02-01T07:18:15Z" user="Sameeksha Chinta" uid="23775155" lat="23.1766656" lon="80.0232738"/>
 <node id="13516254801" visible="true" version="1" changeset="177953333" timestamp="2026-02-01T07:33:04Z" user="Sameeksha Chinta" uid="23775155" lat="23.1781040" lon="80.0248710"/>
 <node id="13516254802" visible="true" version="1" changeset="177953333" timestamp="2026-02-01T07:33:04Z" user="Sameeksha Chinta" uid="23775155" lat="23.1781294" lon="80.0248450"/>
 <node id="13516254803" visible="true" version="1" changeset="177953333" timestamp="2026-02-01T07:33:04Z" user="Sameeksha Chinta" uid="23775155" lat="23.1780936" lon="80.0247085"/>
 <node id="13516254804" visible="true" version="1" changeset="177953333" timestamp="2026-02-01T07:33:04Z" user="Sameeksha Chinta" uid="23775155" lat="23.1780886" lon="80.0246589"/>
 <node id="13516254805" visible="true" version="1" changeset="177953333" timestamp="2026-02-01T07:33:04Z" user="Sameeksha Chinta" uid="23775155" lat="23.1777666" lon="80.0252466"/>
 <node id="13516254806" visible="true" version="1" changeset="177953333" timestamp="2026-02-01T07:33:04Z" user="Sameeksha Chinta" uid="23775155" lat="23.1777472" lon="80.0252916"/>
 <node id="13516254807" visible="true" version="1" changeset="177953333" timestamp="2026-02-01T07:33:04Z" user="Sameeksha Chinta" uid="23775155" lat="23.1776830" lon="80.0253582"/>
 <node id="13516254808" visible="true" version="1" changeset="177953333" timestamp="2026-02-01T07:33:04Z" user="Sameeksha Chinta" uid="23775155" lat="23.1775859" lon="80.0254622"/>
 <node id="13516254809" visible="true" version="1" changeset="177953333" timestamp="2026-02-01T07:33:04Z" user="Sameeksha Chinta" uid="23775155" lat="23.1775075" lon="80.0255439">
  <tag k="crossing" v="uncontrolled"/>
  <tag k="crossing:markings" v="yes"/>
  <tag k="highway" v="crossing"/>
 </node>
 <node id="13516254810" visible="true" version="1" changeset="177953333" timestamp="2026-02-01T07:33:04Z" user="Sameeksha Chinta" uid="23775155" lat="23.1779614" lon="80.0252407"/>
 <node id="13516254811" visible="true" version="1" changeset="177953333" timestamp="2026-02-01T07:33:04Z" user="Sameeksha Chinta" uid="23775155" lat="23.1779610" lon="80.0252374"/>
 <node id="13516254812" visible="true" version="1" changeset="177953333" timestamp="2026-02-01T07:33:04Z" user="Sameeksha Chinta" uid="23775155" lat="23.1780694" lon="80.0254657"/>
 <node id="13516254813" visible="true" version="1" changeset="177953333" timestamp="2026-02-01T07:33:04Z" user="Sameeksha Chinta" uid="23775155" lat="23.1781538" lon="80.0254155"/>
 <node id="13516254814" visible="true" version="1" changeset="177953333" timestamp="2026-02-01T07:33:04Z" user="Sameeksha Chinta" uid="23775155" lat="23.1782016" lon="80.0257880"/>
 <node id="13516254815" visible="true" version="1" changeset="177953333" timestamp="2026-02-01T07:33:04Z" user="Sameeksha Chinta" uid="23775155" lat="23.1782685" lon="80.0258122"/>
 <node id="13516254816" visible="true" version="1" changeset="177953333" timestamp="2026-02-01T07:33:04Z" user="Sameeksha Chinta" uid="23775155" lat="23.1783067" lon="80.0259353"/>
 <node id="13516254817" visible="true" version="1" changeset="177953333" timestamp="2026-02-01T07:33:04Z" user="Sameeksha Chinta" uid="23775155" lat="23.1783736" lon="80.0260479"/>
 <node id="13516254818" visible="true" version="1" changeset="177953333" timestamp="2026-02-01T07:33:04Z" user="Sameeksha Chinta" uid="23775155" lat="23.1784070" lon="80.0260721"/>
 <node id="13516254819" visible="true" version="1" changeset="177953333" timestamp="2026-02-01T07:33:04Z" user="Sameeksha Chinta" uid="23775155" lat="23.1785057" lon="80.0260255"/>
 <node id="13516254820" visible="true" version="1" changeset="177953333" timestamp="2026-02-01T07:33:04Z" user="Sameeksha Chinta" uid="23775155" lat="23.1785281" lon="80.0261397"/>
 <node id="13516254821" visible="true" version="1" changeset="177953333" timestamp="2026-02-01T07:33:04Z" user="Sameeksha Chinta" uid="23775155" lat="23.1785727" lon="80.0262021"/>
 <node id="13516254822" visible="true" version="1" changeset="177953333" timestamp="2026-02-01T07:33:04Z" user="Sameeksha Chinta" uid="23775155" lat="23.1786459" lon="80.0261640"/>
 <node id="13516254823" visible="true" version="1" changeset="177953333" timestamp="2026-02-01T07:33:04Z" user="Sameeksha Chinta" uid="23775155" lat="23.1787012" lon="80.0261591"/>
 <node id="13516254824" visible="true" version="1" changeset="177953333" timestamp="2026-02-01T07:33:04Z" user="Sameeksha Chinta" uid="23775155" lat="23.1791839" lon="80.0270192"/>
 <node id="13516254825" visible="true" version="1" changeset="177953333" timestamp="2026-02-01T07:33:04Z" user="Sameeksha Chinta" uid="23775155" lat="23.1792107" lon="80.0270948"/>
 <node id="13516254826" visible="true" version="1" changeset="177953333" timestamp="2026-02-01T07:33:04Z" user="Sameeksha Chinta" uid="23775155" lat="23.1793118" lon="80.0270626"/>
 <node id="13516254827" visible="true" version="1" changeset="177953333" timestamp="2026-02-01T07:33:04Z" user="Sameeksha Chinta" uid="23775155" lat="23.1793463" lon="80.0270894"/>
 <node id="13516254828" visible="true" version="1" changeset="177953333" timestamp="2026-02-01T07:33:04Z" user="Sameeksha Chinta" uid="23775155" lat="23.1793586" lon="80.0271377"/>
 <node id="13516254829" visible="true" version="1" changeset="177953333" timestamp="2026-02-01T07:33:04Z" user="Sameeksha Chinta" uid="23775155" lat="23.1793339" lon="80.0271832"/>
 <node id="13516254830" visible="true" version="1" changeset="177953333" timestamp="2026-02-01T07:33:04Z" user="Sameeksha Chinta" uid="23775155" lat="23.1793019" lon="80.0272342"/>
 <node id="13516254831" visible="true" version="1" changeset="177953333" timestamp="2026-02-01T07:33:04Z" user="Sameeksha Chinta" uid="23775155" lat="23.1793860" lon="80.0273420"/>
 <node id="13516254832" visible="true" version="1" changeset="177953333" timestamp="2026-02-01T07:33:04Z" user="Sameeksha Chinta" uid="23775155" lat="23.1792378" lon="80.0272529"/>
 <node id="13516254833" visible="true" version="1" changeset="177953333" timestamp="2026-02-01T07:33:04Z" user="Sameeksha Chinta" uid="23775155" lat="23.1791886" lon="80.0272556"/>
 <node id="13516254834" visible="true" version="1" changeset="177953333" timestamp="2026-02-01T07:33:04Z" user="Sameeksha Chinta" uid="23775155" lat="23.1791565" lon="80.0271993"/>
 <node id="13516254835" visible="true" version="1" changeset="177953333" timestamp="2026-02-01T07:33:04Z" user="Sameeksha Chinta" uid="23775155" lat="23.1791812" lon="80.0271457"/>
 <node id="13516254836" visible="true" version="1" changeset="177953333" timestamp="2026-02-01T07:33:04Z" user="Sameeksha Chinta" uid="23775155" lat="23.1757081" lon="80.0260200"/>
 <node id="13516254837" visible="true" version="1" changeset="177953333" timestamp="2026-02-01T07:33:04Z" user="Sameeksha Chinta" uid="23775155" lat="23.1757572" lon="80.0260727"/>
 <node id="13516254838" visible="true" version="1" changeset="177953333" timestamp="2026-02-01T07:33:04Z" user="Sameeksha Chinta" uid="23775155" lat="23.1758271" lon="80.0261034"/>
 <node id="13516254839" visible="true" version="1" changeset="177953333" timestamp="2026-02-01T07:33:04Z" user="Sameeksha Chinta" uid="23775155" lat="23.1759306" lon="80.0261473"/>
 <node id="13516254840" visible="true" version="1" changeset="177953333" timestamp="2026-02-01T07:33:04Z" user="Sameeksha Chinta" uid="23775155" lat="23.1759898" lon="80.0261604"/>
 <node id="13516254841" visible="true" version="1" changeset="177953333" timestamp="2026-02-01T07:33:04Z" user="Sameeksha Chinta" uid="23775155" lat="23.1761040" lon="80.0261751"/>
 <node id="13516254842" visible="true" version="1" changeset="177953333" timestamp="2026-02-01T07:33:04Z" user="Sameeksha Chinta" uid="23775155" lat="23.1761726" lon="80.0261882"/>
 <node id="13516254843" visible="true" version="1" changeset="177953333" timestamp="2026-02-01T07:33:04Z" user="Sameeksha Chinta" uid="23775155" lat="23.1762237" lon="80.0262043"/>
 <node id="13516254844" visible="true" version="1" changeset="177953333" timestamp="2026-02-01T07:33:04Z" user="Sameeksha Chinta" uid="23775155" lat="23.1762425" lon="80.0262716"/>
 <node id="13516254845" visible="true" version="1" changeset="177953333" timestamp="2026-02-01T07:33:04Z" user="Sameeksha Chinta" uid="23775155" lat="23.1762613" lon="80.0263637"/>
 <node id="13516254846" visible="true" version="1" changeset="177953333" timestamp="2026-02-01T07:33:04Z" user="Sameeksha Chinta" uid="23775155" lat="23.1762801" lon="80.0264514"/>
 <node id="13516254847" visible="true" version="1" changeset="177953333" timestamp="2026-02-01T07:33:04Z" user="Sameeksha Chinta" uid="23775155" lat="23.1762828" lon="80.0264704"/>
 <node id="13516254848" visible="true" version="1" changeset="177953333" timestamp="2026-02-01T07:33:04Z" user="Sameeksha Chinta" uid="23775155" lat="23.1762250" lon="80.0264914"/>
 <node id="13516254849" visible="true" version="1" changeset="177953333" timestamp="2026-02-01T07:33:04Z" user="Sameeksha Chinta" uid="23775155" lat="23.1763164" lon="80.0266123"/>
 <node id="13516254850" visible="true" version="1" changeset="177953333" timestamp="2026-02-01T07:33:04Z" user="Sameeksha Chinta" uid="23775155" lat="23.1763433" lon="80.0267029"/>
 <node id="13516254851" visible="true" version="1" changeset="177953333" timestamp="2026-02-01T07:33:04Z" user="Sameeksha Chinta" uid="23775155" lat="23.1763500" lon="80.0267760"/>
 <node id="13516254852" visible="true" version="1" changeset="177953333" timestamp="2026-02-01T07:33:04Z" user="Sameeksha Chinta" uid="23775155" lat="23.1763124" lon="80.0268477"/>
 <node id="13516254853" visible="true" version="1" changeset="177953333" timestamp="2026-02-01T07:33:04Z" user="Sameeksha Chinta" uid="23775155" lat="23.1762546" lon="80.0269047"/>
 <node id="13516254854" visible="true" version="1" changeset="177953333" timestamp="2026-02-01T07:33:04Z" user="Sameeksha Chinta" uid="23775155" lat="23.1761806" lon="80.0269295"/>
 <node id="13516254855" visible="true" version="1" changeset="177953333" timestamp="2026-02-01T07:33:04Z" user="Sameeksha Chinta" uid="23775155" lat="23.1760946" lon="80.0269295"/>
 <node id="13516254856" visible="true" version="1" changeset="177953333" timestamp="2026-02-01T07:33:04Z" user="Sameeksha Chinta" uid="23775155" lat="23.1759871" lon="80.0269178"/>
 <node id="13516254857" visible="true" version="1" changeset="177953333" timestamp="2026-02-01T07:33:04Z" user="Sameeksha Chinta" uid="23775155" lat="23.1758438" lon="80.0271076"/>
 <node id="13516254858" visible="true" version="1" changeset="177953333" timestamp="2026-02-01T07:33:04Z" user="Sameeksha Chinta" uid="23775155" lat="23.1755540" lon="80.0269978"/>
 <node id="13516254859" visible="true" version="1" changeset="177953333" timestamp="2026-02-01T07:33:04Z" user="Sameeksha Chinta" uid="23775155" lat="23.1756821" lon="80.0269417"/>
 <node id="13516254860" visible="true" version="1" changeset="177953333" timestamp="2026-02-01T07:33:04Z" user="Sameeksha Chinta" uid="23775155" lat="23.1756249" lon="80.0267102"/>
 <node id="13516254861" visible="true" version="1" changeset="177953333" timestamp="2026-02-01T07:33:04Z" user="Sameeksha Chinta" uid="23775155" lat="23.1756369" lon="80.0268556"/>
 <node id="13516254862" visible="true" version="1" changeset="177953333" timestamp="2026-02-01T07:33:04Z" user="Sameeksha Chinta" uid="23775155" lat="23.1762064" lon="80.0275052"/>
 <node id="13516254863" visible="true" version="1" changeset="177953333" timestamp="2026-02-01T07:33:04Z" user="Sameeksha Chinta" uid="23775155" lat="23.1761835" lon="80.0277221"/>
 <node id="13516254864" visible="true" version="1" changeset="177953333" timestamp="2026-02-01T07:33:04Z" user="Sameeksha Chinta" uid="23775155" lat="23.1760474" lon="80.0277101"/>
 <node id="13516254865" visible="true" version="1" changeset="177953333" timestamp="2026-02-01T07:33:04Z" user="Sameeksha Chinta" uid="23775155" lat="23.1759730" lon="80.0272926"/>
 <node id="13516254866" visible="true" version="1" changeset="177953333" timestamp="2026-02-01T07:33:04Z" user="Sameeksha Chinta" uid="23775155" lat="23.1758678" lon="80.0276552"/>
 <node id="13516254867" visible="true" version="1" changeset="177953333" timestamp="2026-02-01T07:33:04Z" user="Sameeksha Chinta" uid="23775155" lat="23.1758665" lon="80.0277057"/>
 <node id="13516254868" visible="true" version="1" changeset="177953333" timestamp="2026-02-01T07:33:04Z" user="Sameeksha Chinta" uid="23775155" lat="23.1759997" lon="80.0277136"/>
 <node id="13516260201" visible="true" version="1" changeset="177953483" timestamp="2026-02-01T07:42:03Z" user="Sameeksha Chinta" uid="23775155" lat="23.1779514" lon="80.0224744"/>
 <node id="13516260202" visible="true" version="1" changeset="177953483" timestamp="2026-02-01T07:42:03Z" user="Sameeksha Chinta" uid="23775155" lat="23.1759534" lon="80.0209202"/>
 <node id="13516260203" visible="true" version="1" changeset="177953483" timestamp="2026-02-01T07:42:03Z" user="Sameeksha Chinta" uid="23775155" lat="23.1758761" lon="80.0208980"/>
 <node id="13516260204" visible="true" version="1" changeset="177953483" timestamp="2026-02-01T07:42:03Z" user="Sameeksha Chinta" uid="23775155" lat="23.1758579" lon="80.0209425"/>
 <node id="13516260205" visible="true" version="1" changeset="177953483" timestamp="2026-02-01T07:42:03Z" user="Sameeksha Chinta" uid="23775155" lat="23.1758943" lon="80.0209598"/>
 <node id="13516260206" visible="true" version="1" changeset="177953483" timestamp="2026-02-01T07:42:03Z" user="Sameeksha Chinta" uid="23775155" lat="23.1758943" lon="80.0210143"/>
 <node id="13516260207" visible="true" version="1" changeset="177953483" timestamp="2026-02-01T07:42:03Z" user="Sameeksha Chinta" uid="23775155" lat="23.1758328" lon="80.0210019"/>
 <node id="13516260208" visible="true" version="1" changeset="177953483" timestamp="2026-02-01T07:42:03Z" user="Sameeksha Chinta" uid="23775155" lat="23.1758283" lon="80.0209549"/>
 <node id="13516260209" visible="true" version="1" changeset="177953483" timestamp="2026-02-01T07:42:03Z" user="Sameeksha Chinta" uid="23775155" lat="23.1757851" lon="80.0209425"/>
 <node id="13516260210" visible="true" version="1" changeset="177953483" timestamp="2026-02-01T07:42:03Z" user="Sameeksha Chinta" uid="23775155" lat="23.1757828" lon="80.0209846"/>
 <node id="13516260211" visible="true" version="1" changeset="177953483" timestamp="2026-02-01T07:42:03Z" user="Sameeksha Chinta" uid="23775155" lat="23.1757214" lon="80.0209722"/>
 <node id="13516260212" visible="true" version="1" changeset="177953483" timestamp="2026-02-01T07:42:03Z" user="Sameeksha Chinta" uid="23775155" lat="23.1757214" lon="80.0209277"/>
 <node id="13516260213" visible="true" version="1" changeset="177953483" timestamp="2026-02-01T07:42:03Z" user="Sameeksha Chinta" uid="23775155" lat="23.1756804" lon="80.0209153"/>
 <node id="13516260214" visible="true" version="1" changeset="177953483" timestamp="2026-02-01T07:42:03Z" user="Sameeksha Chinta" uid="23775155" lat="23.1756804" lon="80.0209648"/>
 <node id="13516260215" visible="true" version="1" changeset="177953483" timestamp="2026-02-01T07:42:03Z" user="Sameeksha Chinta" uid="23775155" lat="23.1756167" lon="80.0209475"/>
 <node id="13516260216" visible="true" version="1" changeset="177953483" timestamp="2026-02-01T07:42:03Z" user="Sameeksha Chinta" uid="23775155" lat="23.1756190" lon="80.0208930"/>
 <node id="13516260217" visible="true" version="1" changeset="177953483" timestamp="2026-02-01T07:42:03Z" user="Sameeksha Chinta" uid="23775155" lat="23.1755963" lon="80.0208955"/>
 <node id="13516260218" visible="true" version="1" changeset="177953483" timestamp="2026-02-01T07:42:03Z" user="Sameeksha Chinta" uid="23775155" lat="23.1755826" lon="80.0209425"/>
 <node id="13516260219" visible="true" version="1" changeset="177953483" timestamp="2026-02-01T07:42:03Z" user="Sameeksha Chinta" uid="23775155" lat="23.1755758" lon="80.0209945"/>
 <node id="13516260220" visible="true" version="1" changeset="177953483" timestamp="2026-02-01T07:42:03Z" user="Sameeksha Chinta" uid="23775155" lat="23.1756031" lon="80.0210168"/>
 <node id="13516260221" visible="true" version="1" changeset="177953483" timestamp="2026-02-01T07:42:03Z" user="Sameeksha Chinta" uid="23775155" lat="23.1755781" lon="80.0211157"/>
 <node id="13516260222" visible="true" version="1" changeset="177953483" timestamp="2026-02-01T07:42:03Z" user="Sameeksha Chinta" uid="23775155" lat="23.1755417" lon="80.0210959"/>
 <node id="13516260223" visible="true" version="1" changeset="177953483" timestamp="2026-02-01T07:42:03Z" user="Sameeksha Chinta" uid="23775155" lat="23.1755394" lon="80.0211405"/>
 <node id="13516260224" visible="true" version="1" changeset="177953483" timestamp="2026-02-01T07:42:03Z" user="Sameeksha Chinta" uid="23775155" lat="23.1755621" lon="80.0211553"/>
 <node id="13516260225" visible="true" version="1" changeset="177953483" timestamp="2026-02-01T07:42:03Z" user="Sameeksha Chinta" uid="23775155" lat="23.1755462" lon="80.0212023"/>
 <node id="13516260226" visible="true" version="1" changeset="177953483" timestamp="2026-02-01T07:42:03Z" user="Sameeksha Chinta" uid="23775155" lat="23.1755212" lon="80.0212543"/>
 <node id="13516260227" visible="true" version="1" changeset="177953483" timestamp="2026-02-01T07:42:03Z" user="Sameeksha Chinta" uid="23775155" lat="23.1755667" lon="80.0212592"/>
 <node id="13516260228" visible="true" version="1" changeset="177953483" timestamp="2026-02-01T07:42:03Z" user="Sameeksha Chinta" uid="23775155" lat="23.1755735" lon="80.0212221"/>
 <node id="13516260229" visible="true" version="1" changeset="177953483" timestamp="2026-02-01T07:42:03Z" user="Sameeksha Chinta" uid="23775155" lat="23.1756145" lon="80.0212345"/>
 <node id="13516260230" visible="true" version="1" changeset="177953483" timestamp="2026-02-01T07:42:03Z" user="Sameeksha Chinta" uid="23775155" lat="23.1756145" lon="80.0212642"/>
 <node id="13516260231" visible="true" version="1" changeset="177953483" timestamp="2026-02-01T07:42:03Z" user="Sameeksha Chinta" uid="23775155" lat="23.1756622" lon="80.0212741"/>
 <node id="13516260232" visible="true" version="1" changeset="177953483" timestamp="2026-02-01T07:42:03Z" user="Sameeksha Chinta" uid="23775155" lat="23.1756781" lon="80.0212296"/>
 <node id="13516260233" visible="true" version="1" changeset="177953483" timestamp="2026-02-01T07:42:03Z" user="Sameeksha Chinta" uid="23775155" lat="23.1757259" lon="80.0212395"/>
 <node id="13516260234" visible="true" version="1" changeset="177953483" timestamp="2026-02-01T07:42:03Z" user="Sameeksha Chinta" uid="23775155" lat="23.1757259" lon="80.0212815"/>
 <node id="13516260235" visible="true" version="1" changeset="177953483" timestamp="2026-02-01T07:42:03Z" user="Sameeksha Chinta" uid="23775155" lat="23.1757691" lon="80.0212914"/>
 <node id="13516260236" visible="true" version="1" changeset="177953483" timestamp="2026-02-01T07:42:03Z" user="Sameeksha Chinta" uid="23775155" lat="23.1757805" lon="80.0212568"/>
 <node id="13516260237" visible="true" version="1" changeset="177953483" timestamp="2026-02-01T07:42:03Z" user="Sameeksha Chinta" uid="23775155" lat="23.1758579" lon="80.0212741"/>
 <node id="13516260238" visible="true" version="1" changeset="177953483" timestamp="2026-02-01T07:42:03Z" user="Sameeksha Chinta" uid="23775155" lat="23.1758669" lon="80.0212405"/>
 <node id="13516260239" visible="true" version="1" changeset="177953483" timestamp="2026-02-01T07:42:03Z" user="Sameeksha Chinta" uid="23775155" lat="23.1759246" lon="80.0210269"/>
 <node id="13516260240" visible="true" version="1" changeset="177953483" timestamp="2026-02-01T07:42:03Z" user="Sameeksha Chinta" uid="23775155" lat="23.1754552" lon="80.0209301"/>
 <node id="13516260241" visible="true" version="1" changeset="177953483" timestamp="2026-02-01T07:42:03Z" user="Sameeksha Chinta" uid="23775155" lat="23.1755803" lon="80.0209598"/>
 <node id="13520014386" visible="true" version="1" changeset="178018230" timestamp="2026-02-02T17:58:56Z" user="Sameeksha Chinta" uid="23775155" lat="23.1773979" lon="80.0241525"/>
 <node id="13520055401" visible="true" version="1" changeset="178018311" timestamp="2026-02-02T18:01:05Z" user="rajdhani" uid="20051396" lat="23.1768308" lon="80.0211954"/>
 <node id="13520055402" visible="true" version="1" changeset="178018311" timestamp="2026-02-02T18:01:05Z" user="rajdhani" uid="20051396" lat="23.1770644" lon="80.0212132"/>
 <node id="13520092764" visible="true" version="1" changeset="178019350" timestamp="2026-02-02T18:33:02Z" user="Sameeksha Chinta" uid="23775155" lat="23.1748650" lon="80.0208288"/>
 <node id="13520092765" visible="true" version="1" changeset="178019350" timestamp="2026-02-02T18:33:02Z" user="Sameeksha Chinta" uid="23775155" lat="23.1753079" lon="80.0209195"/>
 <node id="13520092766" visible="true" version="1" changeset="178019350" timestamp="2026-02-02T18:33:02Z" user="Sameeksha Chinta" uid="23775155" lat="23.1753385" lon="80.0208822"/>
 <node id="13520092767" visible="true" version="1" changeset="178019350" timestamp="2026-02-02T18:33:02Z" user="Sameeksha Chinta" uid="23775155" lat="23.1753998" lon="80.0208662"/>
 <node id="13520092768" visible="true" version="1" changeset="178019350" timestamp="2026-02-02T18:33:02Z" user="Sameeksha Chinta" uid="23775155" lat="23.1771695" lon="80.0219276"/>
 <node id="13520092769" visible="true" version="1" changeset="178019350" timestamp="2026-02-02T18:33:02Z" user="Sameeksha Chinta" uid="23775155" lat="23.1770591" lon="80.0219276"/>
 <node id="13520092770" visible="true" version="1" changeset="178019350" timestamp="2026-02-02T18:33:02Z" user="Sameeksha Chinta" uid="23775155" lat="23.1769413" lon="80.0221758"/>
 <node id="13520092771" visible="true" version="1" changeset="178019350" timestamp="2026-02-02T18:33:02Z" user="Sameeksha Chinta" uid="23775155" lat="23.1770561" lon="80.0222366"/>
 <node id="13520092772" visible="true" version="1" changeset="178019350" timestamp="2026-02-02T18:33:02Z" user="Sameeksha Chinta" uid="23775155" lat="23.1771430" lon="80.0220925"/>
 <node id="13520092773" visible="true" version="1" changeset="178019350" timestamp="2026-02-02T18:33:02Z" user="Sameeksha Chinta" uid="23775155" lat="23.1769266" lon="80.0223688"/>
 <node id="13769803427" visible="true" version="1" changeset="181929907" timestamp="2026-04-28T09:26:13Z" user="Rudra Biswas" uid="24082955" lat="23.1756996" lon="80.0205789"/>
 <node id="13769803428" visible="true" version="1" changeset="181929907" timestamp="2026-04-28T09:26:13Z" user="Rudra Biswas" uid="24082955" lat="23.1757608" lon="80.0205786"/>
 <node id="13769803429" visible="true" version="1" changeset="181929907" timestamp="2026-04-28T09:26:13Z" user="Rudra Biswas" uid="24082955" lat="23.1757610" lon="80.0206140"/>
 <node id="13769803430" visible="true" version="1" changeset="181929907" timestamp="2026-04-28T09:26:13Z" user="Rudra Biswas" uid="24082955" lat="23.1757281" lon="80.0206141"/>
 <node id="13769803431" visible="true" version="1" changeset="181929907" timestamp="2026-04-28T09:26:13Z" user="Rudra Biswas" uid="24082955" lat="23.1757290" lon="80.0208026"/>
 <node id="13769803432" visible="true" version="1" changeset="181929907" timestamp="2026-04-28T09:26:13Z" user="Rudra Biswas" uid="24082955" lat="23.1755631" lon="80.0208035"/>
 <node id="13769803433" visible="true" version="1" changeset="181929907" timestamp="2026-04-28T09:26:13Z" user="Rudra Biswas" uid="24082955" lat="23.1755629" lon="80.0207655"/>
 <node id="13769803434" visible="true" version="1" changeset="181929907" timestamp="2026-04-28T09:26:13Z" user="Rudra Biswas" uid="24082955" lat="23.1755166" lon="80.0207657"/>
 <node id="13769803435" visible="true" version="1" changeset="181929907" timestamp="2026-04-28T09:26:13Z" user="Rudra Biswas" uid="24082955" lat="23.1755156" lon="80.0205474"/>
 <node id="13769803436" visible="true" version="1" changeset="181929907" timestamp="2026-04-28T09:26:13Z" user="Rudra Biswas" uid="24082955" lat="23.1755911" lon="80.0205469"/>
 <node id="13769803437" visible="true" version="1" changeset="181929907" timestamp="2026-04-28T09:26:13Z" user="Rudra Biswas" uid="24082955" lat="23.1755904" lon="80.0204145"/>
 <node id="13769803438" visible="true" version="1" changeset="181929907" timestamp="2026-04-28T09:26:13Z" user="Rudra Biswas" uid="24082955" lat="23.1756988" lon="80.0204139"/>
 <way id="101355661" visible="true" version="2" changeset="16619273" timestamp="2013-06-19T16:43:48Z" user="cMartin" uid="128287">
  <nd ref="1170389627"/>
  <nd ref="1170389486"/>
  <nd ref="1170389694"/>
  <nd ref="1170389574"/>
  <nd ref="1170389762"/>
  <nd ref="1170389647"/>
  <nd ref="1170389354"/>
  <nd ref="1170389716"/>
  <tag k="railway" v="rail"/>
  <tag k="service" v="spur"/>
  <tag k="usage" v="military"/>
 </way>
 <way id="101355667" visible="true" version="6" changeset="136248007" timestamp="2023-05-18T10:30:57Z" user="sahilister" uid="11840981">
  <nd ref="1170389687"/>
  <nd ref="1170389373"/>
  <nd ref="8604999040"/>
  <nd ref="1170389728"/>
  <nd ref="1170389443"/>
  <nd ref="1170389316"/>
  <nd ref="8605027731"/>
  <nd ref="2352459679"/>
  <nd ref="1356364999"/>
  <nd ref="10907873524"/>
  <nd ref="1170389744"/>
  <nd ref="1170389546"/>
  <nd ref="1170389393"/>
  <nd ref="1170389618"/>
  <nd ref="1170389473"/>
  <nd ref="1170389684"/>
  <nd ref="2352459699"/>
  <nd ref="1170389558"/>
  <tag k="railway" v="rail"/>
  <tag k="service" v="spur"/>
  <tag k="usage" v="military"/>
 </way>
 <way id="121089032" visible="true" version="1" changeset="8682694" timestamp="2011-07-10T11:55:38Z" user="PlaneMad" uid="1306">
  <nd ref="1297493116"/>
  <nd ref="1297492020"/>
  <tag k="waterway" v="dam"/>
 </way>
 <way id="121089056" visible="true" version="18" changeset="148556676" timestamp="2024-03-12T16:02:46Z" user="Sal73x" uid="1293386">
  <nd ref="1356364917"/>
  <nd ref="1356364901"/>
  <nd ref="8386176336"/>
  <nd ref="8386176338"/>
  <nd ref="8386176337"/>
  <nd ref="8386176339"/>
  <nd ref="1356364970"/>
  <nd ref="1356364947"/>
  <nd ref="1356364949"/>
  <nd ref="1356364976"/>
  <nd ref="1356364990"/>
  <nd ref="10992583010"/>
  <nd ref="10992583017"/>
  <nd ref="10992583016"/>
  <nd ref="10992583015"/>
  <nd ref="10992583014"/>
  <nd ref="10992583012"/>
  <nd ref="11724975030"/>
  <nd ref="11724975029"/>
  <nd ref="11724975028"/>
  <nd ref="11724975027"/>
  <nd ref="10992583011"/>
  <nd ref="10992583018"/>
  <nd ref="1356365001"/>
  <nd ref="1356365002"/>
  <nd ref="1356365030"/>
  <nd ref="1356365026"/>
  <nd ref="1356365031"/>
  <nd ref="1356365029"/>
  <nd ref="1356365024"/>
  <nd ref="2020667987"/>
  <nd ref="2020667977"/>
  <nd ref="1356365027"/>
  <nd ref="1356365023"/>
  <nd ref="1356365020"/>
  <nd ref="1356365021"/>
  <nd ref="10992604134"/>
  <nd ref="10992604135"/>
  <nd ref="8386176335"/>
  <nd ref="10992604133"/>
  <nd ref="8386176334"/>
  <nd ref="10992604132"/>
  <nd ref="8386176333"/>
  <nd ref="10992604131"/>
  <nd ref="10992604130"/>
  <nd ref="10992604129"/>
  <nd ref="8386176332"/>
  <nd ref="10992604166"/>
  <nd ref="10992604165"/>
  <nd ref="10992604164"/>
  <nd ref="10992604169"/>
  <nd ref="8386176331"/>
  <nd ref="1356364962"/>
  <nd ref="1356364917"/>
  <tag k="aeroway" v="aerodrome"/>
  <tag k="iata" v="JLR"/>
  <tag k="icao" v="VAJB"/>
  <tag k="name" v="Jabalpur Airport"/>
  <tag k="name:ar" v="مطار جبلبور"/>
  <tag k="name:de" v="Flughafen Dschabalpur"/>
  <tag k="name:hi" v="जबलपुर"/>
  <tag k="name:ja" v="ジャバルプル"/>
  <tag k="name:pa" v="ਜਬਲਪੁਰ"/>
  <tag k="name:ur" v="جبل پور ہوائی اڈا"/>
  <tag k="wikidata" v="Q1595048"/>
  <tag k="wikipedia" v="en:Jabalpur Airport"/>
 </way>
 <way id="131173717" visible="true" version="1" changeset="9382118" timestamp="2011-09-24T07:53:21Z" user="indigomc" uid="136860">
  <nd ref="1444186179"/>
  <nd ref="1444187527"/>
  <nd ref="1444188714"/>
  <nd ref="1444186250"/>
  <nd ref="1444187622"/>
  <nd ref="1444186806"/>
  <nd ref="1444187998"/>
  <nd ref="1444182531"/>
  <nd ref="1444183713"/>
  <nd ref="1444184943"/>
  <nd ref="1444182597"/>
  <nd ref="1444184651"/>
  <nd ref="1444189155"/>
  <nd ref="1444182139"/>
  <nd ref="1444183277"/>
  <nd ref="1444189224"/>
  <nd ref="1444182204"/>
  <nd ref="1444188454"/>
  <nd ref="1444189614"/>
  <nd ref="1444185677"/>
  <nd ref="1444187099"/>
  <nd ref="1444184220"/>
  <nd ref="1444185778"/>
  <nd ref="1444183768"/>
  <nd ref="1444182988"/>
  <nd ref="1444184116"/>
  <nd ref="1444186179"/>
  <tag k="natural" v="water"/>
  <tag k="source:position" v="Bing Imagery 2011"/>
  <tag k="source:tracer" v="scanaerial"/>
  <tag k="source:zoomlevel" v="16"/>
 </way>
 <way id="219692025" visible="true" version="3" changeset="136248007" timestamp="2023-05-18T10:30:57Z" user="sahilister" uid="11840981">
  <nd ref="1170389592"/>
  <nd ref="2352459746"/>
  <nd ref="10907873056"/>
  <nd ref="1170389440"/>
  <nd ref="1170389660"/>
  <nd ref="1170389522"/>
  <nd ref="1170389725"/>
  <nd ref="1170389614"/>
  <nd ref="1170389306"/>
  <nd ref="1170389682"/>
  <nd ref="1170389390"/>
  <nd ref="1170389741"/>
  <nd ref="1170389465"/>
  <nd ref="1170389331"/>
  <nd ref="1170389555"/>
  <nd ref="1170389402"/>
  <tag k="railway" v="rail"/>
  <tag k="service" v="spur"/>
  <tag k="usage" v="military"/>
 </way>
 <way id="226415698" visible="true" version="3" changeset="136248007" timestamp="2023-05-18T10:30:57Z" user="sahilister" uid="11840981">
  <nd ref="2352459746"/>
  <nd ref="10907873057"/>
  <nd ref="2352459750"/>
  <nd ref="2352459753"/>
  <nd ref="2352459757"/>
  <nd ref="2352459759"/>
  <nd ref="2352459756"/>
  <nd ref="10907873067"/>
  <nd ref="2352459755"/>
  <nd ref="2352459747"/>
  <nd ref="2352459743"/>
  <nd ref="2352459738"/>
  <tag k="railway" v="rail"/>
  <tag k="service" v="spur"/>
  <tag k="usage" v="military"/>
 </way>
 <way id="226415754" visible="true" version="3" changeset="136248007" timestamp="2023-05-18T10:30:57Z" user="sahilister" uid="11840981">
  <nd ref="2352459648"/>
  <nd ref="2352459653"/>
  <nd ref="10907873334"/>
  <nd ref="2352459660"/>
  <nd ref="2352459667"/>
  <nd ref="2352459683"/>
  <nd ref="10907873222"/>
  <nd ref="2352459687"/>
  <nd ref="2352459695"/>
  <nd ref="2352459699"/>
  <tag k="railway" v="rail"/>
  <tag k="service" v="spur"/>
  <tag k="usage" v="military"/>
 </way>
 <way id="226415757" visible="true" version="1" changeset="16619273" timestamp="2013-06-19T16:43:44Z" user="cMartin" uid="128287">
  <nd ref="2352459787"/>
  <nd ref="2352459779"/>
  <nd ref="2352459780"/>
  <nd ref="2352459771"/>
  <nd ref="2352459763"/>
  <nd ref="2352459762"/>
  <nd ref="2352459760"/>
  <nd ref="2352459758"/>
  <nd ref="2352459754"/>
  <nd ref="2352459740"/>
  <nd ref="2352459739"/>
  <nd ref="2352459691"/>
  <nd ref="2352459685"/>
  <nd ref="2352459671"/>
  <nd ref="2352459669"/>
  <nd ref="2352459665"/>
  <nd ref="2352459663"/>
  <nd ref="2352459652"/>
  <nd ref="2352459654"/>
  <nd ref="2352459635"/>
  <nd ref="2352459612"/>
  <nd ref="2352459608"/>
  <nd ref="2352459604"/>
  <nd ref="2352459615"/>
  <nd ref="2352459628"/>
  <nd ref="2352459641"/>
  <nd ref="2352459646"/>
  <nd ref="2352459656"/>
  <nd ref="2352459677"/>
  <nd ref="2352459744"/>
  <nd ref="2352459749"/>
  <nd ref="2352459748"/>
  <nd ref="2352459745"/>
  <nd ref="2352459742"/>
  <nd ref="2352459752"/>
  <nd ref="2352459751"/>
  <nd ref="2352459764"/>
  <nd ref="2352459765"/>
  <nd ref="2352459766"/>
  <nd ref="2352459768"/>
  <nd ref="2352459770"/>
  <nd ref="2352459767"/>
  <nd ref="2352459769"/>
  <nd ref="2352459773"/>
  <nd ref="2352459782"/>
  <nd ref="2352459785"/>
  <nd ref="2352459789"/>
  <nd ref="2352459791"/>
  <nd ref="2352459792"/>
  <nd ref="2352459787"/>
  <tag k="landuse" v="military"/>
 </way>
 <way id="253806720" visible="true" version="1" changeset="19661556" timestamp="2013-12-27T14:00:10Z" user="CyrusDreams" uid="45439">
  <nd ref="2596877456"/>
  <nd ref="2596877462"/>
  <nd ref="2596877472"/>
  <nd ref="2596877482"/>
  <nd ref="2596877486"/>
  <nd ref="1170389586"/>
  <nd ref="2596877492"/>
  <nd ref="2596877496"/>
  <nd ref="2596877490"/>
  <nd ref="2596877494"/>
  <nd ref="2596877525"/>
  <nd ref="2596877541"/>
  <nd ref="2596877561"/>
  <nd ref="2596877572"/>
  <nd ref="2596877553"/>
  <nd ref="2596877543"/>
  <nd ref="2596877545"/>
  <nd ref="2596877547"/>
  <nd ref="2596877549"/>
  <nd ref="2596877537"/>
  <nd ref="2596877535"/>
  <nd ref="2596877529"/>
  <nd ref="2596877523"/>
  <nd ref="2596877519"/>
  <nd ref="2596877511"/>
  <nd ref="2596877515"/>
  <nd ref="2596877509"/>
  <nd ref="2596877513"/>
  <nd ref="2596877474"/>
  <nd ref="2596877435"/>
  <nd ref="2596877432"/>
  <nd ref="2596877430"/>
  <nd ref="2596877428"/>
  <nd ref="2596877426"/>
  <nd ref="2596877424"/>
  <nd ref="2596877421"/>
  <nd ref="2596877414"/>
  <nd ref="2596877402"/>
  <nd ref="2596877400"/>
  <nd ref="2596877406"/>
  <nd ref="2596877410"/>
  <nd ref="2596877408"/>
  <nd ref="2596877404"/>
  <nd ref="2596877398"/>
  <nd ref="2596877396"/>
  <nd ref="2596877394"/>
  <nd ref="2596877392"/>
  <nd ref="2596877390"/>
  <nd ref="2596877381"/>
  <nd ref="2596877366"/>
  <nd ref="2596877371"/>
  <nd ref="2596877373"/>
  <nd ref="2596877388"/>
  <nd ref="2596877386"/>
  <nd ref="2596877383"/>
  <nd ref="2596877384"/>
  <nd ref="2596877375"/>
  <nd ref="2596877379"/>
  <nd ref="2596877377"/>
  <nd ref="2596877364"/>
  <nd ref="2596877362"/>
  <nd ref="2596877360"/>
  <nd ref="2596877358"/>
  <nd ref="2596877357"/>
  <nd ref="2596877355"/>
  <nd ref="2596877353"/>
  <nd ref="2596877354"/>
  <nd ref="2596877352"/>
  <nd ref="2596877351"/>
  <nd ref="2596877350"/>
  <nd ref="2596877349"/>
  <nd ref="2596877347"/>
  <nd ref="2596877346"/>
  <nd ref="2596877343"/>
  <nd ref="2596877342"/>
  <nd ref="2596877341"/>
  <nd ref="2596877340"/>
  <nd ref="2596877344"/>
  <nd ref="2596877345"/>
  <nd ref="2596877348"/>
  <nd ref="2596877367"/>
  <nd ref="2596877369"/>
  <nd ref="2596877412"/>
  <nd ref="2596877416"/>
  <nd ref="2596877418"/>
  <nd ref="2596877420"/>
  <nd ref="2596877434"/>
  <nd ref="2596877438"/>
  <nd ref="2596877440"/>
  <nd ref="2596877442"/>
  <nd ref="2596877456"/>
  <tag k="barrier" v="fence"/>
  <tag k="landuse" v="military"/>
 </way>
 <way id="361881055" visible="true" version="2" changeset="177953088" timestamp="2026-02-01T07:18:15Z" user="Sameeksha Chinta" uid="23775155">
  <nd ref="3662921160"/>
  <nd ref="3662921157"/>
  <nd ref="3662921135"/>
  <nd ref="3662921011"/>
  <nd ref="3662921138"/>
  <nd ref="3662921134"/>
  <nd ref="3662921022"/>
  <nd ref="3662921015"/>
  <nd ref="3662921145"/>
  <nd ref="3662921153"/>
  <nd ref="3662921146"/>
  <nd ref="3662921150"/>
  <nd ref="3662921174"/>
  <nd ref="3662921196"/>
  <nd ref="3662921181"/>
  <nd ref="3662921184"/>
  <nd ref="3662921205"/>
  <nd ref="3662921213"/>
  <nd ref="3662921188"/>
  <nd ref="3662921219"/>
  <nd ref="3662921326"/>
  <nd ref="3662921220"/>
  <nd ref="3662921391"/>
  <nd ref="3662921398"/>
  <nd ref="3662921422"/>
  <nd ref="3662921529"/>
  <nd ref="3662921408"/>
  <nd ref="3662921413"/>
  <nd ref="3662921343"/>
  <nd ref="3662921330"/>
  <nd ref="3662921327"/>
  <nd ref="3662921362"/>
  <nd ref="3662921367"/>
  <nd ref="3662921357"/>
  <nd ref="3662921528"/>
  <nd ref="3662921531"/>
  <nd ref="3662921554"/>
  <nd ref="3662921565"/>
  <nd ref="3662921539"/>
  <nd ref="3662921544"/>
  <nd ref="3662921383"/>
  <nd ref="3662921375"/>
  <nd ref="3662921370"/>
  <nd ref="3662921401"/>
  <nd ref="3662921405"/>
  <nd ref="3662921400"/>
  <nd ref="3662921561"/>
  <nd ref="3662921566"/>
  <nd ref="3662921586"/>
  <nd ref="3662921595"/>
  <nd ref="3662921574"/>
  <nd ref="3662921578"/>
  <nd ref="3662921419"/>
  <nd ref="3662921414"/>
  <nd ref="3662921406"/>
  <nd ref="3662921411"/>
  <nd ref="3662921379"/>
  <nd ref="3662921373"/>
  <nd ref="3662921395"/>
  <nd ref="3662921390"/>
  <nd ref="3662921363"/>
  <nd ref="3662921337"/>
  <nd ref="3662921366"/>
  <nd ref="3662921360"/>
  <nd ref="3662921339"/>
  <nd ref="3662921340"/>
  <nd ref="3662921168"/>
  <nd ref="3662921173"/>
  <nd ref="3662921193"/>
  <nd ref="3662921224"/>
  <nd ref="3662921198"/>
  <nd ref="3662921201"/>
  <nd ref="3662921208"/>
  <nd ref="3662921218"/>
  <nd ref="3662921178"/>
  <nd ref="3662921167"/>
  <nd ref="3662921180"/>
  <nd ref="3662921179"/>
  <nd ref="3662921156"/>
  <nd ref="3662921133"/>
  <nd ref="3662921151"/>
  <nd ref="3662921147"/>
  <nd ref="3662920952"/>
  <nd ref="3662920958"/>
  <nd ref="3662920992"/>
  <nd ref="3662921017"/>
  <nd ref="3662920991"/>
  <nd ref="3662920994"/>
  <nd ref="3662921019"/>
  <nd ref="3662921023"/>
  <nd ref="3662920989"/>
  <nd ref="3662920984"/>
  <nd ref="3662920974"/>
  <nd ref="3662920985"/>
  <nd ref="3662920799"/>
  <nd ref="3662920796"/>
  <nd ref="3662920794"/>
  <nd ref="3662920795"/>
  <nd ref="3662920787"/>
  <nd ref="3662920778"/>
  <nd ref="3662920789"/>
  <nd ref="3662920791"/>
  <nd ref="3662920793"/>
  <nd ref="3662920790"/>
  <nd ref="3662920956"/>
  <nd ref="3662920966"/>
  <nd ref="3662920978"/>
  <nd ref="3662920946"/>
  <nd ref="3662920786"/>
  <nd ref="3662920781"/>
  <nd ref="3662920767"/>
  <nd ref="13516240738"/>
  <nd ref="3662920754"/>
  <nd ref="3662920773"/>
  <nd ref="3662920768"/>
  <nd ref="3662920816"/>
  <nd ref="3662920806"/>
  <nd ref="3662920809"/>
  <nd ref="3662920801"/>
  <nd ref="3662920800"/>
  <nd ref="3662920762"/>
  <nd ref="3662920764"/>
  <nd ref="3662920758"/>
  <nd ref="3662920756"/>
  <nd ref="3662920743"/>
  <nd ref="3662920744"/>
  <nd ref="3662920761"/>
  <nd ref="3662920760"/>
  <nd ref="3662920765"/>
  <nd ref="3662920766"/>
  <nd ref="3662920805"/>
  <nd ref="3662920803"/>
  <nd ref="3662920810"/>
  <nd ref="3662920814"/>
  <nd ref="3662920928"/>
  <nd ref="3662920823"/>
  <nd ref="3662920811"/>
  <nd ref="3662920774"/>
  <nd ref="3662920780"/>
  <nd ref="3662920776"/>
  <nd ref="3662920775"/>
  <nd ref="3662920757"/>
  <nd ref="3662920772"/>
  <nd ref="3662920784"/>
  <nd ref="3662920782"/>
  <nd ref="3662920785"/>
  <nd ref="3662920788"/>
  <nd ref="3662920942"/>
  <nd ref="3662920931"/>
  <nd ref="3662920937"/>
  <nd ref="3662920960"/>
  <nd ref="3662920987"/>
  <nd ref="3662920983"/>
  <nd ref="3662920961"/>
  <nd ref="3662920802"/>
  <nd ref="3662920821"/>
  <nd ref="3662920817"/>
  <nd ref="3662920813"/>
  <nd ref="3662920797"/>
  <nd ref="3662920822"/>
  <nd ref="3662920938"/>
  <nd ref="3662920930"/>
  <nd ref="3662920934"/>
  <nd ref="3662920955"/>
  <nd ref="3662921012"/>
  <nd ref="3662921002"/>
  <nd ref="3662921005"/>
  <nd ref="3662921024"/>
  <nd ref="3662921160"/>
 </way>
 <way id="361881056" visible="true" version="2" changeset="177953088" timestamp="2026-02-01T07:18:15Z" user="Sameeksha Chinta" uid="23775155">
  <nd ref="3662921607"/>
  <nd ref="3662921580"/>
  <nd ref="3662921579"/>
  <nd ref="3662921596"/>
  <nd ref="3662921594"/>
  <nd ref="3662921576"/>
  <nd ref="3662921575"/>
  <nd ref="3662921582"/>
  <nd ref="3662921581"/>
  <nd ref="3662921549"/>
  <nd ref="3662921551"/>
  <nd ref="3662921563"/>
  <nd ref="3662921564"/>
  <nd ref="3662921537"/>
  <nd ref="3662921542"/>
  <nd ref="3662921567"/>
  <nd ref="3662921568"/>
  <nd ref="3662921534"/>
  <nd ref="3662921409"/>
  <nd ref="3662921407"/>
  <nd ref="3662921525"/>
  <nd ref="3662921396"/>
  <nd ref="3662921380"/>
  <nd ref="3662921378"/>
  <nd ref="3662921385"/>
  <nd ref="3662921371"/>
  <nd ref="3662921334"/>
  <nd ref="3662921350"/>
  <nd ref="3662921355"/>
  <nd ref="3662921359"/>
  <nd ref="3662921336"/>
  <nd ref="3662921374"/>
  <nd ref="3662921392"/>
  <nd ref="3662921393"/>
  <nd ref="3662921361"/>
  <nd ref="3662921333"/>
  <nd ref="3662921329"/>
  <nd ref="3662921347"/>
  <nd ref="3662921183"/>
  <nd ref="3662921166"/>
  <nd ref="3662921164"/>
  <nd ref="3662921171"/>
  <nd ref="3662921149"/>
  <nd ref="3662921125"/>
  <nd ref="3662921144"/>
  <nd ref="3662921152"/>
  <nd ref="3662921155"/>
  <nd ref="3662921140"/>
  <nd ref="3662921200"/>
  <nd ref="3662921217"/>
  <nd ref="3662921222"/>
  <nd ref="3662921187"/>
  <nd ref="3662921013"/>
  <nd ref="3662921003"/>
  <nd ref="3662920979"/>
  <nd ref="13516240740"/>
  <nd ref="3662920963"/>
  <nd ref="3662920996"/>
  <nd ref="3662920982"/>
  <nd ref="3662921128"/>
  <nd ref="3662921130"/>
  <nd ref="3662921158"/>
  <nd ref="3662921136"/>
  <nd ref="3662921129"/>
  <nd ref="3662921137"/>
  <nd ref="3662920965"/>
  <nd ref="3662920953"/>
  <nd ref="3662920945"/>
  <nd ref="3662920947"/>
  <nd ref="3662920824"/>
  <nd ref="3662920812"/>
  <nd ref="3662920935"/>
  <nd ref="3662920940"/>
  <nd ref="3662920944"/>
  <nd ref="3662920936"/>
  <nd ref="3662921014"/>
  <nd ref="3662921021"/>
  <nd ref="3662921127"/>
  <nd ref="3662921020"/>
  <nd ref="3662921159"/>
  <nd ref="3662921165"/>
  <nd ref="3662921139"/>
  <nd ref="3662921143"/>
  <nd ref="3662921172"/>
  <nd ref="3662921199"/>
  <nd ref="3662921170"/>
  <nd ref="3662921177"/>
  <nd ref="3662921207"/>
  <nd ref="3662921209"/>
  <nd ref="3662921377"/>
  <nd ref="3662921372"/>
  <nd ref="3662921342"/>
  <nd ref="3662921216"/>
  <nd ref="3662921344"/>
  <nd ref="3662921341"/>
  <nd ref="3662921328"/>
  <nd ref="3662921223"/>
  <nd ref="3662921353"/>
  <nd ref="3662921365"/>
  <nd ref="3662921351"/>
  <nd ref="3662921356"/>
  <nd ref="3662921382"/>
  <nd ref="3662921404"/>
  <nd ref="3662921387"/>
  <nd ref="3662921389"/>
  <nd ref="3662921560"/>
  <nd ref="3662921557"/>
  <nd ref="3662921540"/>
  <nd ref="3662921420"/>
  <nd ref="3662921538"/>
  <nd ref="3662921535"/>
  <nd ref="3662921416"/>
  <nd ref="3662921412"/>
  <nd ref="3662921541"/>
  <nd ref="3662921547"/>
  <nd ref="3662921558"/>
  <nd ref="3662921553"/>
  <nd ref="3662921602"/>
  <nd ref="3662921606"/>
  <nd ref="3662921615"/>
  <nd ref="3662921612"/>
  <nd ref="3662921624"/>
  <nd ref="3662921635"/>
  <nd ref="3662921620"/>
  <nd ref="3662921619"/>
  <nd ref="3662921613"/>
  <nd ref="3662921618"/>
  <nd ref="3662921570"/>
  <nd ref="3662921562"/>
  <nd ref="3662921552"/>
  <nd ref="3662921585"/>
  <nd ref="3662921587"/>
  <nd ref="3662921583"/>
  <nd ref="3662921631"/>
  <nd ref="3662921639"/>
  <nd ref="3662921646"/>
  <nd ref="3662921644"/>
  <nd ref="3662921663"/>
  <nd ref="3662921672"/>
  <nd ref="3662921657"/>
  <nd ref="3662921654"/>
  <nd ref="3662921643"/>
  <nd ref="3662921652"/>
  <nd ref="3662921597"/>
  <nd ref="3662921592"/>
  <nd ref="3662921589"/>
  <nd ref="3662921591"/>
  <nd ref="3662921588"/>
  <nd ref="3662921590"/>
  <nd ref="3662921666"/>
  <nd ref="3662921679"/>
  <nd ref="3662921601"/>
  <nd ref="3662921608"/>
  <nd ref="3662921617"/>
  <nd ref="3662921611"/>
  <nd ref="3662921664"/>
  <nd ref="3662921671"/>
  <nd ref="3662921677"/>
  <nd ref="3662921674"/>
  <nd ref="3662921688"/>
  <nd ref="3662921689"/>
  <nd ref="3662921685"/>
  <nd ref="3662921681"/>
  <nd ref="3662921676"/>
  <nd ref="3662921682"/>
  <nd ref="3662921627"/>
  <nd ref="3662921621"/>
  <nd ref="3662921614"/>
  <nd ref="3662921636"/>
  <nd ref="3662921661"/>
  <nd ref="3662921667"/>
  <nd ref="3662921642"/>
  <nd ref="3662921645"/>
  <nd ref="3662921665"/>
  <nd ref="3662921686"/>
  <nd ref="3662921668"/>
  <nd ref="3662921670"/>
  <nd ref="3662921675"/>
  <nd ref="3662921683"/>
  <nd ref="3662921656"/>
  <nd ref="3662921648"/>
  <nd ref="3662921662"/>
  <nd ref="3662921660"/>
  <nd ref="3662921632"/>
  <nd ref="3662921616"/>
  <nd ref="3662921633"/>
  <nd ref="3662921630"/>
  <nd ref="3662921607"/>
 </way>
 <way id="361881057" visible="true" version="1" changeset="32823700" timestamp="2015-07-23T11:41:32Z" user="maheshrkm" uid="2897465">
  <nd ref="3662920531"/>
  <nd ref="3662920535"/>
  <nd ref="3662920526"/>
  <nd ref="3662920527"/>
  <nd ref="3662920540"/>
  <nd ref="3662920543"/>
  <nd ref="3662920534"/>
  <nd ref="3662920532"/>
  <nd ref="3662920404"/>
  <nd ref="3662920407"/>
  <nd ref="3662920395"/>
  <nd ref="3662920393"/>
  <nd ref="3662920373"/>
  <nd ref="3662920379"/>
  <nd ref="3662920368"/>
  <nd ref="3662920367"/>
  <nd ref="3662920364"/>
  <nd ref="3662920361"/>
  <nd ref="3662920372"/>
  <nd ref="3662920369"/>
  <nd ref="3662920356"/>
  <nd ref="3662920353"/>
  <nd ref="3662920365"/>
  <nd ref="3662920362"/>
  <nd ref="3662920344"/>
  <nd ref="3662920340"/>
  <nd ref="3662920377"/>
  <nd ref="3662920383"/>
  <nd ref="3662920400"/>
  <nd ref="3662920397"/>
  <nd ref="3662920418"/>
  <nd ref="3662920416"/>
  <nd ref="3662920422"/>
  <nd ref="3662920525"/>
  <nd ref="3662920529"/>
  <nd ref="3662920530"/>
  <nd ref="3662920417"/>
  <nd ref="3662920419"/>
  <nd ref="3662920531"/>
 </way>
 <way id="361881058" visible="true" version="1" changeset="32823700" timestamp="2015-07-23T11:41:32Z" user="maheshrkm" uid="2897465">
  <nd ref="3662921169"/>
  <nd ref="3662921162"/>
  <nd ref="3662921161"/>
  <nd ref="3662921142"/>
  <nd ref="3662921132"/>
  <nd ref="3662921148"/>
  <nd ref="3662920995"/>
  <nd ref="3662920972"/>
  <nd ref="3662920954"/>
  <nd ref="3662920986"/>
  <nd ref="3662920969"/>
  <nd ref="3662920943"/>
  <nd ref="3662920927"/>
  <nd ref="3662920926"/>
  <nd ref="3662920925"/>
  <nd ref="3662920959"/>
  <nd ref="3662920950"/>
  <nd ref="3662920820"/>
  <nd ref="3662920929"/>
  <nd ref="3662920941"/>
  <nd ref="3662920948"/>
  <nd ref="3662920968"/>
  <nd ref="3662920976"/>
  <nd ref="3662920999"/>
  <nd ref="3662920988"/>
  <nd ref="3662921006"/>
  <nd ref="3662920997"/>
  <nd ref="3662921163"/>
  <nd ref="3662921175"/>
  <nd ref="3662921191"/>
  <nd ref="3662921204"/>
  <nd ref="3662921325"/>
  <nd ref="3662921211"/>
  <nd ref="3662921338"/>
  <nd ref="3662921331"/>
  <nd ref="3662921202"/>
  <nd ref="3662921176"/>
  <nd ref="3662921206"/>
  <nd ref="3662921169"/>
 </way>
 <way id="361881059" visible="true" version="1" changeset="32823700" timestamp="2015-07-23T11:41:33Z" user="maheshrkm" uid="2897465">
  <nd ref="3662921399"/>
  <nd ref="3662921402"/>
  <nd ref="3662921410"/>
  <nd ref="3662921424"/>
  <nd ref="3662921418"/>
  <nd ref="3662921421"/>
  <nd ref="3662921417"/>
  <nd ref="3662921527"/>
  <nd ref="3662921543"/>
  <nd ref="3662921546"/>
  <nd ref="3662921600"/>
  <nd ref="3662921599"/>
  <nd ref="3662921604"/>
  <nd ref="3662921603"/>
  <nd ref="3662921626"/>
  <nd ref="3662921598"/>
  <nd ref="3662921584"/>
  <nd ref="3662921559"/>
  <nd ref="3662921577"/>
  <nd ref="3662921573"/>
  <nd ref="3662921556"/>
  <nd ref="3662921548"/>
  <nd ref="3662921555"/>
  <nd ref="3662921550"/>
  <nd ref="3662921532"/>
  <nd ref="3662921536"/>
  <nd ref="3662921526"/>
  <nd ref="3662921533"/>
  <nd ref="3662921369"/>
  <nd ref="3662921352"/>
  <nd ref="3662921348"/>
  <nd ref="3662921335"/>
  <nd ref="3662921215"/>
  <nd ref="3662921221"/>
  <nd ref="3662921197"/>
  <nd ref="3662921189"/>
  <nd ref="3662921182"/>
  <nd ref="3662921192"/>
  <nd ref="3662921203"/>
  <nd ref="3662921210"/>
  <nd ref="3662921194"/>
  <nd ref="3662921212"/>
  <nd ref="3662921332"/>
  <nd ref="3662921388"/>
  <nd ref="3662921364"/>
  <nd ref="3662921381"/>
  <nd ref="3662921394"/>
  <nd ref="3662921399"/>
 </way>
 <way id="361881060" visible="true" version="1" changeset="32823700" timestamp="2015-07-23T11:41:33Z" user="maheshrkm" uid="2897465">
  <nd ref="3662920551"/>
  <nd ref="3662920561"/>
  <nd ref="3662920559"/>
  <nd ref="3662920542"/>
  <nd ref="3662920539"/>
  <nd ref="3662920558"/>
  <nd ref="3662920553"/>
  <nd ref="3662920537"/>
  <nd ref="3662920533"/>
  <nd ref="3662920552"/>
  <nd ref="3662920549"/>
  <nd ref="3662920420"/>
  <nd ref="3662920421"/>
  <nd ref="3662920415"/>
  <nd ref="3662920414"/>
  <nd ref="3662920389"/>
  <nd ref="3662920392"/>
  <nd ref="3662920382"/>
  <nd ref="3662920375"/>
  <nd ref="3662920348"/>
  <nd ref="3662920354"/>
  <nd ref="3662920346"/>
  <nd ref="3662920342"/>
  <nd ref="3662920314"/>
  <nd ref="3662920319"/>
  <nd ref="3662920333"/>
  <nd ref="3662920336"/>
  <nd ref="3662920323"/>
  <nd ref="3662920325"/>
  <nd ref="3662920338"/>
  <nd ref="3662920343"/>
  <nd ref="3662920334"/>
  <nd ref="3662920337"/>
  <nd ref="3662920332"/>
  <nd ref="3662920341"/>
  <nd ref="3662920349"/>
  <nd ref="3662920355"/>
  <nd ref="3662920374"/>
  <nd ref="3662920370"/>
  <nd ref="3662920381"/>
  <nd ref="3662920384"/>
  <nd ref="3662920398"/>
  <nd ref="3662920396"/>
  <nd ref="3662920409"/>
  <nd ref="3662920411"/>
  <nd ref="3662920538"/>
  <nd ref="3662920536"/>
  <nd ref="3662920545"/>
  <nd ref="3662920547"/>
  <nd ref="3662920541"/>
  <nd ref="3662920546"/>
  <nd ref="3662920564"/>
  <nd ref="3662920560"/>
  <nd ref="3662920557"/>
  <nd ref="3662920556"/>
  <nd ref="3662920565"/>
  <nd ref="3662920567"/>
  <nd ref="3662920572"/>
  <nd ref="3662920569"/>
  <nd ref="3662920562"/>
  <nd ref="3662920563"/>
  <nd ref="3662920554"/>
  <nd ref="3662920551"/>
 </way>
 <way id="361881062" visible="true" version="1" changeset="32823700" timestamp="2015-07-23T11:41:33Z" user="maheshrkm" uid="2897465">
  <nd ref="3662920318"/>
  <nd ref="3662920330"/>
  <nd ref="3662920350"/>
  <nd ref="3662920378"/>
  <nd ref="3662920339"/>
  <nd ref="3662920329"/>
  <nd ref="3662920316"/>
  <nd ref="3662920311"/>
  <nd ref="3662920322"/>
  <nd ref="3662920310"/>
  <nd ref="3662920318"/>
  <tag k="building" v="yes"/>
 </way>
 <way id="361881063" visible="true" version="4" changeset="177953483" timestamp="2026-02-01T07:42:03Z" user="Sameeksha Chinta" uid="23775155">
  <nd ref="3662920759"/>
  <nd ref="3662920980"/>
  <nd ref="3662920971"/>
  <nd ref="3662920998"/>
  <nd ref="13516240757"/>
  <nd ref="3662920783"/>
  <nd ref="3662920619"/>
  <nd ref="3662920726"/>
  <nd ref="3662920621"/>
  <nd ref="13516235592"/>
  <nd ref="3662920731"/>
  <nd ref="13516235593"/>
  <nd ref="3662920742"/>
  <nd ref="3662920751"/>
  <nd ref="3662920759"/>
  <tag k="access" v="private"/>
  <tag k="building" v="yes"/>
  <tag k="club" v="sport"/>
  <tag k="name" v="Student Activity Centre"/>
  <tag k="sport" v="basketball;badminton"/>
 </way>
 <way id="361881064" visible="true" version="1" changeset="32823700" timestamp="2015-07-23T11:41:33Z" user="maheshrkm" uid="2897465">
  <nd ref="3662922155"/>
  <nd ref="3662922163"/>
  <nd ref="3662922154"/>
  <nd ref="3662922159"/>
  <nd ref="3662922088"/>
  <nd ref="3662922085"/>
  <nd ref="3662922070"/>
  <nd ref="3662922040"/>
  <nd ref="3662922051"/>
  <nd ref="3662922049"/>
  <nd ref="3662922145"/>
  <nd ref="3662922141"/>
  <nd ref="3662922155"/>
  <tag k="building" v="yes"/>
 </way>
 <way id="361881066" visible="true" version="1" changeset="32823700" timestamp="2015-07-23T11:41:33Z" user="maheshrkm" uid="2897465">
  <nd ref="3662920732"/>
  <nd ref="3662920606"/>
  <nd ref="3662920605"/>
  <nd ref="3662920610"/>
  <nd ref="3662920608"/>
  <nd ref="3662920611"/>
  <nd ref="3662920609"/>
  <nd ref="3662920600"/>
  <nd ref="3662920598"/>
  <nd ref="3662920602"/>
  <nd ref="3662920603"/>
  <nd ref="3662920615"/>
  <nd ref="3662920618"/>
  <nd ref="3662920620"/>
  <nd ref="3662920725"/>
  <nd ref="3662920622"/>
  <nd ref="3662920623"/>
  <nd ref="3662920730"/>
  <nd ref="3662920732"/>
  <tag k="building" v="yes"/>
 </way>
 <way id="361881067" visible="true" version="2" changeset="177953333" timestamp="2026-02-01T07:33:04Z" user="Sameeksha Chinta" uid="23775155">
  <nd ref="3662920752"/>
  <nd ref="3662920747"/>
  <nd ref="3662920770"/>
  <nd ref="3662920755"/>
  <nd ref="3662920771"/>
  <nd ref="3662920753"/>
  <nd ref="3662920749"/>
  <nd ref="3662920740"/>
  <nd ref="3662920624"/>
  <nd ref="3662920728"/>
  <nd ref="3662920595"/>
  <nd ref="3662920607"/>
  <nd ref="3662920604"/>
  <nd ref="3662920617"/>
  <nd ref="3662920727"/>
  <nd ref="3662920729"/>
  <nd ref="3662920737"/>
  <nd ref="3662920735"/>
  <nd ref="3662920741"/>
  <nd ref="3662920738"/>
  <nd ref="3662920746"/>
  <nd ref="3662920739"/>
  <nd ref="13516254848"/>
  <nd ref="3662920752"/>
  <tag k="building" v="yes"/>
 </way>
 <way id="361881068" visible="true" version="4" changeset="177953483" timestamp="2026-02-01T07:42:03Z" user="Sameeksha Chinta" uid="23775155">
  <nd ref="3662921921"/>
  <nd ref="3662921897"/>
  <nd ref="3662921898"/>
  <nd ref="3662921873"/>
  <nd ref="3662921872"/>
  <nd ref="3662921852"/>
  <nd ref="3662921855"/>
  <nd ref="3662921840"/>
  <nd ref="3662921829"/>
  <nd ref="3662921815"/>
  <nd ref="3662921799"/>
  <nd ref="3662921796"/>
  <nd ref="3662921788"/>
  <nd ref="3662921801"/>
  <nd ref="3662921789"/>
  <nd ref="3662921800"/>
  <nd ref="3662921813"/>
  <nd ref="3662921820"/>
  <nd ref="3662921831"/>
  <nd ref="3662921834"/>
  <nd ref="3662921849"/>
  <nd ref="3662921845"/>
  <nd ref="3662921867"/>
  <nd ref="3662921870"/>
  <nd ref="3662921893"/>
  <nd ref="3662921892"/>
  <nd ref="3662921913"/>
  <nd ref="3662921905"/>
  <nd ref="3662922033"/>
  <nd ref="3662922044"/>
  <nd ref="3662921920"/>
  <nd ref="3662921915"/>
  <nd ref="3662921890"/>
  <nd ref="3662921889"/>
  <nd ref="3662921914"/>
  <nd ref="3662921909"/>
  <nd ref="3662921904"/>
  <nd ref="3662921902"/>
  <nd ref="3662921908"/>
  <nd ref="3662921912"/>
  <nd ref="3662922036"/>
  <nd ref="3662922034"/>
  <nd ref="3662922057"/>
  <nd ref="3662922042"/>
  <nd ref="3662922026"/>
  <nd ref="3662921922"/>
  <nd ref="3662921891"/>
  <nd ref="3662921894"/>
  <nd ref="3662921847"/>
  <nd ref="3662921858"/>
  <nd ref="3662921861"/>
  <nd ref="3662921851"/>
  <nd ref="3662921853"/>
  <nd ref="3662921863"/>
  <nd ref="3662921865"/>
  <nd ref="3662921844"/>
  <nd ref="3662921841"/>
  <nd ref="3662921824"/>
  <nd ref="3662921827"/>
  <nd ref="3662921819"/>
  <nd ref="3662921817"/>
  <nd ref="3662921807"/>
  <nd ref="3662921818"/>
  <nd ref="3662921803"/>
  <nd ref="3662921797"/>
  <nd ref="3662921785"/>
  <nd ref="3662921791"/>
  <nd ref="3662921795"/>
  <nd ref="3662921811"/>
  <nd ref="3662921806"/>
  <nd ref="3662921816"/>
  <nd ref="3662921787"/>
  <nd ref="3662921776"/>
  <nd ref="3662921772"/>
  <nd ref="3662921760"/>
  <nd ref="3662921763"/>
  <nd ref="3662921749"/>
  <nd ref="3662921761"/>
  <nd ref="3662921771"/>
  <nd ref="3662921769"/>
  <nd ref="3662921783"/>
  <nd ref="3662921786"/>
  <nd ref="3662921802"/>
  <nd ref="3662921794"/>
  <nd ref="3662921780"/>
  <nd ref="3662921770"/>
  <nd ref="3662921759"/>
  <nd ref="3662921767"/>
  <nd ref="3662921757"/>
  <nd ref="3662921747"/>
  <nd ref="3662921752"/>
  <nd ref="3662921737"/>
  <nd ref="3662921735"/>
  <nd ref="3662921725"/>
  <nd ref="3662921724"/>
  <nd ref="3662921729"/>
  <nd ref="3662921728"/>
  <nd ref="3662921727"/>
  <nd ref="3662921726"/>
  <nd ref="3662921716"/>
  <nd ref="3662921717"/>
  <nd ref="3662921712"/>
  <nd ref="3662921713"/>
  <nd ref="3662921714"/>
  <nd ref="3662921715"/>
  <nd ref="3662921723"/>
  <nd ref="3662921732"/>
  <nd ref="3662921730"/>
  <nd ref="3662921741"/>
  <nd ref="3662921744"/>
  <nd ref="3662921766"/>
  <nd ref="3662921775"/>
  <nd ref="3662921764"/>
  <nd ref="3662921774"/>
  <nd ref="3662921782"/>
  <nd ref="3662921781"/>
  <nd ref="3662921793"/>
  <nd ref="3662921805"/>
  <nd ref="3662921779"/>
  <nd ref="3662921773"/>
  <nd ref="3662921768"/>
  <nd ref="3662921784"/>
  <nd ref="3662921778"/>
  <nd ref="13516260201"/>
  <nd ref="3662921798"/>
  <nd ref="3662921804"/>
  <nd ref="3662921814"/>
  <nd ref="3662921812"/>
  <nd ref="3662921828"/>
  <nd ref="3662921836"/>
  <nd ref="3662921830"/>
  <nd ref="3662921843"/>
  <nd ref="13516219703"/>
  <nd ref="3662921878"/>
  <nd ref="3662921879"/>
  <nd ref="3662921869"/>
  <nd ref="3662921871"/>
  <nd ref="3662921882"/>
  <nd ref="3662921883"/>
  <nd ref="3662921868"/>
  <nd ref="3662921899"/>
  <nd ref="3662921919"/>
  <nd ref="3662922035"/>
  <nd ref="3662922039"/>
  <nd ref="3662922061"/>
  <nd ref="3662922072"/>
  <nd ref="3662922052"/>
  <nd ref="3662922055"/>
  <nd ref="3662922030"/>
  <nd ref="3662922028"/>
  <nd ref="3662921918"/>
  <nd ref="3662921916"/>
  <nd ref="3662921924"/>
  <nd ref="3662921923"/>
  <nd ref="3662921903"/>
  <nd ref="3662921900"/>
  <nd ref="3662922025"/>
  <nd ref="3662922029"/>
  <nd ref="3662922048"/>
  <nd ref="3662922045"/>
  <nd ref="3662922059"/>
  <nd ref="3662922062"/>
  <nd ref="3662922073"/>
  <nd ref="3662922069"/>
  <nd ref="3662922082"/>
  <nd ref="3662922090"/>
  <nd ref="3662922098"/>
  <nd ref="3662922106"/>
  <nd ref="3662922131"/>
  <nd ref="3662922143"/>
  <nd ref="3662922153"/>
  <nd ref="3662922152"/>
  <nd ref="3662922160"/>
  <nd ref="3662922156"/>
  <nd ref="3662922147"/>
  <nd ref="3662922146"/>
  <nd ref="3662922130"/>
  <nd ref="3662922132"/>
  <nd ref="3662922125"/>
  <nd ref="3662922112"/>
  <nd ref="3662922116"/>
  <nd ref="3662922103"/>
  <nd ref="3662922093"/>
  <nd ref="3662922080"/>
  <nd ref="3662922086"/>
  <nd ref="3662922094"/>
  <nd ref="3662922102"/>
  <nd ref="3662922113"/>
  <nd ref="3662922104"/>
  <nd ref="3662922117"/>
  <nd ref="3662922129"/>
  <nd ref="3662922127"/>
  <nd ref="3662922142"/>
  <nd ref="3662922144"/>
  <nd ref="3662922149"/>
  <nd ref="3662922161"/>
  <nd ref="3662922166"/>
  <nd ref="3662922170"/>
  <nd ref="3662922173"/>
  <nd ref="3662922172"/>
  <nd ref="3662922174"/>
  <nd ref="3662922168"/>
  <nd ref="3662922167"/>
  <nd ref="3662922165"/>
  <nd ref="3662922157"/>
  <nd ref="3662922162"/>
  <nd ref="3662922158"/>
  <nd ref="3662922148"/>
  <nd ref="3662922150"/>
  <nd ref="3662922140"/>
  <nd ref="3662922137"/>
  <nd ref="3662922122"/>
  <nd ref="3662922124"/>
  <nd ref="3662922134"/>
  <nd ref="3662922139"/>
  <nd ref="3662922111"/>
  <nd ref="3662922110"/>
  <nd ref="3662922121"/>
  <nd ref="3662922115"/>
  <nd ref="3662922107"/>
  <nd ref="3662922100"/>
  <nd ref="3662922105"/>
  <nd ref="3662922099"/>
  <nd ref="3662922092"/>
  <nd ref="3662922076"/>
  <nd ref="3662922087"/>
  <nd ref="3662922078"/>
  <nd ref="3662922066"/>
  <nd ref="3662922053"/>
  <nd ref="3662922043"/>
  <nd ref="3662922037"/>
  <nd ref="3662921911"/>
  <nd ref="3662921921"/>
  <tag k="building" v="yes"/>
  <tag k="tourism" v="hostel"/>
 </way>
 <way id="361881078" visible="true" version="2" changeset="177952757" timestamp="2026-02-01T07:01:12Z" user="Sameeksha Chinta" uid="23775155">
  <nd ref="3662920402"/>
  <nd ref="3662920399"/>
  <nd ref="3662920360"/>
  <nd ref="3662920347"/>
  <nd ref="3662920408"/>
  <nd ref="3662920413"/>
  <nd ref="3662920555"/>
  <nd ref="3662920550"/>
  <nd ref="3662920568"/>
  <nd ref="3662920566"/>
  <nd ref="3662920528"/>
  <nd ref="3662920423"/>
  <nd ref="3662920388"/>
  <nd ref="3662920391"/>
  <nd ref="13516205369"/>
  <nd ref="3662920324"/>
  <nd ref="3662920320"/>
  <nd ref="3662920298"/>
  <nd ref="3662920303"/>
  <nd ref="3662920306"/>
  <nd ref="3662920317"/>
  <nd ref="3662920301"/>
  <nd ref="3662920304"/>
  <nd ref="3662920328"/>
  <nd ref="3662920335"/>
  <nd ref="3662920386"/>
  <nd ref="3662920380"/>
  <nd ref="3662920402"/>
  <tag k="building" v="yes"/>
 </way>
 <way id="361881080" visible="true" version="1" changeset="32823700" timestamp="2015-07-23T11:41:35Z" user="maheshrkm" uid="2897465">
  <nd ref="3662920981"/>
  <nd ref="3662920970"/>
  <nd ref="3662920815"/>
  <nd ref="3662920818"/>
  <nd ref="3662920981"/>
  <tag k="building" v="yes"/>
 </way>
 <way id="361881082" visible="true" version="1" changeset="32823700" timestamp="2015-07-23T11:41:35Z" user="maheshrkm" uid="2897465">
  <nd ref="3662922047"/>
  <nd ref="3662922060"/>
  <nd ref="3662922032"/>
  <nd ref="3662922027"/>
  <nd ref="3662922047"/>
  <tag k="building" v="yes"/>
 </way>
 <way id="361881086" visible="true" version="1" changeset="32823700" timestamp="2015-07-23T11:41:35Z" user="maheshrkm" uid="2897465">
  <nd ref="3662921762"/>
  <nd ref="3662921842"/>
  <nd ref="3662921837"/>
  <nd ref="3662921755"/>
  <nd ref="3662921762"/>
  <tag k="building" v="yes"/>
 </way>
 <way id="361881088" visible="true" version="1" changeset="32823700" timestamp="2015-07-23T11:41:35Z" user="maheshrkm" uid="2897465">
  <nd ref="3662920597"/>
  <nd ref="3662920596"/>
  <nd ref="3662920593"/>
  <nd ref="3662920594"/>
  <nd ref="3662920597"/>
  <tag k="building" v="yes"/>
 </way>
 <way id="361881090" visible="true" version="1" changeset="32823700" timestamp="2015-07-23T11:41:35Z" user="maheshrkm" uid="2897465">
  <nd ref="3662920962"/>
  <nd ref="3662920967"/>
  <nd ref="3662920807"/>
  <nd ref="3662920804"/>
  <nd ref="3662920962"/>
  <tag k="building" v="yes"/>
 </way>
 <way id="361881095" visible="true" version="2" changeset="81892267" timestamp="2020-03-07T07:32:11Z" user="uknown-gryphus" uid="2425805">
  <nd ref="3662921423"/>
  <nd ref="3662921530"/>
  <nd ref="3662921386"/>
  <nd ref="3662921376"/>
  <nd ref="3662921423"/>
  <tag k="amenity" v="cafe"/>
  <tag k="building" v="yes"/>
  <tag k="name" v="Mama Maggi Point"/>
 </way>
 <way id="361881097" visible="true" version="1" changeset="32823700" timestamp="2015-07-23T11:41:35Z" user="maheshrkm" uid="2897465">
  <nd ref="3662922164"/>
  <nd ref="3662922169"/>
  <nd ref="3662922138"/>
  <nd ref="3662922119"/>
  <nd ref="3662922164"/>
  <tag k="building" v="yes"/>
 </way>
 <way id="361881099" visible="true" version="1" changeset="32823700" timestamp="2015-07-23T11:41:36Z" user="maheshrkm" uid="2897465">
  <nd ref="3662921403"/>
  <nd ref="3662921397"/>
  <nd ref="3662921349"/>
  <nd ref="3662921354"/>
  <nd ref="3662921403"/>
  <tag k="building" v="yes"/>
 </way>
 <way id="361881101" visible="true" version="1" changeset="32823700" timestamp="2015-07-23T11:41:36Z" user="maheshrkm" uid="2897465">
  <nd ref="3662920588"/>
  <nd ref="3662920587"/>
  <nd ref="3662920578"/>
  <nd ref="3662920580"/>
  <nd ref="3662920588"/>
  <tag k="building" v="yes"/>
 </way>
 <way id="361881103" visible="true" version="1" changeset="32823700" timestamp="2015-07-23T11:41:36Z" user="maheshrkm" uid="2897465">
  <nd ref="3662921368"/>
  <nd ref="3662921358"/>
  <nd ref="3662921185"/>
  <nd ref="3662921190"/>
  <nd ref="3662921368"/>
  <tag k="building" v="yes"/>
 </way>
 <way id="361881105" visible="true" version="1" changeset="32823700" timestamp="2015-07-23T11:41:36Z" user="maheshrkm" uid="2897465">
  <nd ref="3662920589"/>
  <nd ref="3662920590"/>
  <nd ref="3662920584"/>
  <nd ref="3662920583"/>
  <nd ref="3662920589"/>
  <tag k="building" v="yes"/>
 </way>
 <way id="361881107" visible="true" version="2" changeset="177953333" timestamp="2026-02-01T07:33:04Z" user="Sameeksha Chinta" uid="23775155">
  <nd ref="3662922171"/>
  <nd ref="3662922175"/>
  <nd ref="3662922151"/>
  <nd ref="3662922136"/>
  <nd ref="13516254823"/>
  <nd ref="3662922171"/>
  <tag k="building" v="yes"/>
 </way>
 <way id="361881110" visible="true" version="1" changeset="32823700" timestamp="2015-07-23T11:41:36Z" user="maheshrkm" uid="2897465">
  <nd ref="3662920424"/>
  <nd ref="3662920403"/>
  <nd ref="3662920390"/>
  <nd ref="3662920406"/>
  <nd ref="3662920424"/>
  <tag k="building" v="yes"/>
 </way>
 <way id="361881112" visible="true" version="1" changeset="32823700" timestamp="2015-07-23T11:41:36Z" user="maheshrkm" uid="2897465">
  <nd ref="3662920733"/>
  <nd ref="3662920736"/>
  <nd ref="3662920616"/>
  <nd ref="3662920614"/>
  <nd ref="3662920733"/>
  <tag k="building" v="yes"/>
 </way>
 <way id="361881113" visible="true" version="1" changeset="32823700" timestamp="2015-07-23T11:41:36Z" user="maheshrkm" uid="2897465">
  <nd ref="3662920933"/>
  <nd ref="3662920990"/>
  <nd ref="3662921008"/>
  <nd ref="3662920951"/>
  <nd ref="3662920933"/>
  <tag k="building" v="yes"/>
 </way>
 <way id="361881115" visible="true" version="1" changeset="32823700" timestamp="2015-07-23T11:41:36Z" user="maheshrkm" uid="2897465">
  <nd ref="3662922222"/>
  <nd ref="3662922221"/>
  <nd ref="3662922213"/>
  <nd ref="3662922216"/>
  <nd ref="3662922222"/>
  <tag k="building" v="yes"/>
 </way>
 <way id="361881119" visible="true" version="1" changeset="32823700" timestamp="2015-07-23T11:41:36Z" user="maheshrkm" uid="2897465">
  <nd ref="3662921001"/>
  <nd ref="3662921007"/>
  <nd ref="3662920964"/>
  <nd ref="3662920957"/>
  <nd ref="3662921001"/>
  <tag k="building" v="yes"/>
 </way>
 <way id="361881122" visible="true" version="4" changeset="178018311" timestamp="2026-02-02T18:01:05Z" user="rajdhani" uid="20051396">
  <nd ref="3662921705"/>
  <nd ref="3662921702"/>
  <nd ref="3662921698"/>
  <nd ref="3662921699"/>
  <nd ref="3662921697"/>
  <nd ref="3662921696"/>
  <nd ref="3662921653"/>
  <nd ref="3662921658"/>
  <nd ref="3662921649"/>
  <nd ref="3662921641"/>
  <nd ref="3662921629"/>
  <nd ref="3662921634"/>
  <nd ref="3662921625"/>
  <nd ref="3662921628"/>
  <nd ref="3662921610"/>
  <nd ref="3662921605"/>
  <nd ref="3662921593"/>
  <nd ref="3662921609"/>
  <nd ref="3662921623"/>
  <nd ref="3662921622"/>
  <nd ref="3662921640"/>
  <nd ref="3662921647"/>
  <nd ref="3662921655"/>
  <nd ref="3662921659"/>
  <nd ref="3662921673"/>
  <nd ref="3662921669"/>
  <nd ref="3662921678"/>
  <nd ref="3662921684"/>
  <nd ref="3662921701"/>
  <nd ref="3662921700"/>
  <nd ref="3662921703"/>
  <nd ref="3662921706"/>
  <nd ref="3662921711"/>
  <nd ref="3662921709"/>
  <nd ref="3662921734"/>
  <nd ref="3662921731"/>
  <nd ref="3662921736"/>
  <nd ref="3662921733"/>
  <nd ref="3662921722"/>
  <nd ref="3662921721"/>
  <nd ref="3662921705"/>
  <tag k="amenity" v="restaurant"/>
  <tag k="building" v="yes"/>
  <tag k="name" v="Central Mess"/>
 </way>
 <way id="361881128" visible="true" version="1" changeset="32823700" timestamp="2015-07-23T11:41:36Z" user="maheshrkm" uid="2897465">
  <nd ref="3662922210"/>
  <nd ref="3662922207"/>
  <nd ref="3662922212"/>
  <nd ref="3662922211"/>
  <nd ref="3662922218"/>
  <nd ref="3662922217"/>
  <nd ref="3662922220"/>
  <nd ref="3662922219"/>
  <nd ref="3662922215"/>
  <nd ref="3662922214"/>
  <nd ref="3662922209"/>
  <nd ref="3662922208"/>
  <nd ref="3662922197"/>
  <nd ref="3662922202"/>
  <nd ref="3662922198"/>
  <nd ref="3662922201"/>
  <nd ref="3662922203"/>
  <nd ref="3662922206"/>
  <nd ref="3662922205"/>
  <nd ref="3662922204"/>
  <nd ref="3662922200"/>
  <nd ref="3662922199"/>
  <nd ref="3662922196"/>
  <nd ref="3662922195"/>
  <nd ref="3662922194"/>
  <nd ref="3662922189"/>
  <nd ref="3662922192"/>
  <nd ref="3662922190"/>
  <nd ref="3662922186"/>
  <nd ref="3662922191"/>
  <nd ref="3662922187"/>
  <nd ref="3662922185"/>
  <nd ref="3662922182"/>
  <nd ref="3662922179"/>
  <nd ref="3662922181"/>
  <nd ref="3662922177"/>
  <nd ref="3662922178"/>
  <nd ref="3662922176"/>
  <nd ref="3662922180"/>
  <nd ref="3662922183"/>
  <nd ref="3662922184"/>
  <nd ref="3662922188"/>
  <nd ref="3662922193"/>
  <nd ref="3662922210"/>
  <tag k="building" v="yes"/>
 </way>
 <way id="361881135" visible="true" version="2" changeset="81892111" timestamp="2020-03-07T07:18:31Z" user="uknown-gryphus" uid="2425805">
  <nd ref="3662920327"/>
  <nd ref="3662920321"/>
  <nd ref="3662920326"/>
  <nd ref="3662920331"/>
  <nd ref="3662920359"/>
  <nd ref="3662920352"/>
  <nd ref="3662920358"/>
  <nd ref="3662920315"/>
  <nd ref="3662920312"/>
  <nd ref="3662920308"/>
  <nd ref="3662920300"/>
  <nd ref="3662920302"/>
  <nd ref="3662920299"/>
  <nd ref="3662920296"/>
  <nd ref="3662920290"/>
  <nd ref="3662920283"/>
  <nd ref="3662920288"/>
  <nd ref="3662920280"/>
  <nd ref="3662920279"/>
  <nd ref="3662920271"/>
  <nd ref="3662920269"/>
  <nd ref="3662920270"/>
  <nd ref="3662920272"/>
  <nd ref="3662920276"/>
  <nd ref="3662920273"/>
  <nd ref="3662920275"/>
  <nd ref="3662920274"/>
  <nd ref="3662920277"/>
  <nd ref="3662920278"/>
  <nd ref="3662920281"/>
  <nd ref="3662920282"/>
  <nd ref="3662920287"/>
  <nd ref="3662920284"/>
  <nd ref="3662920286"/>
  <nd ref="3662920285"/>
  <nd ref="3662920289"/>
  <nd ref="3662920291"/>
  <nd ref="3662920292"/>
  <nd ref="3662920294"/>
  <nd ref="3662920293"/>
  <nd ref="3662920295"/>
  <nd ref="3662920297"/>
  <nd ref="3662920309"/>
  <nd ref="3662920305"/>
  <nd ref="3662920307"/>
  <nd ref="3662920313"/>
  <nd ref="3662920327"/>
  <tag k="building" v="yes"/>
  <tag k="name" v="Visitor Guest House"/>
  <tag k="tourism" v="guest_house"/>
 </way>
 <way id="361881139" visible="true" version="2" changeset="81892267" timestamp="2020-03-07T07:32:11Z" user="uknown-gryphus" uid="2425805">
  <nd ref="3662858618"/>
  <nd ref="3662858622"/>
  <nd ref="3662858621"/>
  <nd ref="3662920228"/>
  <nd ref="3662920230"/>
  <nd ref="3662920238"/>
  <nd ref="3662920237"/>
  <nd ref="3662920241"/>
  <nd ref="3662920243"/>
  <nd ref="3662920252"/>
  <nd ref="3662920249"/>
  <nd ref="3662920253"/>
  <nd ref="3662920260"/>
  <nd ref="3662920262"/>
  <nd ref="3662920264"/>
  <nd ref="3662920268"/>
  <nd ref="3662920267"/>
  <nd ref="3662920266"/>
  <nd ref="3662920263"/>
  <nd ref="3662920265"/>
  <nd ref="3662920261"/>
  <nd ref="3662920259"/>
  <nd ref="3662920256"/>
  <nd ref="3662920257"/>
  <nd ref="3662920255"/>
  <nd ref="3662920258"/>
  <nd ref="3662920254"/>
  <nd ref="3662920250"/>
  <nd ref="3662920248"/>
  <nd ref="3662920251"/>
  <nd ref="3662920247"/>
  <nd ref="3662920244"/>
  <nd ref="3662920240"/>
  <nd ref="3662920245"/>
  <nd ref="3662920236"/>
  <nd ref="3662920235"/>
  <nd ref="3662920234"/>
  <nd ref="3662920226"/>
  <nd ref="3662920246"/>
  <nd ref="3662920242"/>
  <nd ref="3662920239"/>
  <nd ref="3662920231"/>
  <nd ref="3662920232"/>
  <nd ref="3662920229"/>
  <nd ref="3662920233"/>
  <nd ref="3662920227"/>
  <nd ref="3662920225"/>
  <nd ref="3662858624"/>
  <nd ref="3662858623"/>
  <nd ref="3662858619"/>
  <nd ref="3662858620"/>
  <nd ref="3662858617"/>
  <nd ref="3662858615"/>
  <nd ref="3662858612"/>
  <nd ref="3662858613"/>
  <nd ref="3662858611"/>
  <nd ref="3662858614"/>
  <nd ref="3662858616"/>
  <nd ref="3662858618"/>
  <tag k="building" v="yes"/>
  <tag k="name" v="Faculty Residence"/>
 </way>
 <way id="361881142" visible="true" version="1" changeset="32823700" timestamp="2015-07-23T11:41:37Z" user="maheshrkm" uid="2897465">
  <nd ref="3662921809"/>
  <nd ref="3662921821"/>
  <nd ref="3662921823"/>
  <nd ref="3662921756"/>
  <nd ref="3662921746"/>
  <nd ref="3662921745"/>
  <nd ref="3662921809"/>
  <tag k="building" v="yes"/>
 </way>
 <way id="361881143" visible="true" version="3" changeset="177953333" timestamp="2026-02-01T07:33:04Z" user="Sameeksha Chinta" uid="23775155">
  <nd ref="3662921838"/>
  <nd ref="3662921866"/>
  <nd ref="3662921857"/>
  <nd ref="13516254804"/>
  <nd ref="3662921832"/>
  <nd ref="3662921808"/>
  <nd ref="3662921810"/>
  <nd ref="3662921838"/>
  <tag k="amenity" v="restaurant"/>
  <tag k="building" v="yes"/>
  <tag k="name" v="Hexagon"/>
 </way>
 <way id="361881145" visible="true" version="2" changeset="177953333" timestamp="2026-02-01T07:33:04Z" user="Sameeksha Chinta" uid="23775155">
  <nd ref="3662921719"/>
  <nd ref="3662921680"/>
  <nd ref="3662921687"/>
  <nd ref="3662921690"/>
  <nd ref="3662921691"/>
  <nd ref="3662921572"/>
  <nd ref="3662921545"/>
  <nd ref="3662921415"/>
  <nd ref="3662921384"/>
  <nd ref="3662921345"/>
  <nd ref="3662921346"/>
  <nd ref="3662921195"/>
  <nd ref="3662921154"/>
  <nd ref="3662921016"/>
  <nd ref="3662920975"/>
  <nd ref="3662920973"/>
  <nd ref="3662920949"/>
  <nd ref="3662920977"/>
  <nd ref="3662921000"/>
  <nd ref="3662921004"/>
  <nd ref="3662921018"/>
  <nd ref="3662921141"/>
  <nd ref="3662920993"/>
  <nd ref="3662920932"/>
  <nd ref="3662920792"/>
  <nd ref="3662920769"/>
  <nd ref="3662920734"/>
  <nd ref="3662920745"/>
  <nd ref="3662920748"/>
  <nd ref="3662920763"/>
  <nd ref="3662920750"/>
  <nd ref="3662920779"/>
  <nd ref="3662920798"/>
  <nd ref="3662920819"/>
  <nd ref="3662920777"/>
  <nd ref="3662920939"/>
  <nd ref="3662920808"/>
  <nd ref="3662921009"/>
  <nd ref="3662921010"/>
  <nd ref="3662921131"/>
  <nd ref="3662921126"/>
  <nd ref="3662921214"/>
  <nd ref="3662921186"/>
  <nd ref="3662921569"/>
  <nd ref="3662921571"/>
  <nd ref="3662921638"/>
  <nd ref="3662921637"/>
  <nd ref="3662921650"/>
  <nd ref="3662921651"/>
  <nd ref="3662921693"/>
  <nd ref="3662921692"/>
  <nd ref="3662921694"/>
  <nd ref="3662921695"/>
  <nd ref="3662921707"/>
  <nd ref="3662921704"/>
  <nd ref="3662921708"/>
  <nd ref="3662921710"/>
  <nd ref="3662921720"/>
  <nd ref="3662921718"/>
  <nd ref="3662921738"/>
  <nd ref="13516237598"/>
  <nd ref="3662921719"/>
  <tag k="building" v="yes"/>
 </way>
 <way id="361881148" visible="true" version="1" changeset="32823700" timestamp="2015-07-23T11:41:37Z" user="maheshrkm" uid="2897465">
  <nd ref="3662921896"/>
  <nd ref="3662921917"/>
  <nd ref="3662922038"/>
  <nd ref="3662922056"/>
  <nd ref="3662922050"/>
  <nd ref="3662922064"/>
  <nd ref="3662922067"/>
  <nd ref="3662922083"/>
  <nd ref="3662922077"/>
  <nd ref="3662922091"/>
  <nd ref="3662922095"/>
  <nd ref="3662922109"/>
  <nd ref="3662922089"/>
  <nd ref="3662922108"/>
  <nd ref="3662922118"/>
  <nd ref="3662922135"/>
  <nd ref="3662922123"/>
  <nd ref="3662922133"/>
  <nd ref="3662922126"/>
  <nd ref="3662922128"/>
  <nd ref="3662922120"/>
  <nd ref="3662922114"/>
  <nd ref="3662922097"/>
  <nd ref="3662922101"/>
  <nd ref="3662922084"/>
  <nd ref="3662922081"/>
  <nd ref="3662922065"/>
  <nd ref="3662922075"/>
  <nd ref="3662922079"/>
  <nd ref="3662922096"/>
  <nd ref="3662922046"/>
  <nd ref="3662922041"/>
  <nd ref="3662921910"/>
  <nd ref="3662921901"/>
  <nd ref="3662921906"/>
  <nd ref="3662921895"/>
  <nd ref="3662921887"/>
  <nd ref="3662921881"/>
  <nd ref="3662921885"/>
  <nd ref="3662921875"/>
  <nd ref="3662921859"/>
  <nd ref="3662921850"/>
  <nd ref="3662921860"/>
  <nd ref="3662921856"/>
  <nd ref="3662921888"/>
  <nd ref="3662921864"/>
  <nd ref="3662921876"/>
  <nd ref="3662921854"/>
  <nd ref="3662921846"/>
  <nd ref="3662921825"/>
  <nd ref="3662921822"/>
  <nd ref="3662921826"/>
  <nd ref="3662921833"/>
  <nd ref="3662921839"/>
  <nd ref="3662921835"/>
  <nd ref="3662921874"/>
  <nd ref="3662921877"/>
  <nd ref="3662921884"/>
  <nd ref="3662921848"/>
  <nd ref="3662921862"/>
  <nd ref="3662921880"/>
  <nd ref="3662921886"/>
  <nd ref="3662921896"/>
  <tag k="building" v="yes"/>
 </way>
 <way id="361881150" visible="true" version="2" changeset="81892111" timestamp="2020-03-07T07:18:31Z" user="uknown-gryphus" uid="2425805">
  <nd ref="3662858598"/>
  <nd ref="3662858609"/>
  <nd ref="3662858605"/>
  <nd ref="3662858607"/>
  <nd ref="3662858606"/>
  <nd ref="3662858610"/>
  <nd ref="3662858608"/>
  <nd ref="3662858604"/>
  <nd ref="3662858602"/>
  <nd ref="3662858600"/>
  <nd ref="3662858594"/>
  <nd ref="3662858589"/>
  <nd ref="3662858595"/>
  <nd ref="3662858593"/>
  <nd ref="3662858601"/>
  <nd ref="3662858596"/>
  <nd ref="3662858590"/>
  <nd ref="3662858587"/>
  <nd ref="3662858582"/>
  <nd ref="3662858588"/>
  <nd ref="3662858586"/>
  <nd ref="3662858580"/>
  <nd ref="3662858573"/>
  <nd ref="3662858569"/>
  <nd ref="3662858577"/>
  <nd ref="3662858574"/>
  <nd ref="3662858567"/>
  <nd ref="3662858563"/>
  <nd ref="3662858562"/>
  <nd ref="3662858603"/>
  <nd ref="3662858599"/>
  <nd ref="3662858597"/>
  <nd ref="3662858592"/>
  <nd ref="3662858584"/>
  <nd ref="3662858575"/>
  <nd ref="3662858579"/>
  <nd ref="3662858571"/>
  <nd ref="3662858568"/>
  <nd ref="3662858560"/>
  <nd ref="3662858555"/>
  <nd ref="3662858558"/>
  <nd ref="3662858548"/>
  <nd ref="3662858547"/>
  <nd ref="3662858546"/>
  <nd ref="3662858544"/>
  <nd ref="3662858545"/>
  <nd ref="3662858543"/>
  <nd ref="3662858542"/>
  <nd ref="3662858541"/>
  <nd ref="3662858537"/>
  <nd ref="3662858539"/>
  <nd ref="3662858538"/>
  <nd ref="3662858540"/>
  <nd ref="3662858551"/>
  <nd ref="3662858552"/>
  <nd ref="3662858549"/>
  <nd ref="3662858550"/>
  <nd ref="3662858553"/>
  <nd ref="3662858556"/>
  <nd ref="3662858559"/>
  <nd ref="3662858554"/>
  <nd ref="3662858557"/>
  <nd ref="3662858561"/>
  <nd ref="3662858566"/>
  <nd ref="3662858570"/>
  <nd ref="3662858564"/>
  <nd ref="3662858565"/>
  <nd ref="3662858572"/>
  <nd ref="3662858581"/>
  <nd ref="3662858583"/>
  <nd ref="3662858576"/>
  <nd ref="3662858578"/>
  <nd ref="3662858585"/>
  <nd ref="3662858591"/>
  <nd ref="3662858598"/>
  <tag k="building" v="apartments"/>
  <tag k="name" v="Narmada Residency"/>
 </way>
 <way id="361881154" visible="true" version="1" changeset="32823700" timestamp="2015-07-23T11:41:38Z" user="maheshrkm" uid="2897465">
  <nd ref="3662922068"/>
  <nd ref="3662922074"/>
  <nd ref="3662922063"/>
  <nd ref="3662922058"/>
  <nd ref="3662922031"/>
  <nd ref="3662921907"/>
  <nd ref="3662922054"/>
  <nd ref="3662922071"/>
  <nd ref="3662922068"/>
  <tag k="building" v="yes"/>
 </way>
 <way id="361881156" visible="true" version="1" changeset="32823700" timestamp="2015-07-23T11:41:38Z" user="maheshrkm" uid="2897465">
  <nd ref="3662920613"/>
  <nd ref="3662920612"/>
  <nd ref="3662920601"/>
  <nd ref="3662920599"/>
  <nd ref="3662920585"/>
  <nd ref="3662920586"/>
  <nd ref="3662920591"/>
  <nd ref="3662920592"/>
  <nd ref="3662920613"/>
  <tag k="building" v="yes"/>
 </way>
 <way id="568352568" visible="true" version="1" changeset="57043278" timestamp="2018-03-09T20:20:30Z" user="indigomc" uid="136860">
  <nd ref="5468059223"/>
  <nd ref="5468059226"/>
  <nd ref="5468059219"/>
  <nd ref="5468059218"/>
  <nd ref="5468059214"/>
  <nd ref="5468059229"/>
  <nd ref="5468059224"/>
  <nd ref="5468059221"/>
  <nd ref="5468059217"/>
  <nd ref="5468059228"/>
  <nd ref="5468059222"/>
  <nd ref="5468059220"/>
  <nd ref="5468059216"/>
  <nd ref="5468059215"/>
  <nd ref="5468059227"/>
  <nd ref="5468059225"/>
  <nd ref="5468059223"/>
  <tag k="landuse" v="reservoir"/>
  <tag k="natural" v="water"/>
  <tag k="source:position" v="MapBox"/>
  <tag k="source:tracer" v="scanaerial"/>
  <tag k="source:zoomlevel" v="14"/>
 </way>
 <way id="568352569" visible="true" version="3" changeset="83999180" timestamp="2020-04-23T11:37:33Z" user="soale" uid="1989621">
  <nd ref="5468059275"/>
  <nd ref="5468054246"/>
  <nd ref="5468059240"/>
  <nd ref="5468059338"/>
  <nd ref="5468054239"/>
  <nd ref="5468059300"/>
  <nd ref="5468059332"/>
  <nd ref="5468059268"/>
  <nd ref="5468059251"/>
  <nd ref="5468059349"/>
  <nd ref="5468054251"/>
  <nd ref="5468059313"/>
  <nd ref="5468059343"/>
  <nd ref="5468059279"/>
  <nd ref="5468059308"/>
  <nd ref="5468059246"/>
  <nd ref="5468059230"/>
  <nd ref="5468059327"/>
  <nd ref="5468059357"/>
  <nd ref="5468059292"/>
  <nd ref="5468059322"/>
  <nd ref="5468059259"/>
  <nd ref="5468059288"/>
  <nd ref="5468054260"/>
  <nd ref="5468054241"/>
  <nd ref="5468059304"/>
  <nd ref="5468059333"/>
  <nd ref="5468059270"/>
  <nd ref="5468059297"/>
  <nd ref="5468059235"/>
  <nd ref="5468059264"/>
  <nd ref="5468054234"/>
  <nd ref="5468059280"/>
  <nd ref="5468054250"/>
  <nd ref="5468059245"/>
  <nd ref="5468059342"/>
  <nd ref="5468054244"/>
  <nd ref="5468059306"/>
  <nd ref="5468059336"/>
  <nd ref="5468059274"/>
  <nd ref="5468059255"/>
  <nd ref="5468059353"/>
  <nd ref="5468054256"/>
  <nd ref="5468059318"/>
  <nd ref="5468059348"/>
  <nd ref="5468059284"/>
  <nd ref="5468059312"/>
  <nd ref="5468059250"/>
  <nd ref="5468059294"/>
  <nd ref="5468059232"/>
  <nd ref="5468059261"/>
  <nd ref="5468054231"/>
  <nd ref="5468054262"/>
  <nd ref="5468059324"/>
  <nd ref="5468059355"/>
  <nd ref="5468059290"/>
  <nd ref="5468059272"/>
  <nd ref="5468054243"/>
  <nd ref="5468059237"/>
  <nd ref="5468059335"/>
  <nd ref="5468054236"/>
  <nd ref="5468059299"/>
  <nd ref="5468059329"/>
  <nd ref="5468059266"/>
  <nd ref="5468059345"/>
  <nd ref="5468059282"/>
  <nd ref="5468059310"/>
  <nd ref="5468059248"/>
  <nd ref="5468059277"/>
  <nd ref="5468054248"/>
  <nd ref="5468059242"/>
  <nd ref="5468059340"/>
  <nd ref="5468059320"/>
  <nd ref="5468059257"/>
  <nd ref="5468059286"/>
  <nd ref="5468054258"/>
  <nd ref="5468059253"/>
  <nd ref="5468059351"/>
  <nd ref="5468054253"/>
  <nd ref="5468059315"/>
  <nd ref="5468059260"/>
  <nd ref="5468054230"/>
  <nd ref="5468054261"/>
  <nd ref="5468059323"/>
  <nd ref="5468059354"/>
  <nd ref="5468059289"/>
  <nd ref="5468059319"/>
  <nd ref="5468059256"/>
  <nd ref="5468059236"/>
  <nd ref="5468059334"/>
  <nd ref="5468054235"/>
  <nd ref="5468059298"/>
  <nd ref="5468059328"/>
  <nd ref="5468059265"/>
  <nd ref="5468059293"/>
  <nd ref="5468059231"/>
  <nd ref="5468059309"/>
  <nd ref="5468059247"/>
  <nd ref="5468059276"/>
  <nd ref="5468054247"/>
  <nd ref="5468059241"/>
  <nd ref="5468059339"/>
  <nd ref="5468054240"/>
  <nd ref="5468059303"/>
  <nd ref="5468059285"/>
  <nd ref="5468054257"/>
  <nd ref="5468059252"/>
  <nd ref="5468059350"/>
  <nd ref="5468054252"/>
  <nd ref="5468059314"/>
  <nd ref="5468059344"/>
  <nd ref="5468059281"/>
  <nd ref="5468059326"/>
  <nd ref="5468059262"/>
  <nd ref="5468059291"/>
  <nd ref="5468054264"/>
  <nd ref="5468059258"/>
  <nd ref="5468059356"/>
  <nd ref="5468054259"/>
  <nd ref="5468059321"/>
  <nd ref="5468059302"/>
  <nd ref="5468059238"/>
  <nd ref="5468059269"/>
  <nd ref="5468054238"/>
  <nd ref="5468059234"/>
  <nd ref="5468059331"/>
  <nd ref="5468054233"/>
  <nd ref="5468059296"/>
  <nd ref="5468054249"/>
  <nd ref="5468059311"/>
  <nd ref="5468059341"/>
  <nd ref="5468059278"/>
  <nd ref="5468059305"/>
  <nd ref="5468059243"/>
  <nd ref="5468059271"/>
  <nd ref="5468054242"/>
  <nd ref="5468059352"/>
  <nd ref="5468059287"/>
  <nd ref="5468059317"/>
  <nd ref="5468059254"/>
  <nd ref="5468059283"/>
  <nd ref="5468054255"/>
  <nd ref="5468059249"/>
  <nd ref="5468059347"/>
  <nd ref="5468059330"/>
  <nd ref="5468059267"/>
  <nd ref="5468059295"/>
  <nd ref="5468059233"/>
  <nd ref="5468059263"/>
  <nd ref="5468054232"/>
  <nd ref="5468054263"/>
  <nd ref="5468059325"/>
  <nd ref="5468059307"/>
  <nd ref="5468059244"/>
  <nd ref="5468059273"/>
  <nd ref="5468054245"/>
  <nd ref="5468059239"/>
  <nd ref="5468059337"/>
  <nd ref="5468054237"/>
  <nd ref="5468059301"/>
  <nd ref="5468054254"/>
  <nd ref="5468059316"/>
  <nd ref="5468059346"/>
  <nd ref="5468059275"/>
  <tag k="alt_name" v="Dumna Reservoir"/>
  <tag k="name" v="Khandari Reservoir"/>
  <tag k="natural" v="water"/>
  <tag k="old_name" v="Khandari Dam"/>
  <tag k="source:position" v="MapBox"/>
  <tag k="source:tracer" v="scanaerial"/>
  <tag k="source:zoomlevel" v="14"/>
  <tag k="water" v="reservoir"/>
 </way>
 <way id="773792325" visible="true" version="2" changeset="81892267" timestamp="2020-03-07T07:32:11Z" user="uknown-gryphus" uid="2425805">
  <nd ref="7222744499"/>
  <nd ref="7222744500"/>
  <nd ref="7222744501"/>
  <nd ref="7222744502"/>
  <nd ref="7222744503"/>
  <nd ref="7222744504"/>
  <nd ref="7222744505"/>
  <nd ref="7222744506"/>
  <nd ref="7222744507"/>
  <nd ref="7222744508"/>
  <nd ref="7222744509"/>
  <nd ref="7222744510"/>
  <nd ref="7222744511"/>
  <nd ref="7222744512"/>
  <nd ref="7222744513"/>
  <nd ref="7222744514"/>
  <nd ref="7222744515"/>
  <nd ref="7222744516"/>
  <nd ref="7222744517"/>
  <nd ref="7222744518"/>
  <nd ref="7222744519"/>
  <nd ref="7222744520"/>
  <nd ref="7222744521"/>
  <nd ref="7222744522"/>
  <nd ref="7222744523"/>
  <nd ref="7222744524"/>
  <nd ref="7222744525"/>
  <nd ref="7222744526"/>
  <nd ref="7222744527"/>
  <nd ref="7222744528"/>
  <nd ref="7222744529"/>
  <nd ref="7222744530"/>
  <nd ref="7222744531"/>
  <nd ref="7222744532"/>
  <nd ref="7222744533"/>
  <nd ref="7222744534"/>
  <nd ref="7222744535"/>
  <nd ref="7222744536"/>
  <nd ref="7222744537"/>
  <nd ref="7222744538"/>
  <nd ref="7222744539"/>
  <nd ref="7222744540"/>
  <nd ref="7222744541"/>
  <nd ref="7222770078"/>
  <nd ref="7222744542"/>
  <nd ref="7222744543"/>
  <nd ref="7222744544"/>
  <nd ref="7222770079"/>
  <nd ref="7222744545"/>
  <nd ref="7222744546"/>
  <nd ref="7222744547"/>
  <nd ref="7222744548"/>
  <nd ref="7222744549"/>
  <nd ref="7222744554"/>
  <nd ref="7222744553"/>
  <nd ref="7222744552"/>
  <nd ref="7222744551"/>
  <nd ref="7273688242"/>
  <nd ref="7222744550"/>
  <nd ref="7222744555"/>
  <nd ref="7222744556"/>
  <nd ref="7222744561"/>
  <nd ref="7222744560"/>
  <nd ref="7222744559"/>
  <nd ref="7222744557"/>
  <nd ref="7222744499"/>
  <tag k="alt_name" v="IIIT Jabalpur"/>
  <tag k="amenity" v="college"/>
  <tag k="common_name" v="PDPM IIITDMJ"/>
  <tag k="name" v="Indian Institute of Information Technology Design and Manufacturing Jabalpur"/>
  <tag k="short_name" v="IIITDMJ"/>
  <tag k="website" v="https://iiitdmj.ac.in/"/>
  <tag k="wikidata" v="Q6020614"/>
  <tag k="wikipedia" v="en:Indian Institute of Information Technology, Design and Manufacturing, Jabalpur"/>
 </way>
 <way id="773792326" visible="true" version="2" changeset="137575004" timestamp="2023-06-20T18:26:18Z" user="Sal73x" uid="1293386">
  <nd ref="7222744563"/>
  <nd ref="7222744566"/>
  <nd ref="7222744562"/>
  <nd ref="10992604174"/>
  <tag k="highway" v="service"/>
  <tag k="oneway" v="yes"/>
  <tag k="service" v="driveway"/>
 </way>
 <way id="773792327" visible="true" version="2" changeset="137575004" timestamp="2023-06-20T18:26:18Z" user="Sal73x" uid="1293386">
  <nd ref="10992604173"/>
  <nd ref="7222744564"/>
  <nd ref="7222744565"/>
  <nd ref="7222744563"/>
  <tag k="highway" v="service"/>
  <tag k="oneway" v="yes"/>
  <tag k="service" v="driveway"/>
 </way>
 <way id="773792328" visible="true" version="4" changeset="178018230" timestamp="2026-02-02T17:58:56Z" user="Sameeksha Chinta" uid="23775155">
  <nd ref="7222744566"/>
  <nd ref="7222744567"/>
  <nd ref="7222744568"/>
  <nd ref="7222744569"/>
  <nd ref="7222744570"/>
  <nd ref="7222744571"/>
  <nd ref="7222744572"/>
  <nd ref="7222770039"/>
  <nd ref="7222744573"/>
  <nd ref="7222744574"/>
  <nd ref="7222770054"/>
  <nd ref="7222744575"/>
  <nd ref="7222744576"/>
  <nd ref="13520014386"/>
  <nd ref="7222744577"/>
  <nd ref="7273689585"/>
  <nd ref="7222744578"/>
  <nd ref="7222744579"/>
  <nd ref="10111272674"/>
  <nd ref="7222744580"/>
  <nd ref="7222744581"/>
  <nd ref="7222770011"/>
  <nd ref="7222744582"/>
  <tag k="highway" v="service"/>
  <tag k="service" v="driveway"/>
  <tag k="surface" v="concrete"/>
 </way>
 <way id="773792329" visible="true" version="1" changeset="81174181" timestamp="2020-02-18T13:54:34Z" user="uknown-gryphus" uid="2425805">
  <nd ref="7222744568"/>
  <nd ref="7222769996"/>
  <tag k="highway" v="service"/>
  <tag k="service" v="driveway"/>
 </way>
 <way id="773792330" visible="true" version="3" changeset="177953333" timestamp="2026-02-01T07:33:04Z" user="Sameeksha Chinta" uid="23775155">
  <nd ref="7222744569"/>
  <nd ref="7222769997"/>
  <nd ref="7222769998"/>
  <nd ref="7222769999"/>
  <nd ref="7222770000"/>
  <nd ref="7222770001"/>
  <nd ref="7222770002"/>
  <nd ref="7222770003"/>
  <nd ref="7222770004"/>
  <nd ref="13516254809"/>
  <nd ref="7222770005"/>
  <nd ref="7222770006"/>
  <nd ref="7273689601"/>
  <nd ref="7222770007"/>
  <nd ref="7222770008"/>
  <nd ref="7222770009"/>
  <nd ref="7222770010"/>
  <nd ref="7222770011"/>
  <tag k="highway" v="service"/>
  <tag k="service" v="driveway"/>
 </way>
 <way id="773792331" visible="true" version="1" changeset="81174181" timestamp="2020-02-18T13:54:34Z" user="uknown-gryphus" uid="2425805">
  <nd ref="7222770000"/>
  <nd ref="7222770012"/>
  <nd ref="7222770013"/>
  <nd ref="7222770014"/>
  <nd ref="7222770015"/>
  <nd ref="7222770016"/>
  <nd ref="7222770017"/>
  <nd ref="7222770018"/>
  <tag k="highway" v="service"/>
  <tag k="service" v="driveway"/>
 </way>
 <way id="773792332" visible="true" version="1" changeset="81174181" timestamp="2020-02-18T13:54:34Z" user="uknown-gryphus" uid="2425805">
  <nd ref="7222770019"/>
  <nd ref="7222770020"/>
  <nd ref="7222770021"/>
  <nd ref="7222770027"/>
  <nd ref="7222770022"/>
  <nd ref="7222770023"/>
  <tag k="highway" v="service"/>
  <tag k="service" v="driveway"/>
 </way>
 <way id="773792333" visible="true" version="1" changeset="81174181" timestamp="2020-02-18T13:54:34Z" user="uknown-gryphus" uid="2425805">
  <nd ref="7222770024"/>
  <nd ref="7222770023"/>
  <nd ref="7222770025"/>
  <tag k="highway" v="service"/>
  <tag k="service" v="driveway"/>
 </way>
 <way id="773792334" visible="true" version="1" changeset="81174181" timestamp="2020-02-18T13:54:34Z" user="uknown-gryphus" uid="2425805">
  <nd ref="7222770024"/>
  <nd ref="7222770026"/>
  <tag k="highway" v="service"/>
  <tag k="service" v="driveway"/>
 </way>
 <way id="773792335" visible="true" version="1" changeset="81174181" timestamp="2020-02-18T13:54:34Z" user="uknown-gryphus" uid="2425805">
  <nd ref="7222770026"/>
  <nd ref="7222770027"/>
  <nd ref="7222770028"/>
  <nd ref="7222770029"/>
  <nd ref="7222770030"/>
  <nd ref="7222770031"/>
  <nd ref="7222770032"/>
  <nd ref="7222770033"/>
  <nd ref="7222770034"/>
  <nd ref="7222770035"/>
  <nd ref="7222770036"/>
  <nd ref="7222770037"/>
  <nd ref="7222770038"/>
  <nd ref="7222769992"/>
  <tag k="highway" v="service"/>
  <tag k="service" v="driveway"/>
 </way>
 <way id="773792336" visible="true" version="8" changeset="178019350" timestamp="2026-02-02T18:33:02Z" user="Sameeksha Chinta" uid="23775155">
  <nd ref="7222770039"/>
  <nd ref="7222770040"/>
  <nd ref="7222770041"/>
  <nd ref="7222770080"/>
  <nd ref="7222770042"/>
  <nd ref="7222770043"/>
  <nd ref="7222770044"/>
  <nd ref="7222770045"/>
  <nd ref="7222770046"/>
  <nd ref="7222770047"/>
  <nd ref="8601225693"/>
  <nd ref="8601225694"/>
  <nd ref="7222770048"/>
  <nd ref="7222770049"/>
  <nd ref="8601225692"/>
  <nd ref="8601225691"/>
  <nd ref="7222770050"/>
  <nd ref="7222770051"/>
  <nd ref="8601225689"/>
  <nd ref="8601225690"/>
  <nd ref="7222770052"/>
  <nd ref="7273680252"/>
  <nd ref="13520092764"/>
  <nd ref="8563018919"/>
  <nd ref="7222770053"/>
  <nd ref="8563018918"/>
  <nd ref="8563018917"/>
  <nd ref="8563017816"/>
  <nd ref="7222770088"/>
  <nd ref="13516202862"/>
  <nd ref="8563017815"/>
  <nd ref="7222770087"/>
  <nd ref="8563017814"/>
  <nd ref="8563017813"/>
  <nd ref="8563017812"/>
  <nd ref="7222770086"/>
  <nd ref="8563017811"/>
  <nd ref="13516240749"/>
  <nd ref="13516240745"/>
  <nd ref="8563017810"/>
  <nd ref="8563017809"/>
  <nd ref="13520092773"/>
  <nd ref="8563017808"/>
  <nd ref="7222770085"/>
  <nd ref="8563013561"/>
  <tag k="highway" v="service"/>
  <tag k="service" v="driveway"/>
  <tag k="surface" v="concrete"/>
 </way>
 <way id="773792337" visible="true" version="5" changeset="177953088" timestamp="2026-02-01T07:18:15Z" user="Sameeksha Chinta" uid="23775155">
  <nd ref="7222770057"/>
  <nd ref="8563013561"/>
  <nd ref="8563013563"/>
  <nd ref="8563013564"/>
  <nd ref="8563013562"/>
  <nd ref="7222770058"/>
  <nd ref="8563013565"/>
  <nd ref="8563013566"/>
  <nd ref="7222770059"/>
  <nd ref="8563013567"/>
  <nd ref="8563013568"/>
  <nd ref="13516240739"/>
  <nd ref="13516240741"/>
  <nd ref="7222770060"/>
  <tag k="highway" v="service"/>
  <tag k="surface" v="paving_stones"/>
 </way>
 <way id="773792339" visible="true" version="3" changeset="177953333" timestamp="2026-02-01T07:33:04Z" user="Sameeksha Chinta" uid="23775155">
  <nd ref="7222770061"/>
  <nd ref="13516254859"/>
  <nd ref="13516254858"/>
  <nd ref="7222770062"/>
  <nd ref="7222770063"/>
  <nd ref="7222770064"/>
  <nd ref="7222770065"/>
  <nd ref="8563018927"/>
  <nd ref="7222770066"/>
  <nd ref="8563018926"/>
  <nd ref="7222770067"/>
  <nd ref="8563018929"/>
  <nd ref="7222770068"/>
  <nd ref="8563018928"/>
  <nd ref="8563018922"/>
  <nd ref="8563018921"/>
  <nd ref="7222770069"/>
  <nd ref="8563018920"/>
  <nd ref="7222770075"/>
  <nd ref="8563018923"/>
  <nd ref="8563018924"/>
  <nd ref="8563018925"/>
  <nd ref="7222770070"/>
  <nd ref="8563018931"/>
  <nd ref="7222770071"/>
  <tag k="highway" v="service"/>
  <tag k="service" v="driveway"/>
 </way>
 <way id="773792340" visible="true" version="1" changeset="81174181" timestamp="2020-02-18T13:54:34Z" user="uknown-gryphus" uid="2425805">
  <nd ref="7222770072"/>
  <nd ref="7222770071"/>
  <nd ref="7222770073"/>
  <tag k="highway" v="service"/>
  <tag k="service" v="driveway"/>
 </way>
 <way id="773792341" visible="true" version="1" changeset="81174181" timestamp="2020-02-18T13:54:34Z" user="uknown-gryphus" uid="2425805">
  <nd ref="7222770074"/>
  <nd ref="7222770072"/>
  <nd ref="7222770077"/>
  <nd ref="7222770075"/>
  <tag k="highway" v="service"/>
  <tag k="service" v="driveway"/>
 </way>
 <way id="773792342" visible="true" version="1" changeset="81174181" timestamp="2020-02-18T13:54:34Z" user="uknown-gryphus" uid="2425805">
  <nd ref="7222770076"/>
  <nd ref="7222770077"/>
  <tag k="highway" v="service"/>
  <tag k="service" v="driveway"/>
 </way>
 <way id="773792344" visible="true" version="2" changeset="177953333" timestamp="2026-02-01T07:33:04Z" user="Sameeksha Chinta" uid="23775155">
  <nd ref="7222770090"/>
  <nd ref="7222770091"/>
  <nd ref="7222770092"/>
  <nd ref="7222770093"/>
  <nd ref="13516254831"/>
  <nd ref="7222770090"/>
  <tag k="building" v="yes"/>
  <tag k="name" v="Academic Office"/>
 </way>
 <way id="773792345" visible="true" version="2" changeset="81892111" timestamp="2020-03-07T07:18:31Z" user="uknown-gryphus" uid="2425805">
  <nd ref="7222770094"/>
  <nd ref="7222770095"/>
  <nd ref="7222770096"/>
  <nd ref="7222770097"/>
  <nd ref="7222770098"/>
  <nd ref="7222770099"/>
  <nd ref="7222770100"/>
  <nd ref="7222770101"/>
  <nd ref="7222770094"/>
  <tag k="building" v="yes"/>
  <tag k="name" v="Rewa 2B"/>
  <tag k="tourism" v="hostel"/>
 </way>
 <way id="773792346" visible="true" version="2" changeset="81892111" timestamp="2020-03-07T07:18:31Z" user="uknown-gryphus" uid="2425805">
  <nd ref="7222770102"/>
  <nd ref="7222770103"/>
  <nd ref="7222770104"/>
  <nd ref="7222770105"/>
  <nd ref="7222770106"/>
  <nd ref="7222770107"/>
  <nd ref="7222770108"/>
  <nd ref="7222770109"/>
  <nd ref="7222770110"/>
  <nd ref="7222770111"/>
  <nd ref="7222770112"/>
  <nd ref="7222770113"/>
  <nd ref="7222770102"/>
  <tag k="building" v="yes"/>
  <tag k="name" v="Rewa 2A"/>
  <tag k="tourism" v="hostel"/>
 </way>
 <way id="773792347" visible="true" version="2" changeset="81892111" timestamp="2020-03-07T07:18:31Z" user="uknown-gryphus" uid="2425805">
  <nd ref="7222770114"/>
  <nd ref="7222770115"/>
  <nd ref="7222770116"/>
  <nd ref="7222770117"/>
  <nd ref="7222770118"/>
  <nd ref="7222770119"/>
  <nd ref="7222770120"/>
  <nd ref="7222770121"/>
  <nd ref="7222770114"/>
  <tag k="building" v="yes"/>
  <tag k="name" v="Rewa 3B"/>
  <tag k="tourism" v="hostel"/>
 </way>
 <way id="773792348" visible="true" version="2" changeset="81892111" timestamp="2020-03-07T07:18:31Z" user="uknown-gryphus" uid="2425805">
  <nd ref="7222770122"/>
  <nd ref="7222770123"/>
  <nd ref="7222770124"/>
  <nd ref="7222770125"/>
  <nd ref="7222770126"/>
  <nd ref="7222770127"/>
  <nd ref="7222770128"/>
  <nd ref="7222770129"/>
  <nd ref="7222770130"/>
  <nd ref="7222770131"/>
  <nd ref="7222770132"/>
  <nd ref="7222770133"/>
  <nd ref="7222770122"/>
  <tag k="building" v="yes"/>
  <tag k="name" v="Rewa 3A"/>
  <tag k="tourism" v="hostel"/>
 </way>
 <way id="779022750" visible="true" version="2" changeset="177953333" timestamp="2026-02-01T07:33:04Z" user="Sameeksha Chinta" uid="23775155">
  <nd ref="7273680226"/>
  <nd ref="7273680227"/>
  <nd ref="7273680228"/>
  <nd ref="7273680229"/>
  <nd ref="7273680230"/>
  <nd ref="7273680231"/>
  <nd ref="7273680232"/>
  <nd ref="7273680233"/>
  <nd ref="7273680234"/>
  <nd ref="7273680235"/>
  <nd ref="7273680236"/>
  <nd ref="13516254868"/>
  <nd ref="7273680237"/>
  <nd ref="7273680238"/>
  <nd ref="13516254864"/>
  <nd ref="7273680239"/>
  <nd ref="7273680240"/>
  <nd ref="7273680241"/>
  <nd ref="7273680226"/>
  <tag k="amenity" v="clinic"/>
  <tag k="building" v="yes"/>
  <tag k="healthcare" v="clinic"/>
  <tag k="name" v="Primary Health Care Centre"/>
 </way>
 <way id="779022751" visible="true" version="2" changeset="177953088" timestamp="2026-02-01T07:18:15Z" user="Sameeksha Chinta" uid="23775155">
  <nd ref="7273680242"/>
  <nd ref="13516240744"/>
  <nd ref="7273680243"/>
  <nd ref="7273680244"/>
  <nd ref="7273680245"/>
  <nd ref="7273680242"/>
  <tag k="access" v="private"/>
  <tag k="covered" v="no"/>
  <tag k="hoops" v="2"/>
  <tag k="leisure" v="pitch"/>
  <tag k="lit" v="yes"/>
  <tag k="sport" v="basketball"/>
  <tag k="surface" v="concrete"/>
 </way>
 <way id="779022752" visible="true" version="1" changeset="81892111" timestamp="2020-03-07T07:18:31Z" user="uknown-gryphus" uid="2425805">
  <nd ref="7273680245"/>
  <nd ref="7273680246"/>
  <nd ref="7273680247"/>
  <nd ref="7273680244"/>
  <nd ref="7273680245"/>
  <tag k="access" v="private"/>
  <tag k="leisure" v="pitch"/>
  <tag k="lit" v="yes"/>
  <tag k="sport" v="tennis"/>
 </way>
 <way id="779022753" visible="true" version="1" changeset="81892111" timestamp="2020-03-07T07:18:31Z" user="uknown-gryphus" uid="2425805">
  <nd ref="7273680248"/>
  <nd ref="7273680249"/>
  <nd ref="7273680250"/>
  <nd ref="7273680251"/>
  <nd ref="7273680248"/>
  <tag k="access" v="private"/>
  <tag k="leisure" v="pitch"/>
  <tag k="lit" v="yes"/>
  <tag k="sport" v="volleyball"/>
  <tag k="surface" v="gravel"/>
 </way>
 <way id="779022754" visible="true" version="2" changeset="101774663" timestamp="2021-03-26T08:33:15Z" user="VLD103" uid="9124205">
  <nd ref="7273680252"/>
  <nd ref="8563009247"/>
  <nd ref="8563009246"/>
  <nd ref="8563009245"/>
  <nd ref="7273680253"/>
  <nd ref="8563009244"/>
  <nd ref="7273680254"/>
  <nd ref="8563009243"/>
  <nd ref="7273680255"/>
  <nd ref="8563009242"/>
  <nd ref="7273680256"/>
  <nd ref="7222770060"/>
  <tag k="highway" v="service"/>
 </way>
 <way id="779022755" visible="true" version="1" changeset="81892111" timestamp="2020-03-07T07:18:31Z" user="uknown-gryphus" uid="2425805">
  <nd ref="7273680257"/>
  <nd ref="7273680258"/>
  <nd ref="7273680259"/>
  <nd ref="7273680260"/>
  <nd ref="7273680261"/>
  <nd ref="7273680262"/>
  <nd ref="7273680263"/>
  <nd ref="7273680264"/>
  <nd ref="7273680265"/>
  <nd ref="7273680266"/>
  <nd ref="7273680267"/>
  <nd ref="7273680268"/>
  <nd ref="7273680269"/>
  <nd ref="7273680270"/>
  <nd ref="7273680271"/>
  <nd ref="7273680272"/>
  <nd ref="7273680273"/>
  <nd ref="7273680257"/>
  <tag k="leisure" v="pitch"/>
  <tag k="sport" v="cricket;soccer"/>
 </way>
 <way id="779022756" visible="true" version="3" changeset="177953088" timestamp="2026-02-01T07:18:15Z" user="Sameeksha Chinta" uid="23775155">
  <nd ref="7273680274"/>
  <nd ref="7273680275"/>
  <nd ref="7273680276"/>
  <nd ref="7273680277"/>
  <nd ref="7273680278"/>
  <nd ref="7273680279"/>
  <nd ref="7273680280"/>
  <nd ref="7273680281"/>
  <nd ref="7273680282"/>
  <nd ref="7273680283"/>
  <nd ref="7273680284"/>
  <nd ref="13516240785"/>
  <nd ref="7273680274"/>
  <tag k="amenity" v="theatre"/>
  <tag k="building" v="yes"/>
  <tag k="name" v="Open Air Theatre"/>
 </way>
 <way id="779022757" visible="true" version="2" changeset="177953088" timestamp="2026-02-01T07:18:15Z" user="Sameeksha Chinta" uid="23775155">
  <nd ref="7273689585"/>
  <nd ref="7273689586"/>
  <nd ref="7273689587"/>
  <nd ref="7273689588"/>
  <nd ref="7273689589"/>
  <nd ref="7273689590"/>
  <nd ref="13516240784"/>
  <nd ref="7273689591"/>
  <nd ref="13516240783"/>
  <nd ref="7273689592"/>
  <nd ref="13516240786"/>
  <nd ref="7273689593"/>
  <nd ref="13516240782"/>
  <nd ref="7273689594"/>
  <nd ref="7273689595"/>
  <nd ref="7273689596"/>
  <nd ref="7273689597"/>
  <nd ref="7273689598"/>
  <nd ref="7273689586"/>
  <tag k="highway" v="path"/>
  <tag k="surface" v="concrete"/>
 </way>
 <way id="779022758" visible="true" version="1" changeset="81892111" timestamp="2020-03-07T07:18:31Z" user="uknown-gryphus" uid="2425805">
  <nd ref="7222770008"/>
  <nd ref="7273689599"/>
  <nd ref="7273689600"/>
  <tag k="highway" v="path"/>
 </way>
 <way id="779022759" visible="true" version="1" changeset="81892111" timestamp="2020-03-07T07:18:31Z" user="uknown-gryphus" uid="2425805">
  <nd ref="7273689599"/>
  <nd ref="7273689601"/>
  <tag k="highway" v="path"/>
 </way>
 <way id="779022760" visible="true" version="1" changeset="81892111" timestamp="2020-03-07T07:18:31Z" user="uknown-gryphus" uid="2425805">
  <nd ref="7273689585"/>
  <nd ref="7273689602"/>
  <tag k="highway" v="path"/>
 </way>
 <way id="779022761" visible="true" version="2" changeset="177953333" timestamp="2026-02-01T07:33:04Z" user="Sameeksha Chinta" uid="23775155">
  <nd ref="7222744582"/>
  <nd ref="13516254836"/>
  <nd ref="7222744583"/>
  <tag k="bridge" v="yes"/>
  <tag k="highway" v="service"/>
  <tag k="layer" v="1"/>
  <tag k="service" v="driveway"/>
  <tag k="surface" v="concrete"/>
 </way>
 <way id="779022762" visible="true" version="2" changeset="177953333" timestamp="2026-02-01T07:33:04Z" user="Sameeksha Chinta" uid="23775155">
  <nd ref="7222744583"/>
  <nd ref="7222744584"/>
  <nd ref="13516254860"/>
  <nd ref="7222769985"/>
  <nd ref="7222770061"/>
  <nd ref="13516254857"/>
  <nd ref="7222769986"/>
  <nd ref="13516254865"/>
  <nd ref="13516254862"/>
  <nd ref="7222769987"/>
  <nd ref="7222769988"/>
  <nd ref="7222769989"/>
  <nd ref="7222769990"/>
  <nd ref="7222769991"/>
  <nd ref="7222769992"/>
  <nd ref="7222769993"/>
  <nd ref="7222769994"/>
  <nd ref="7222770019"/>
  <nd ref="7222769995"/>
  <nd ref="7222769996"/>
  <nd ref="13516254824"/>
  <nd ref="7222744563"/>
  <tag k="highway" v="service"/>
  <tag k="service" v="driveway"/>
  <tag k="surface" v="concrete"/>
 </way>
 <way id="779024103" visible="true" version="1" changeset="81892267" timestamp="2020-03-07T07:32:11Z" user="uknown-gryphus" uid="2425805">
  <nd ref="7273688236"/>
  <nd ref="7273688237"/>
  <nd ref="7273688238"/>
  <nd ref="7273688239"/>
  <nd ref="7273688236"/>
  <tag k="building" v="commercial"/>
 </way>
 <way id="779024104" visible="true" version="7" changeset="137575312" timestamp="2023-06-20T18:36:20Z" user="Sal73x" uid="1293386">
  <nd ref="10992583019"/>
  <nd ref="6554682550"/>
  <nd ref="9063929783"/>
  <nd ref="10760401101"/>
  <nd ref="10992591103"/>
  <nd ref="7273688244"/>
  <tag k="aeroway" v="runway"/>
  <tag k="ref" v="06/24"/>
  <tag k="surface" v="asphalt"/>
 </way>
 <way id="911763410" visible="true" version="2" changeset="137575312" timestamp="2023-06-20T18:36:20Z" user="Sal73x" uid="1293386">
  <nd ref="8465741441"/>
  <nd ref="10992591102"/>
  <nd ref="8465741443"/>
  <nd ref="8465741444"/>
  <nd ref="8465741445"/>
  <nd ref="8465741446"/>
  <nd ref="8465741447"/>
  <nd ref="8465741448"/>
  <nd ref="8465741449"/>
  <nd ref="8465741441"/>
  <tag k="aeroway" v="apron"/>
  <tag k="ref" v="Isolation"/>
 </way>
 <way id="921662877" visible="true" version="4" changeset="137575004" timestamp="2023-06-20T18:26:18Z" user="Sal73x" uid="1293386">
  <nd ref="8556500580"/>
  <nd ref="8556871764"/>
  <nd ref="8556769244"/>
  <nd ref="8556769245"/>
  <nd ref="8556769246"/>
  <nd ref="8556847898"/>
  <nd ref="8556769247"/>
  <nd ref="8556769248"/>
  <nd ref="8556769249"/>
  <nd ref="8556769250"/>
  <nd ref="8556769251"/>
  <nd ref="8556769252"/>
  <nd ref="8556769253"/>
  <nd ref="8556769254"/>
  <nd ref="8556769255"/>
  <nd ref="8556847883"/>
  <nd ref="8556769256"/>
  <nd ref="8556769257"/>
  <nd ref="8556769258"/>
  <nd ref="8556847875"/>
  <nd ref="8556769259"/>
  <nd ref="8556847874"/>
  <nd ref="8556769260"/>
  <nd ref="8556769261"/>
  <nd ref="8556769262"/>
  <nd ref="8556769263"/>
  <nd ref="8556769264"/>
  <nd ref="8556769265"/>
  <nd ref="8556769266"/>
  <nd ref="8556769267"/>
  <nd ref="8556769268"/>
  <nd ref="8556769269"/>
  <nd ref="8556769270"/>
  <nd ref="8556780594"/>
  <nd ref="8556769271"/>
  <nd ref="8556769272"/>
  <nd ref="8556769273"/>
  <nd ref="8556769274"/>
  <nd ref="8556769275"/>
  <nd ref="8556780571"/>
  <nd ref="8556769276"/>
  <nd ref="8556769277"/>
  <nd ref="8556847804"/>
  <nd ref="8556769278"/>
  <nd ref="8556769279"/>
  <nd ref="8556769280"/>
  <nd ref="8556769281"/>
  <nd ref="8556769282"/>
  <nd ref="8556769283"/>
  <nd ref="8556769284"/>
  <nd ref="8556769285"/>
  <nd ref="8556769286"/>
  <nd ref="8556769287"/>
  <nd ref="8556769288"/>
  <nd ref="8556769289"/>
  <nd ref="8556769290"/>
  <nd ref="8556769291"/>
  <nd ref="8556769292"/>
  <nd ref="8556769293"/>
  <nd ref="8556769294"/>
  <nd ref="8556769295"/>
  <nd ref="8556769296"/>
  <nd ref="8556769297"/>
  <nd ref="8556769298"/>
  <nd ref="8556769299"/>
  <nd ref="8556769300"/>
  <nd ref="8556769301"/>
  <nd ref="8556769302"/>
  <nd ref="8556769303"/>
  <nd ref="8556769304"/>
  <nd ref="8556769305"/>
  <nd ref="8556769306"/>
  <nd ref="8556769307"/>
  <nd ref="8556769308"/>
  <nd ref="8556769309"/>
  <nd ref="8556769310"/>
  <nd ref="8556769311"/>
  <nd ref="8556769312"/>
  <nd ref="8556769313"/>
  <nd ref="8556769314"/>
  <nd ref="8556780570"/>
  <nd ref="8556780569"/>
  <nd ref="8556780568"/>
  <nd ref="8556780567"/>
  <nd ref="8556780566"/>
  <nd ref="8556780565"/>
  <nd ref="8556780564"/>
  <nd ref="8556780563"/>
  <nd ref="8556780562"/>
  <nd ref="8556780561"/>
  <nd ref="8556780560"/>
  <nd ref="8556780559"/>
  <nd ref="8556780558"/>
  <nd ref="8556780557"/>
  <nd ref="8556780556"/>
  <nd ref="8556780555"/>
  <nd ref="8556780554"/>
  <nd ref="8556780553"/>
  <nd ref="8556780552"/>
  <nd ref="8556780551"/>
  <nd ref="8556780550"/>
  <nd ref="8556780549"/>
  <nd ref="8556780548"/>
  <nd ref="8556780547"/>
  <nd ref="8556780546"/>
  <nd ref="8556780545"/>
  <nd ref="8556780544"/>
  <nd ref="8556780543"/>
  <nd ref="8556780542"/>
  <nd ref="8556780541"/>
  <nd ref="8556780540"/>
  <nd ref="8556780539"/>
  <nd ref="8556780538"/>
  <nd ref="8556780537"/>
  <nd ref="8556780536"/>
  <nd ref="8556780535"/>
  <nd ref="8556780534"/>
  <nd ref="8556780533"/>
  <nd ref="8556780532"/>
  <nd ref="8556780531"/>
  <nd ref="8556780530"/>
  <nd ref="8556780529"/>
  <nd ref="8556780528"/>
  <nd ref="8556780527"/>
  <nd ref="8556780526"/>
  <nd ref="8556780525"/>
  <nd ref="8556780524"/>
  <nd ref="8556780523"/>
  <nd ref="8556780522"/>
  <nd ref="8556780521"/>
  <nd ref="8556780520"/>
  <nd ref="8556780519"/>
  <nd ref="8556780518"/>
  <nd ref="8556780517"/>
  <nd ref="8556769316"/>
  <nd ref="8556769315"/>
  <nd ref="10992604171"/>
  <nd ref="10992604172"/>
  <tag k="highway" v="tertiary"/>
  <tag k="source" v="maxar"/>
 </way>
 <way id="922089928" visible="true" version="2" changeset="101774663" timestamp="2021-03-26T08:33:15Z" user="VLD103" uid="9124205">
  <nd ref="7222770060"/>
  <nd ref="7222770047"/>
  <tag k="highway" v="service"/>
  <tag k="source" v="maxar"/>
 </way>
 <way id="922089929" visible="true" version="2" changeset="137575004" timestamp="2023-06-20T18:26:18Z" user="Sal73x" uid="1293386">
  <nd ref="10992603986"/>
  <nd ref="10992604179"/>
  <nd ref="10992604178"/>
  <nd ref="10992604177"/>
  <nd ref="10992604176"/>
  <nd ref="10992604175"/>
  <nd ref="8560536331"/>
  <nd ref="8560536332"/>
  <nd ref="8560536333"/>
  <nd ref="8560536334"/>
  <nd ref="8560536335"/>
  <nd ref="8560536336"/>
  <nd ref="8560536337"/>
  <nd ref="8560536338"/>
  <nd ref="8560536339"/>
  <nd ref="8560536340"/>
  <nd ref="8560536341"/>
  <nd ref="8560536342"/>
  <nd ref="8560536343"/>
  <nd ref="8560536344"/>
  <nd ref="8560536345"/>
  <nd ref="8560536346"/>
  <nd ref="8560536347"/>
  <nd ref="8560536348"/>
  <tag k="highway" v="service"/>
  <tag k="source" v="maxar"/>
 </way>
 <way id="922332337" visible="true" version="2" changeset="137575004" timestamp="2023-06-20T18:26:18Z" user="Sal73x" uid="1293386">
  <nd ref="10992604182"/>
  <nd ref="1356364918"/>
  <nd ref="8562381447"/>
  <nd ref="8562381448"/>
  <nd ref="8562381449"/>
  <nd ref="8562381450"/>
  <nd ref="8562381451"/>
  <nd ref="8562381452"/>
  <nd ref="8562381453"/>
  <nd ref="8562381454"/>
  <nd ref="8562381455"/>
  <nd ref="8562381456"/>
  <nd ref="8562381457"/>
  <nd ref="8562381458"/>
  <nd ref="8562381459"/>
  <nd ref="8562381460"/>
  <nd ref="8562381461"/>
  <nd ref="8562381462"/>
  <nd ref="8562381463"/>
  <nd ref="8562381464"/>
  <nd ref="8562381465"/>
  <nd ref="8562381466"/>
  <nd ref="8562381467"/>
  <nd ref="8562381468"/>
  <nd ref="8562381469"/>
  <nd ref="8562381470"/>
  <nd ref="8562381471"/>
  <nd ref="8562381472"/>
  <nd ref="8562381473"/>
  <nd ref="8562381474"/>
  <nd ref="8562381475"/>
  <nd ref="8562381476"/>
  <nd ref="8562381477"/>
  <nd ref="8562381478"/>
  <nd ref="8562381479"/>
  <nd ref="8562381480"/>
  <nd ref="8562381481"/>
  <nd ref="8562381482"/>
  <nd ref="8562381483"/>
  <nd ref="8562381484"/>
  <nd ref="8562381485"/>
  <nd ref="8562381486"/>
  <nd ref="8562381487"/>
  <nd ref="8562381488"/>
  <nd ref="8562381489"/>
  <nd ref="8562381490"/>
  <nd ref="8562381491"/>
  <nd ref="8562381492"/>
  <nd ref="8562381493"/>
  <nd ref="8562381494"/>
  <nd ref="8562381495"/>
  <nd ref="8562381496"/>
  <nd ref="8562381497"/>
  <nd ref="8562381498"/>
  <nd ref="8562381499"/>
  <nd ref="8562381500"/>
  <nd ref="8562381501"/>
  <nd ref="8562381502"/>
  <nd ref="8562381503"/>
  <nd ref="8562381504"/>
  <nd ref="8562381505"/>
  <nd ref="8562381506"/>
  <nd ref="8562381507"/>
  <nd ref="8562381508"/>
  <nd ref="8562381509"/>
  <nd ref="8562381510"/>
  <nd ref="8562381511"/>
  <nd ref="8562381512"/>
  <nd ref="8562381513"/>
  <nd ref="8562381514"/>
  <nd ref="8562381515"/>
  <tag k="highway" v="service"/>
  <tag k="source" v="maxar"/>
 </way>
 <way id="922332338" visible="true" version="2" changeset="101754757" timestamp="2021-03-26T04:02:52Z" user="VLD147" uid="10979427">
  <nd ref="8562381501"/>
  <nd ref="8562381516"/>
  <nd ref="8562384217"/>
  <nd ref="8562384219"/>
  <nd ref="8562384218"/>
  <nd ref="8562384222"/>
  <nd ref="8562384223"/>
  <nd ref="8562384224"/>
  <nd ref="8562384225"/>
  <nd ref="8562384226"/>
  <nd ref="8562384227"/>
  <nd ref="8562384228"/>
  <nd ref="8562381515"/>
  <nd ref="8562384229"/>
  <nd ref="8562384230"/>
  <nd ref="8562384231"/>
  <nd ref="8562384232"/>
  <nd ref="8562384233"/>
  <nd ref="8562384234"/>
  <nd ref="8562384235"/>
  <nd ref="8562384236"/>
  <nd ref="8562384237"/>
  <nd ref="8562384238"/>
  <nd ref="8562384239"/>
  <nd ref="8562384240"/>
  <nd ref="8562384241"/>
  <nd ref="8562384242"/>
  <nd ref="8562384243"/>
  <nd ref="8562384244"/>
  <nd ref="8562384245"/>
  <nd ref="8562384246"/>
  <nd ref="8562384247"/>
  <nd ref="8562384248"/>
  <nd ref="8562384249"/>
  <nd ref="8562384250"/>
  <nd ref="8562384251"/>
  <nd ref="8562384252"/>
  <nd ref="8562384253"/>
  <nd ref="8562384254"/>
  <nd ref="8562384255"/>
  <nd ref="8562384256"/>
  <nd ref="8562384257"/>
  <nd ref="8562384258"/>
  <nd ref="8562384259"/>
  <nd ref="8562384260"/>
  <nd ref="8562384261"/>
  <nd ref="8562384262"/>
  <nd ref="8562384263"/>
  <nd ref="8562384264"/>
  <nd ref="8562384265"/>
  <nd ref="8562384266"/>
  <nd ref="8562384267"/>
  <nd ref="8562384268"/>
  <nd ref="8562384269"/>
  <nd ref="8562384270"/>
  <nd ref="8562384271"/>
  <nd ref="8562384272"/>
  <nd ref="8562384273"/>
  <nd ref="8562384274"/>
  <nd ref="8562384275"/>
  <nd ref="8562384276"/>
  <nd ref="8562384277"/>
  <nd ref="8562384278"/>
  <nd ref="8562384279"/>
  <nd ref="8562384280"/>
  <nd ref="8562384281"/>
  <nd ref="8562384282"/>
  <nd ref="8562384283"/>
  <nd ref="8562364011"/>
  <nd ref="8562364012"/>
  <nd ref="8562364013"/>
  <nd ref="8562364014"/>
  <nd ref="8562364015"/>
  <nd ref="8562364016"/>
  <nd ref="8562396117"/>
  <nd ref="8562396118"/>
  <nd ref="8562396119"/>
  <nd ref="8562396120"/>
  <nd ref="8562396121"/>
  <nd ref="8562396122"/>
  <nd ref="8562396123"/>
  <nd ref="8562396124"/>
  <nd ref="8562396125"/>
  <nd ref="8562396126"/>
  <nd ref="8562396127"/>
  <nd ref="8562396128"/>
  <tag k="highway" v="service"/>
  <tag k="source" v="maxar"/>
 </way>
 <way id="922332339" visible="true" version="1" changeset="101754355" timestamp="2021-03-26T03:53:41Z" user="VLD147" uid="10979427">
  <nd ref="8562384219"/>
  <nd ref="8562384220"/>
  <nd ref="8562384221"/>
  <nd ref="8562381509"/>
  <tag k="highway" v="service"/>
  <tag k="source" v="maxar"/>
 </way>
 <way id="922333817" visible="true" version="1" changeset="101754757" timestamp="2021-03-26T04:02:52Z" user="VLD147" uid="10979427">
  <nd ref="8562396132"/>
  <nd ref="8562396131"/>
  <nd ref="8562396130"/>
  <nd ref="8562396129"/>
  <nd ref="8556769316"/>
  <tag k="highway" v="service"/>
  <tag k="source" v="maxar"/>
 </way>
 <way id="922414600" visible="true" version="1" changeset="101774673" timestamp="2021-03-26T08:33:24Z" user="VLD103" uid="9124205">
  <nd ref="8563018931"/>
  <nd ref="8563018930"/>
  <tag k="highway" v="service"/>
 </way>
 <way id="922415042" visible="true" version="2" changeset="177952651" timestamp="2026-02-01T06:54:12Z" user="Sameeksha Chinta" uid="23775155">
  <nd ref="7222770057"/>
  <nd ref="7222770084"/>
  <nd ref="13516219702"/>
  <nd ref="7222770083"/>
  <nd ref="7222770082"/>
  <nd ref="7222770081"/>
  <nd ref="7222770080"/>
  <tag k="highway" v="service"/>
  <tag k="service" v="driveway"/>
  <tag k="surface" v="concrete"/>
 </way>
 <way id="925223054" visible="true" version="1" changeset="102198709" timestamp="2021-04-02T14:06:34Z" user="VLD144" uid="10797443">
  <nd ref="8562384227"/>
  <nd ref="8586706106"/>
  <nd ref="8586706105"/>
  <nd ref="8586706104"/>
  <nd ref="8586706103"/>
  <nd ref="8586706102"/>
  <nd ref="8586706101"/>
  <nd ref="8586706100"/>
  <nd ref="8586706099"/>
  <nd ref="8586706098"/>
  <nd ref="8586706097"/>
  <nd ref="8586706096"/>
  <nd ref="8586706095"/>
  <nd ref="8586706094"/>
  <nd ref="8586706093"/>
  <tag k="highway" v="service"/>
  <tag k="source" v="maxar"/>
 </way>
 <way id="926519001" visible="true" version="6" changeset="102452742" timestamp="2021-04-07T06:37:30Z" user="VLD144" uid="10797443">
  <nd ref="8556780569"/>
  <nd ref="8599589690"/>
  <nd ref="8599589691"/>
  <nd ref="8599589692"/>
  <nd ref="8599589693"/>
  <nd ref="8599589694"/>
  <nd ref="8599589695"/>
  <nd ref="8599589696"/>
  <nd ref="8599589697"/>
  <nd ref="8599589698"/>
  <nd ref="8599589699"/>
  <nd ref="8599589700"/>
  <nd ref="8599589701"/>
  <nd ref="8599589702"/>
  <nd ref="8599589703"/>
  <nd ref="8599589704"/>
  <nd ref="8601050989"/>
  <nd ref="8599589679"/>
  <nd ref="8601050988"/>
  <nd ref="8599589678"/>
  <nd ref="8599589677"/>
  <nd ref="8599589676"/>
  <nd ref="8599589675"/>
  <nd ref="8599589674"/>
  <nd ref="8599589673"/>
  <nd ref="8599589672"/>
  <nd ref="8599589671"/>
  <nd ref="8599589670"/>
  <nd ref="8599589669"/>
  <nd ref="8599589668"/>
  <nd ref="8599589667"/>
  <nd ref="8599589666"/>
  <nd ref="8599589773"/>
  <nd ref="8599589665"/>
  <nd ref="8599589664"/>
  <nd ref="8599589822"/>
  <nd ref="8599589663"/>
  <nd ref="8599589662"/>
  <nd ref="8599589661"/>
  <nd ref="8599589660"/>
  <nd ref="8599589659"/>
  <nd ref="8599589658"/>
  <nd ref="8599589657"/>
  <nd ref="8599589783"/>
  <nd ref="8599589656"/>
  <nd ref="8599589655"/>
  <nd ref="8599589654"/>
  <nd ref="8599589653"/>
  <nd ref="8599589652"/>
  <nd ref="8599589651"/>
  <nd ref="8599589650"/>
  <nd ref="8599589649"/>
  <nd ref="8599589648"/>
  <nd ref="8599589647"/>
  <nd ref="8599589646"/>
  <nd ref="8599589645"/>
  <nd ref="8599589644"/>
  <nd ref="8599589753"/>
  <nd ref="8599589643"/>
  <nd ref="8599589642"/>
  <nd ref="8599589828"/>
  <nd ref="8599589641"/>
  <nd ref="8599589640"/>
  <nd ref="8599589812"/>
  <nd ref="8599589639"/>
  <nd ref="8599589638"/>
  <nd ref="8599589637"/>
  <nd ref="8599589636"/>
  <nd ref="8599589635"/>
  <nd ref="8599589634"/>
  <nd ref="8599589633"/>
  <nd ref="8599589632"/>
  <nd ref="8599589631"/>
  <nd ref="8599589630"/>
  <nd ref="8599589629"/>
  <nd ref="8599589628"/>
  <nd ref="8599589627"/>
  <nd ref="8599589626"/>
  <nd ref="8599589625"/>
  <nd ref="8599589624"/>
  <nd ref="8599589623"/>
  <nd ref="8599589622"/>
  <nd ref="8599589621"/>
  <nd ref="8599589620"/>
  <nd ref="8599589619"/>
  <nd ref="8599589618"/>
  <nd ref="8599589617"/>
  <nd ref="8599584116"/>
  <nd ref="8599584115"/>
  <nd ref="8599584114"/>
  <nd ref="8599584113"/>
  <nd ref="8599584112"/>
  <nd ref="8599584111"/>
  <nd ref="8597816454"/>
  <nd ref="8597816455"/>
  <nd ref="8597816456"/>
  <nd ref="8597816457"/>
  <nd ref="8597816458"/>
  <nd ref="8597816459"/>
  <nd ref="8597816460"/>
  <nd ref="8597816461"/>
  <nd ref="8597816462"/>
  <nd ref="8597816463"/>
  <nd ref="8597816464"/>
  <nd ref="8597816465"/>
  <nd ref="8597816466"/>
  <nd ref="8597816467"/>
  <nd ref="8597816468"/>
  <nd ref="8597816469"/>
  <nd ref="8597816470"/>
  <nd ref="8597816471"/>
  <nd ref="8597816472"/>
  <nd ref="8597816473"/>
  <nd ref="8597816474"/>
  <nd ref="8597816475"/>
  <nd ref="8597816476"/>
  <nd ref="8597816477"/>
  <nd ref="8597816478"/>
  <nd ref="8597816479"/>
  <nd ref="8597816480"/>
  <nd ref="8597816481"/>
  <nd ref="8597816482"/>
  <nd ref="8597816483"/>
  <nd ref="8597816484"/>
  <nd ref="8597816485"/>
  <nd ref="8597816486"/>
  <nd ref="8597816487"/>
  <nd ref="8597816488"/>
  <nd ref="8597816489"/>
  <nd ref="8597816490"/>
  <nd ref="8597816491"/>
  <nd ref="8597816492"/>
  <nd ref="8597816493"/>
  <nd ref="8597822356"/>
  <nd ref="8597816494"/>
  <nd ref="8597816495"/>
  <nd ref="8597816496"/>
  <nd ref="8597816497"/>
  <nd ref="8597816498"/>
  <nd ref="8597816499"/>
  <nd ref="8597816500"/>
  <nd ref="8597816501"/>
  <nd ref="8597816502"/>
  <nd ref="8597562683"/>
  <nd ref="8597562684"/>
  <nd ref="8597562685"/>
  <nd ref="8597818158"/>
  <nd ref="8597818157"/>
  <nd ref="8597818156"/>
  <nd ref="8597818155"/>
  <nd ref="8597818154"/>
  <nd ref="8597818153"/>
  <nd ref="8597818152"/>
  <nd ref="8597818151"/>
  <nd ref="8597818150"/>
  <nd ref="8597818149"/>
  <nd ref="8597818148"/>
  <nd ref="8597818147"/>
  <nd ref="8597384362"/>
  <nd ref="8597384363"/>
  <nd ref="8597563038"/>
  <nd ref="8597384364"/>
  <nd ref="8597563047"/>
  <nd ref="8597384365"/>
  <nd ref="8597384366"/>
  <nd ref="8597384367"/>
  <nd ref="8597384368"/>
  <nd ref="8597384369"/>
  <nd ref="8597384370"/>
  <nd ref="8597384371"/>
  <nd ref="8597384372"/>
  <nd ref="8597384373"/>
  <nd ref="8597384374"/>
  <nd ref="8597384375"/>
  <nd ref="8597384376"/>
  <nd ref="8597384377"/>
  <nd ref="8597384378"/>
  <nd ref="8597384379"/>
  <nd ref="8597384380"/>
  <nd ref="8597384381"/>
  <nd ref="8597384382"/>
  <nd ref="8597384383"/>
  <nd ref="8597384384"/>
  <nd ref="8597384385"/>
  <nd ref="8597384386"/>
  <nd ref="8597384387"/>
  <nd ref="8597384388"/>
  <nd ref="8597384389"/>
  <nd ref="8597384390"/>
  <nd ref="8597384391"/>
  <nd ref="8597384392"/>
  <nd ref="8597384393"/>
  <nd ref="8597384394"/>
  <nd ref="8597384395"/>
  <nd ref="8597384396"/>
  <nd ref="8597384397"/>
  <nd ref="8597384398"/>
  <nd ref="8597384399"/>
  <nd ref="8597384400"/>
  <nd ref="8597384401"/>
  <nd ref="8597384402"/>
  <nd ref="8597384403"/>
  <nd ref="8597384404"/>
  <nd ref="8597384405"/>
  <nd ref="8597384406"/>
  <nd ref="8597384407"/>
  <nd ref="8597384408"/>
  <nd ref="8597384409"/>
  <nd ref="8597384410"/>
  <nd ref="8597384411"/>
  <nd ref="8597384412"/>
  <nd ref="8597384413"/>
  <nd ref="8597384414"/>
  <nd ref="8597384415"/>
  <nd ref="8597384416"/>
  <nd ref="8597385317"/>
  <nd ref="8597385318"/>
  <nd ref="8597385319"/>
  <nd ref="8597385320"/>
  <nd ref="8597385321"/>
  <nd ref="8597385322"/>
  <nd ref="8597385323"/>
  <nd ref="8597385324"/>
  <nd ref="8597385325"/>
  <nd ref="8597385326"/>
  <nd ref="8597385327"/>
  <nd ref="8597385328"/>
  <nd ref="8597385329"/>
  <nd ref="8597385330"/>
  <nd ref="8597385331"/>
  <nd ref="8597385473"/>
  <nd ref="8597385332"/>
  <nd ref="8597385333"/>
  <nd ref="8597385334"/>
  <nd ref="8597385335"/>
  <nd ref="8597563081"/>
  <nd ref="8597385336"/>
  <nd ref="8597385337"/>
  <nd ref="8597385338"/>
  <nd ref="8597385339"/>
  <nd ref="8597385433"/>
  <nd ref="8597385340"/>
  <nd ref="8597385341"/>
  <nd ref="8597385342"/>
  <nd ref="8597385343"/>
  <nd ref="8597385344"/>
  <nd ref="8597385345"/>
  <nd ref="8597385346"/>
  <nd ref="8581961093"/>
  <nd ref="8598154691"/>
  <nd ref="8581961092"/>
  <nd ref="8581961091"/>
  <nd ref="8581961090"/>
  <nd ref="8581961089"/>
  <nd ref="8581961088"/>
  <nd ref="8581961087"/>
  <nd ref="8581961086"/>
  <nd ref="8581961085"/>
  <nd ref="8581961084"/>
  <nd ref="8597563063"/>
  <nd ref="8581961083"/>
  <nd ref="8581961082"/>
  <nd ref="8581961081"/>
  <nd ref="8581961080"/>
  <nd ref="8581965018"/>
  <nd ref="2162245719"/>
  <tag k="highway" v="unclassified"/>
  <tag k="source" v="maxar"/>
 </way>
 <way id="926772686" visible="true" version="3" changeset="102444571" timestamp="2021-04-07T04:42:07Z" user="VLD122" uid="9124227">
  <nd ref="8599589679"/>
  <nd ref="8601050987"/>
  <nd ref="8599589705"/>
  <nd ref="8599611915"/>
  <nd ref="8599589706"/>
  <nd ref="8599589707"/>
  <nd ref="8599589708"/>
  <nd ref="8599589709"/>
  <nd ref="8599589710"/>
  <nd ref="8599589711"/>
  <nd ref="8599589760"/>
  <nd ref="8599589712"/>
  <nd ref="8599589713"/>
  <nd ref="8599589714"/>
  <nd ref="8599589715"/>
  <nd ref="8599589716"/>
  <nd ref="8599589717"/>
  <nd ref="8599589718"/>
  <nd ref="8599589719"/>
  <nd ref="8599589720"/>
  <nd ref="8599589721"/>
  <nd ref="8599589722"/>
  <nd ref="8599589723"/>
  <nd ref="8599589724"/>
  <nd ref="8599589725"/>
  <nd ref="8599589726"/>
  <nd ref="8599589727"/>
  <nd ref="8599589728"/>
  <nd ref="8599589729"/>
  <nd ref="8599589730"/>
  <nd ref="8599589731"/>
  <nd ref="8599589732"/>
  <nd ref="8599589733"/>
  <nd ref="8599589734"/>
  <nd ref="8599589735"/>
  <nd ref="8599589736"/>
  <nd ref="8599589737"/>
  <tag k="highway" v="residential"/>
  <tag k="source" v="maxar"/>
 </way>
 <way id="926968722" visible="true" version="2" changeset="102444571" timestamp="2021-04-07T04:42:07Z" user="VLD122" uid="9124227">
  <nd ref="8599589689"/>
  <nd ref="8599589688"/>
  <nd ref="8599589687"/>
  <nd ref="8599589686"/>
  <nd ref="8599589685"/>
  <nd ref="8599589684"/>
  <nd ref="8599589683"/>
  <nd ref="8599589682"/>
  <nd ref="8599589681"/>
  <nd ref="8599589680"/>
  <nd ref="8601050987"/>
  <tag k="highway" v="residential"/>
  <tag k="source" v="maxar"/>
 </way>
 <way id="926993997" visible="true" version="1" changeset="102449641" timestamp="2021-04-07T05:57:40Z" user="VLD149" uid="10979429">
  <nd ref="8601225695"/>
  <nd ref="8601225696"/>
  <nd ref="8601225697"/>
  <nd ref="8601225698"/>
  <nd ref="8601225699"/>
  <nd ref="8601225700"/>
  <nd ref="8601225701"/>
  <nd ref="8601225702"/>
  <nd ref="8601225703"/>
  <nd ref="8601225704"/>
  <nd ref="8601225705"/>
  <nd ref="8601225706"/>
  <nd ref="8601225707"/>
  <tag k="highway" v="residential"/>
  <tag k="source" v="maxar"/>
 </way>
 <way id="926993998" visible="true" version="2" changeset="137575004" timestamp="2023-06-20T18:26:18Z" user="Sal73x" uid="1293386">
  <nd ref="10992604180"/>
  <nd ref="8601225708"/>
  <nd ref="8601225709"/>
  <nd ref="8601225710"/>
  <nd ref="8601225711"/>
  <nd ref="8601225712"/>
  <nd ref="8601225713"/>
  <nd ref="8601225714"/>
  <tag k="highway" v="residential"/>
  <tag k="source" v="maxar"/>
 </way>
 <way id="927020065" visible="true" version="1" changeset="102454441" timestamp="2021-04-07T06:58:33Z" user="VLD149" uid="10979429">
  <nd ref="8601440886"/>
  <nd ref="8601440887"/>
  <nd ref="8601440888"/>
  <nd ref="8601440889"/>
  <nd ref="8601440890"/>
  <nd ref="8601440891"/>
  <nd ref="8601440892"/>
  <nd ref="8601440893"/>
  <nd ref="8601440894"/>
  <nd ref="8601440895"/>
  <nd ref="8601440896"/>
  <nd ref="8601440897"/>
  <nd ref="8601440898"/>
  <nd ref="8601440899"/>
  <nd ref="8601440900"/>
  <nd ref="8601440901"/>
  <nd ref="8601440902"/>
  <nd ref="8601440903"/>
  <nd ref="8601440904"/>
  <nd ref="8601440905"/>
  <nd ref="8601440906"/>
  <nd ref="8601440907"/>
  <nd ref="8601440908"/>
  <nd ref="8601440909"/>
  <nd ref="8601440910"/>
  <nd ref="8601440884"/>
  <tag k="highway" v="residential"/>
  <tag k="source" v="maxar"/>
 </way>
 <way id="927020067" visible="true" version="1" changeset="102454441" timestamp="2021-04-07T06:58:33Z" user="VLD149" uid="10979429">
  <nd ref="8601440913"/>
  <nd ref="8601440914"/>
  <nd ref="8601440915"/>
  <nd ref="8601441555"/>
  <nd ref="8601440916"/>
  <nd ref="8601441517"/>
  <nd ref="8601441518"/>
  <nd ref="8601441519"/>
  <nd ref="8601441520"/>
  <nd ref="8601441521"/>
  <nd ref="8601441522"/>
  <nd ref="8601440896"/>
  <tag k="highway" v="residential"/>
  <tag k="source" v="maxar"/>
 </way>
 <way id="927037008" visible="true" version="2" changeset="102465694" timestamp="2021-04-07T09:02:57Z" user="VLD149" uid="10979429">
  <nd ref="8601440894"/>
  <nd ref="8601562238"/>
  <nd ref="8601562241"/>
  <nd ref="8601562244"/>
  <nd ref="8601898756"/>
  <nd ref="8601562234"/>
  <tag k="highway" v="residential"/>
  <tag k="source" v="maxar"/>
 </way>
 <way id="927037009" visible="true" version="1" changeset="102457483" timestamp="2021-04-07T07:34:33Z" user="VLD149" uid="10979429">
  <nd ref="8601440895"/>
  <nd ref="8601562237"/>
  <nd ref="8601562240"/>
  <nd ref="8601562243"/>
  <nd ref="8601562235"/>
  <tag k="highway" v="residential"/>
  <tag k="source" v="maxar"/>
 </way>
 <way id="927037010" visible="true" version="1" changeset="102457483" timestamp="2021-04-07T07:34:33Z" user="VLD149" uid="10979429">
  <nd ref="8601562236"/>
  <nd ref="8601562237"/>
  <nd ref="8601562238"/>
  <tag k="highway" v="residential"/>
  <tag k="source" v="maxar"/>
 </way>
 <way id="927037011" visible="true" version="1" changeset="102457483" timestamp="2021-04-07T07:34:33Z" user="VLD149" uid="10979429">
  <nd ref="8601562239"/>
  <nd ref="8601562240"/>
  <nd ref="8601562241"/>
  <tag k="highway" v="residential"/>
  <tag k="source" v="maxar"/>
 </way>
 <way id="927037012" visible="true" version="1" changeset="102457483" timestamp="2021-04-07T07:34:33Z" user="VLD149" uid="10979429">
  <nd ref="8601562242"/>
  <nd ref="8601562243"/>
  <nd ref="8601562244"/>
  <tag k="highway" v="residential"/>
  <tag k="source" v="maxar"/>
 </way>
 <way id="927046157" visible="true" version="2" changeset="137575004" timestamp="2023-06-20T18:26:18Z" user="Sal73x" uid="1293386">
  <nd ref="10992604181"/>
  <nd ref="8601225683"/>
  <nd ref="8601607691"/>
  <nd ref="8601630760"/>
  <nd ref="8601607692"/>
  <nd ref="8601607703"/>
  <nd ref="8601607693"/>
  <nd ref="8601630786"/>
  <nd ref="8601607694"/>
  <nd ref="8601607695"/>
  <nd ref="8601607696"/>
  <nd ref="8601607697"/>
  <nd ref="8601607698"/>
  <nd ref="8601607699"/>
  <nd ref="8601607700"/>
  <nd ref="8601607701"/>
  <nd ref="8601607702"/>
  <tag k="highway" v="service"/>
  <tag k="source" v="maxar"/>
 </way>
 <way id="927046158" visible="true" version="1" changeset="102458727" timestamp="2021-04-07T07:50:15Z" user="VLD149" uid="10979429">
  <nd ref="8601607703"/>
  <nd ref="8601607704"/>
  <nd ref="8601607705"/>
  <nd ref="8601607706"/>
  <nd ref="8601607707"/>
  <nd ref="8601607708"/>
  <nd ref="8601607709"/>
  <nd ref="8601607710"/>
  <nd ref="8601607711"/>
  <nd ref="8601607712"/>
  <nd ref="8601607713"/>
  <nd ref="8601607714"/>
  <nd ref="8601607715"/>
  <nd ref="8601607716"/>
  <nd ref="8601630717"/>
  <nd ref="8601630718"/>
  <nd ref="8601630719"/>
  <nd ref="8601630720"/>
  <nd ref="8601630721"/>
  <nd ref="8601630722"/>
  <nd ref="8601630723"/>
  <nd ref="8601630724"/>
  <nd ref="8601607702"/>
  <nd ref="8601630725"/>
  <nd ref="8601630726"/>
  <nd ref="8601630727"/>
  <nd ref="8601630728"/>
  <nd ref="8601630729"/>
  <nd ref="8601630730"/>
  <nd ref="8601630731"/>
  <nd ref="8601630732"/>
  <nd ref="8601630733"/>
  <nd ref="8601630734"/>
  <nd ref="8601630735"/>
  <nd ref="8601630736"/>
  <nd ref="8601630737"/>
  <nd ref="8601630738"/>
  <nd ref="8601630739"/>
  <nd ref="8601630740"/>
  <nd ref="8601630741"/>
  <nd ref="8601630742"/>
  <nd ref="8601630743"/>
  <nd ref="8601630744"/>
  <nd ref="8601630745"/>
  <nd ref="8601630746"/>
  <nd ref="8601630747"/>
  <nd ref="8601630748"/>
  <nd ref="8601630749"/>
  <nd ref="8601630750"/>
  <nd ref="8601630751"/>
  <nd ref="8601630752"/>
  <nd ref="8601630753"/>
  <nd ref="8601630754"/>
  <nd ref="8601630755"/>
  <nd ref="8601630756"/>
  <nd ref="8601630757"/>
  <nd ref="8601630759"/>
  <nd ref="8601630758"/>
  <nd ref="8601607691"/>
  <tag k="highway" v="service"/>
  <tag k="source" v="maxar"/>
 </way>
 <way id="927046159" visible="true" version="1" changeset="102458727" timestamp="2021-04-07T07:50:15Z" user="VLD149" uid="10979429">
  <nd ref="8601630760"/>
  <nd ref="8601630761"/>
  <nd ref="8601630762"/>
  <nd ref="8601630763"/>
  <nd ref="8601630764"/>
  <nd ref="8601630765"/>
  <nd ref="8601630766"/>
  <nd ref="8601630767"/>
  <nd ref="8601630768"/>
  <nd ref="8601630769"/>
  <nd ref="8601630770"/>
  <nd ref="8601630771"/>
  <nd ref="8601630772"/>
  <nd ref="8601630773"/>
  <nd ref="8601630774"/>
  <nd ref="8601630775"/>
  <nd ref="8601630776"/>
  <tag k="highway" v="service"/>
  <tag k="source" v="maxar"/>
 </way>
 <way id="927046160" visible="true" version="1" changeset="102458727" timestamp="2021-04-07T07:50:15Z" user="VLD149" uid="10979429">
  <nd ref="8601630777"/>
  <nd ref="8601630778"/>
  <nd ref="8601630779"/>
  <nd ref="8601630768"/>
  <nd ref="8601630780"/>
  <nd ref="8601630781"/>
  <nd ref="8601630782"/>
  <nd ref="8601630783"/>
  <nd ref="8601630784"/>
  <nd ref="8601630785"/>
  <tag k="highway" v="service"/>
  <tag k="source" v="maxar"/>
 </way>
 <way id="927046161" visible="true" version="1" changeset="102458727" timestamp="2021-04-07T07:50:15Z" user="VLD149" uid="10979429">
  <nd ref="8601630786"/>
  <nd ref="8601630787"/>
  <tag k="highway" v="service"/>
  <tag k="source" v="maxar"/>
 </way>
 <way id="927046162" visible="true" version="1" changeset="102458727" timestamp="2021-04-07T07:50:15Z" user="VLD149" uid="10979429">
  <nd ref="8601630788"/>
  <nd ref="8601630789"/>
  <nd ref="8601630790"/>
  <nd ref="8601630791"/>
  <nd ref="8601630792"/>
  <nd ref="8601607693"/>
  <tag k="highway" v="service"/>
  <tag k="source" v="maxar"/>
 </way>
 <way id="927049082" visible="true" version="1" changeset="102459060" timestamp="2021-04-07T07:54:06Z" user="VLD149" uid="10979429">
  <nd ref="8601630744"/>
  <nd ref="8601631600"/>
  <nd ref="8601631601"/>
  <nd ref="8601631602"/>
  <nd ref="8601631603"/>
  <nd ref="8601631604"/>
  <nd ref="8601631605"/>
  <nd ref="8601631606"/>
  <nd ref="8601631607"/>
  <nd ref="8601631608"/>
  <nd ref="8601631609"/>
  <nd ref="8601631610"/>
  <nd ref="8601631611"/>
  <nd ref="8601631612"/>
  <nd ref="8601631613"/>
  <nd ref="8601631614"/>
  <nd ref="8601631615"/>
  <nd ref="8601631616"/>
  <nd ref="8601649817"/>
  <nd ref="8601649818"/>
  <nd ref="8601649819"/>
  <nd ref="8601649820"/>
  <nd ref="8601649821"/>
  <nd ref="8601649822"/>
  <nd ref="8601649823"/>
  <nd ref="8601649824"/>
  <nd ref="8601649825"/>
  <nd ref="8601649826"/>
  <nd ref="8601607702"/>
  <tag k="highway" v="service"/>
  <tag k="source" v="maxar"/>
 </way>
 <way id="927074737" visible="true" version="1" changeset="102463779" timestamp="2021-04-07T08:44:34Z" user="VLD149" uid="10979429">
  <nd ref="8601807185"/>
  <nd ref="8601824324"/>
  <nd ref="8601807186"/>
  <nd ref="8601807187"/>
  <nd ref="8601807188"/>
  <nd ref="8601807193"/>
  <nd ref="8601807189"/>
  <nd ref="8601807190"/>
  <nd ref="8601807191"/>
  <nd ref="8601807192"/>
  <nd ref="1356364909"/>
  <tag k="highway" v="residential"/>
  <tag k="source" v="maxar"/>
 </way>
 <way id="927074738" visible="true" version="1" changeset="102463779" timestamp="2021-04-07T08:44:34Z" user="VLD149" uid="10979429">
  <nd ref="8601807193"/>
  <nd ref="8601807194"/>
  <nd ref="8601807195"/>
  <nd ref="8601807196"/>
  <nd ref="8601807197"/>
  <nd ref="8601807198"/>
  <nd ref="8601807199"/>
  <nd ref="8601225679"/>
  <tag k="highway" v="residential"/>
  <tag k="source" v="maxar"/>
 </way>
 <way id="927074739" visible="true" version="1" changeset="102463779" timestamp="2021-04-07T08:44:34Z" user="VLD149" uid="10979429">
  <nd ref="8601807200"/>
  <nd ref="8601807189"/>
  <tag k="highway" v="residential"/>
  <tag k="source" v="maxar"/>
 </way>
 <way id="927074740" visible="true" version="2" changeset="102465006" timestamp="2021-04-07T08:55:46Z" user="VLD149" uid="10979429">
  <nd ref="8601877551"/>
  <nd ref="8601877552"/>
  <nd ref="8601877553"/>
  <nd ref="8601877554"/>
  <nd ref="8601877555"/>
  <nd ref="8601807201"/>
  <nd ref="8601807202"/>
  <nd ref="8601807203"/>
  <nd ref="8601807204"/>
  <nd ref="8601440886"/>
  <nd ref="8601824364"/>
  <nd ref="8601824380"/>
  <nd ref="8601807205"/>
  <nd ref="8601807206"/>
  <nd ref="8601807207"/>
  <nd ref="8601807208"/>
  <nd ref="8601807209"/>
  <nd ref="8601807210"/>
  <nd ref="8601807187"/>
  <tag k="highway" v="residential"/>
  <tag k="source" v="maxar"/>
 </way>
 <way id="927074741" visible="true" version="1" changeset="102463779" timestamp="2021-04-07T08:44:34Z" user="VLD149" uid="10979429">
  <nd ref="8601807206"/>
  <nd ref="8601807211"/>
  <nd ref="8601807212"/>
  <nd ref="8601807213"/>
  <nd ref="8601807214"/>
  <nd ref="8601807215"/>
  <nd ref="8601807216"/>
  <nd ref="8601824317"/>
  <nd ref="8601824318"/>
  <nd ref="8601824319"/>
  <nd ref="8601824320"/>
  <nd ref="8601824363"/>
  <nd ref="8601824321"/>
  <nd ref="8601824322"/>
  <nd ref="8601824323"/>
  <nd ref="8601824324"/>
  <tag k="highway" v="residential"/>
  <tag k="source" v="maxar"/>
 </way>
 <way id="927074742" visible="true" version="1" changeset="102463779" timestamp="2021-04-07T08:44:34Z" user="VLD149" uid="10979429">
  <nd ref="8601807186"/>
  <nd ref="8601824325"/>
  <nd ref="8601824326"/>
  <nd ref="8601824327"/>
  <nd ref="8601824328"/>
  <nd ref="8601824329"/>
  <nd ref="8601824330"/>
  <nd ref="8601824331"/>
  <nd ref="8601824332"/>
  <nd ref="8601824333"/>
  <nd ref="8601824334"/>
  <nd ref="8601824335"/>
  <nd ref="8601824336"/>
  <nd ref="8601824337"/>
  <nd ref="8601824338"/>
  <nd ref="8601824339"/>
  <nd ref="8601824340"/>
  <nd ref="8601824341"/>
  <nd ref="8601824342"/>
  <nd ref="8601824343"/>
  <nd ref="8601824344"/>
  <nd ref="8601824345"/>
  <nd ref="8601824346"/>
  <nd ref="8601824347"/>
  <nd ref="8601824348"/>
  <nd ref="8601824349"/>
  <tag k="highway" v="track"/>
  <tag k="source" v="maxar"/>
  <tag k="surface" v="unpaved"/>
 </way>
 <way id="927074743" visible="true" version="1" changeset="102463779" timestamp="2021-04-07T08:44:34Z" user="VLD149" uid="10979429">
  <nd ref="8601807213"/>
  <nd ref="8601824350"/>
  <nd ref="8601824351"/>
  <nd ref="8601824352"/>
  <nd ref="8601824353"/>
  <nd ref="8601824354"/>
  <nd ref="8601824355"/>
  <nd ref="8601824356"/>
  <nd ref="8601824357"/>
  <nd ref="8601824358"/>
  <nd ref="8601824359"/>
  <nd ref="8601824360"/>
  <nd ref="8601824361"/>
  <nd ref="8601824362"/>
  <nd ref="8601824363"/>
  <tag k="highway" v="residential"/>
  <tag k="source" v="maxar"/>
 </way>
 <way id="927074744" visible="true" version="1" changeset="102463779" timestamp="2021-04-07T08:44:34Z" user="VLD149" uid="10979429">
  <nd ref="8601824351"/>
  <nd ref="8601807207"/>
  <tag k="highway" v="residential"/>
  <tag k="source" v="maxar"/>
 </way>
 <way id="927074745" visible="true" version="1" changeset="102463779" timestamp="2021-04-07T08:44:34Z" user="VLD149" uid="10979429">
  <nd ref="8601824364"/>
  <nd ref="8601824365"/>
  <nd ref="8601824366"/>
  <nd ref="8601824367"/>
  <nd ref="8601824368"/>
  <nd ref="8601824369"/>
  <nd ref="8601824370"/>
  <nd ref="8601824371"/>
  <nd ref="8601824372"/>
  <nd ref="8601824373"/>
  <nd ref="8601824374"/>
  <nd ref="8601824375"/>
  <nd ref="8601824376"/>
  <nd ref="8601824377"/>
  <nd ref="8601824378"/>
  <nd ref="8601824379"/>
  <nd ref="8601824380"/>
  <tag k="highway" v="residential"/>
  <tag k="source" v="maxar"/>
 </way>
 <way id="927084641" visible="true" version="1" changeset="102465694" timestamp="2021-04-07T09:02:57Z" user="VLD149" uid="10979429">
  <nd ref="8601898755"/>
  <nd ref="8601562235"/>
  <nd ref="8601898756"/>
  <tag k="highway" v="residential"/>
  <tag k="source" v="maxar"/>
 </way>
 <way id="927084642" visible="true" version="1" changeset="102465694" timestamp="2021-04-07T09:02:57Z" user="VLD149" uid="10979429">
  <nd ref="8601898757"/>
  <nd ref="8601898758"/>
  <nd ref="8601898759"/>
  <nd ref="8601898760"/>
  <nd ref="8601898761"/>
  <nd ref="8601898762"/>
  <nd ref="8601898763"/>
  <nd ref="8601898764"/>
  <nd ref="8601898765"/>
  <nd ref="8601898766"/>
  <nd ref="8601898767"/>
  <nd ref="8601898768"/>
  <nd ref="8601898769"/>
  <nd ref="8601898770"/>
  <nd ref="8562381448"/>
  <tag k="highway" v="service"/>
  <tag k="source" v="maxar"/>
 </way>
 <way id="979798515" visible="true" version="2" changeset="137575312" timestamp="2023-06-20T18:36:20Z" user="Sal73x" uid="1293386">
  <nd ref="9063929742"/>
  <nd ref="10992591104"/>
  <nd ref="9063929743"/>
  <nd ref="9063929744"/>
  <nd ref="9063929745"/>
  <nd ref="9063929742"/>
  <tag k="aeroway" v="apron"/>
 </way>
 <way id="1104944607" visible="true" version="1" changeset="127725487" timestamp="2022-10-18T12:39:17Z" user="Madhubala S" uid="15097560">
  <nd ref="7222770086"/>
  <nd ref="10111272670"/>
  <nd ref="10111272671"/>
  <nd ref="10111272672"/>
  <nd ref="10111272673"/>
  <nd ref="10111272674"/>
  <tag k="highway" v="service"/>
 </way>
 <way id="1157100899" visible="true" version="1" changeset="134090532" timestamp="2023-03-25T02:45:02Z" user="Sal73x" uid="1293386">
  <nd ref="10760401110"/>
  <nd ref="10760401111"/>
  <nd ref="10760401112"/>
  <tag k="highway" v="service"/>
 </way>
 <way id="1173926884" visible="true" version="1" changeset="136248007" timestamp="2023-05-18T10:30:57Z" user="sahilister" uid="11840981">
  <nd ref="10907873010"/>
  <nd ref="10907873055"/>
  <nd ref="10907873056"/>
  <nd ref="10907873040"/>
  <nd ref="10907873057"/>
  <nd ref="10907873041"/>
  <nd ref="10907873042"/>
  <nd ref="10907873043"/>
  <nd ref="10907873044"/>
  <nd ref="10907873045"/>
  <nd ref="10907873046"/>
  <nd ref="10907873047"/>
  <nd ref="10907873048"/>
  <nd ref="10907873049"/>
  <nd ref="10907873050"/>
  <nd ref="10907873051"/>
  <nd ref="10907873058"/>
  <nd ref="10907873052"/>
  <nd ref="10907873053"/>
  <nd ref="10907873054"/>
  <tag k="highway" v="service"/>
 </way>
 <way id="1173926886" visible="true" version="1" changeset="136248007" timestamp="2023-05-18T10:30:57Z" user="sahilister" uid="11840981">
  <nd ref="10907873059"/>
  <nd ref="10907873068"/>
  <nd ref="10907873069"/>
  <nd ref="10907873070"/>
  <nd ref="10907873071"/>
  <nd ref="10907873072"/>
  <nd ref="10907873073"/>
  <nd ref="10907873074"/>
  <tag k="highway" v="service"/>
 </way>
 <way id="1173926887" visible="true" version="1" changeset="136248007" timestamp="2023-05-18T10:30:57Z" user="sahilister" uid="11840981">
  <nd ref="10907873523"/>
  <nd ref="10907873522"/>
  <nd ref="10907873521"/>
  <nd ref="10907873520"/>
  <nd ref="10907873519"/>
  <nd ref="10907873518"/>
  <nd ref="10907873517"/>
  <nd ref="10907873516"/>
  <nd ref="10907873515"/>
  <nd ref="10907873514"/>
  <nd ref="10907873513"/>
  <nd ref="10907873512"/>
  <nd ref="10907873511"/>
  <nd ref="10907873510"/>
  <nd ref="10907873509"/>
  <nd ref="10907873508"/>
  <nd ref="10907873507"/>
  <nd ref="10907873525"/>
  <nd ref="10907873524"/>
  <nd ref="10907873506"/>
  <nd ref="10907873505"/>
  <nd ref="10907873504"/>
  <nd ref="10907873503"/>
  <nd ref="10907873502"/>
  <nd ref="10907873501"/>
  <nd ref="10907873500"/>
  <nd ref="10907873499"/>
  <nd ref="10907873498"/>
  <nd ref="10907873497"/>
  <nd ref="10907873496"/>
  <nd ref="10907873495"/>
  <nd ref="10907873494"/>
  <nd ref="10907873493"/>
  <nd ref="10907873492"/>
  <nd ref="10907873491"/>
  <nd ref="10907873490"/>
  <nd ref="10907873489"/>
  <nd ref="10907873488"/>
  <nd ref="10907873487"/>
  <nd ref="10907873486"/>
  <nd ref="10907873485"/>
  <nd ref="10907873484"/>
  <nd ref="10907873483"/>
  <nd ref="10907873482"/>
  <nd ref="10907873481"/>
  <nd ref="10907873480"/>
  <nd ref="10907873479"/>
  <nd ref="10907873478"/>
  <nd ref="10907873477"/>
  <nd ref="10907873476"/>
  <nd ref="10907873475"/>
  <nd ref="10907873474"/>
  <nd ref="10907873473"/>
  <nd ref="10907873472"/>
  <nd ref="10907873471"/>
  <nd ref="10907873470"/>
  <nd ref="10907873469"/>
  <nd ref="10907873468"/>
  <nd ref="10907873467"/>
  <nd ref="10907873466"/>
  <nd ref="10907873465"/>
  <nd ref="10907873464"/>
  <nd ref="10907873463"/>
  <nd ref="10907873462"/>
  <nd ref="10907873461"/>
  <nd ref="10907873460"/>
  <nd ref="10907873459"/>
  <nd ref="10907873458"/>
  <nd ref="10907873457"/>
  <nd ref="10907873456"/>
  <nd ref="10907873455"/>
  <nd ref="10907873454"/>
  <nd ref="10907873453"/>
  <nd ref="10907873452"/>
  <nd ref="10907873451"/>
  <nd ref="10907873450"/>
  <nd ref="10907873449"/>
  <nd ref="10907873448"/>
  <nd ref="10907873447"/>
  <nd ref="10907873446"/>
  <nd ref="10907873445"/>
  <nd ref="10907873444"/>
  <nd ref="10907873443"/>
  <nd ref="10907873442"/>
  <nd ref="10907873441"/>
  <nd ref="10907873440"/>
  <nd ref="10907873439"/>
  <nd ref="10907873438"/>
  <nd ref="10907873437"/>
  <nd ref="10907873436"/>
  <nd ref="10907873435"/>
  <nd ref="10907873434"/>
  <nd ref="10907873433"/>
  <nd ref="10907873432"/>
  <nd ref="10907873431"/>
  <nd ref="10907873430"/>
  <nd ref="10907873429"/>
  <nd ref="10907873428"/>
  <nd ref="10907873427"/>
  <nd ref="10907873426"/>
  <nd ref="10907873425"/>
  <nd ref="10907873424"/>
  <nd ref="10907873423"/>
  <nd ref="10907873422"/>
  <nd ref="10907873421"/>
  <nd ref="10907873420"/>
  <nd ref="10907873419"/>
  <nd ref="10907873418"/>
  <nd ref="10907873417"/>
  <nd ref="10907873416"/>
  <nd ref="10907873415"/>
  <nd ref="10907873414"/>
  <nd ref="10907873413"/>
  <nd ref="10907873412"/>
  <nd ref="10907873411"/>
  <nd ref="10907873410"/>
  <nd ref="10907873409"/>
  <nd ref="10907873408"/>
  <nd ref="10907873407"/>
  <nd ref="10907873406"/>
  <nd ref="10907873405"/>
  <nd ref="10907873404"/>
  <nd ref="10907873403"/>
  <nd ref="10907873402"/>
  <nd ref="10907873401"/>
  <nd ref="10907873400"/>
  <nd ref="10907873399"/>
  <nd ref="10907873398"/>
  <nd ref="10907873397"/>
  <nd ref="10907873396"/>
  <nd ref="10907873395"/>
  <nd ref="10907873394"/>
  <nd ref="10907873393"/>
  <nd ref="10907873392"/>
  <nd ref="10907873391"/>
  <nd ref="10907873390"/>
  <nd ref="10907873389"/>
  <nd ref="10907873388"/>
  <nd ref="10907873387"/>
  <nd ref="10907873386"/>
  <nd ref="10907873385"/>
  <nd ref="10907873384"/>
  <nd ref="10907873383"/>
  <nd ref="10907873075"/>
  <nd ref="10907873076"/>
  <nd ref="10907873077"/>
  <nd ref="10907873078"/>
  <nd ref="10907873079"/>
  <nd ref="10907873080"/>
  <nd ref="10907873081"/>
  <nd ref="10907873082"/>
  <nd ref="10907873083"/>
  <nd ref="10907873084"/>
  <nd ref="10907873085"/>
  <nd ref="10907873086"/>
  <nd ref="10907873087"/>
  <nd ref="10907873088"/>
  <nd ref="10907873089"/>
  <nd ref="10907873090"/>
  <nd ref="10907873091"/>
  <nd ref="10907873092"/>
  <nd ref="10907873093"/>
  <nd ref="10907873094"/>
  <nd ref="10907873095"/>
  <nd ref="10907873096"/>
  <nd ref="10907873097"/>
  <nd ref="10907873098"/>
  <nd ref="10907873099"/>
  <nd ref="10907873100"/>
  <nd ref="10907873101"/>
  <nd ref="10907873102"/>
  <nd ref="10907873103"/>
  <nd ref="10907873104"/>
  <nd ref="10907873105"/>
  <nd ref="10907873106"/>
  <nd ref="10907873107"/>
  <nd ref="10907873108"/>
  <nd ref="10907873109"/>
  <nd ref="10907873110"/>
  <nd ref="10907873111"/>
  <nd ref="10907873112"/>
  <nd ref="10907873113"/>
  <nd ref="10907873114"/>
  <nd ref="10907873115"/>
  <nd ref="10907873116"/>
  <nd ref="10907873117"/>
  <nd ref="10907873118"/>
  <nd ref="10907873119"/>
  <nd ref="10907873120"/>
  <nd ref="10907873121"/>
  <nd ref="10907873122"/>
  <nd ref="10907873123"/>
  <nd ref="10907873124"/>
  <nd ref="10907873125"/>
  <nd ref="10907873126"/>
  <nd ref="10907873127"/>
  <nd ref="10907873128"/>
  <nd ref="10907873129"/>
  <nd ref="10907873130"/>
  <nd ref="10907873131"/>
  <tag k="highway" v="service"/>
 </way>
 <way id="1173926896" visible="true" version="1" changeset="136248007" timestamp="2023-05-18T10:30:57Z" user="sahilister" uid="11840981">
  <nd ref="10907873193"/>
  <nd ref="10907873194"/>
  <nd ref="10907873242"/>
  <nd ref="10907873195"/>
  <nd ref="10907873196"/>
  <nd ref="10907873221"/>
  <nd ref="10907873197"/>
  <nd ref="10907873198"/>
  <nd ref="10907873321"/>
  <nd ref="10907873199"/>
  <nd ref="10907873222"/>
  <nd ref="10907873200"/>
  <nd ref="10907873223"/>
  <nd ref="10907873201"/>
  <nd ref="10907873202"/>
  <nd ref="10907873203"/>
  <nd ref="10907873204"/>
  <nd ref="10907873205"/>
  <nd ref="10907873378"/>
  <nd ref="10907873206"/>
  <nd ref="10907873207"/>
  <nd ref="10907873208"/>
  <nd ref="10907873209"/>
  <nd ref="10907873210"/>
  <nd ref="10907873211"/>
  <nd ref="10907873212"/>
  <nd ref="10907873213"/>
  <nd ref="10907873214"/>
  <nd ref="10907873215"/>
  <nd ref="10907873216"/>
  <nd ref="10907873217"/>
  <nd ref="10907873218"/>
  <nd ref="10907873219"/>
  <nd ref="10907873220"/>
  <tag k="highway" v="service"/>
 </way>
 <way id="1173926897" visible="true" version="1" changeset="136248007" timestamp="2023-05-18T10:30:57Z" user="sahilister" uid="11840981">
  <nd ref="10907873223"/>
  <nd ref="10907873224"/>
  <nd ref="10907873377"/>
  <nd ref="10907873225"/>
  <nd ref="10907873226"/>
  <nd ref="10907873227"/>
  <nd ref="10907873228"/>
  <nd ref="10907873229"/>
  <nd ref="10907873230"/>
  <nd ref="10907873231"/>
  <nd ref="10907873232"/>
  <nd ref="10907873233"/>
  <nd ref="10907873234"/>
  <nd ref="10907873235"/>
  <nd ref="10907873236"/>
  <nd ref="10907873237"/>
  <nd ref="10907873238"/>
  <nd ref="10907873239"/>
  <nd ref="10907873240"/>
  <nd ref="10907873241"/>
  <tag k="highway" v="service"/>
 </way>
 <way id="1173926903" visible="true" version="1" changeset="136248007" timestamp="2023-05-18T10:30:57Z" user="sahilister" uid="11840981">
  <nd ref="10907873318"/>
  <nd ref="10907873323"/>
  <nd ref="10907873334"/>
  <nd ref="10907873324"/>
  <nd ref="10907873325"/>
  <nd ref="10907873326"/>
  <nd ref="10907873327"/>
  <nd ref="10907873328"/>
  <nd ref="10907873329"/>
  <nd ref="10907873330"/>
  <nd ref="10907873331"/>
  <nd ref="10907873332"/>
  <nd ref="10907873333"/>
  <tag k="highway" v="service"/>
 </way>
 <way id="1173926908" visible="true" version="1" changeset="136248007" timestamp="2023-05-18T10:30:57Z" user="sahilister" uid="11840981">
  <nd ref="10907873330"/>
  <nd ref="10907873370"/>
  <nd ref="10907873371"/>
  <nd ref="10907873372"/>
  <nd ref="10907873373"/>
  <nd ref="10907873374"/>
  <nd ref="10907873375"/>
  <nd ref="10907873376"/>
  <nd ref="10907873377"/>
  <tag k="highway" v="service"/>
 </way>
 <way id="1173926909" visible="true" version="1" changeset="136248007" timestamp="2023-05-18T10:30:57Z" user="sahilister" uid="11840981">
  <nd ref="10907873378"/>
  <nd ref="10907873379"/>
  <nd ref="10907873380"/>
  <nd ref="10907873381"/>
  <nd ref="10907873382"/>
  <tag k="highway" v="service"/>
 </way>
 <way id="1183742825" visible="true" version="1" changeset="137575004" timestamp="2023-06-20T18:26:18Z" user="Sal73x" uid="1293386">
  <nd ref="8601225680"/>
  <nd ref="10992603958"/>
  <nd ref="10992603959"/>
  <nd ref="10992604183"/>
  <nd ref="10992604182"/>
  <nd ref="10992603960"/>
  <nd ref="10992603961"/>
  <nd ref="10992603962"/>
  <nd ref="10992603963"/>
  <nd ref="10992603964"/>
  <nd ref="10992603965"/>
  <nd ref="10992603966"/>
  <nd ref="10992603967"/>
  <nd ref="10992603968"/>
  <nd ref="10992603969"/>
  <nd ref="10992604180"/>
  <nd ref="10992603970"/>
  <nd ref="10992603971"/>
  <nd ref="10992603972"/>
  <nd ref="10992603973"/>
  <nd ref="10992603974"/>
  <nd ref="10992603975"/>
  <nd ref="10992603976"/>
  <nd ref="10992603977"/>
  <nd ref="10992603978"/>
  <nd ref="10992603979"/>
  <nd ref="10992603980"/>
  <nd ref="10992603981"/>
  <nd ref="10992603982"/>
  <nd ref="10992603983"/>
  <nd ref="10992603984"/>
  <nd ref="10992603985"/>
  <nd ref="10992603986"/>
  <nd ref="10992603987"/>
  <nd ref="10992603988"/>
  <nd ref="10992603989"/>
  <nd ref="10992603990"/>
  <nd ref="10992603991"/>
  <nd ref="10992603992"/>
  <nd ref="10992603993"/>
  <nd ref="10992603994"/>
  <nd ref="10992603995"/>
  <nd ref="10992603996"/>
  <nd ref="10992603997"/>
  <nd ref="10992603998"/>
  <nd ref="10992604174"/>
  <nd ref="10992604173"/>
  <nd ref="10992603999"/>
  <nd ref="10992604000"/>
  <nd ref="10992604001"/>
  <nd ref="10992604002"/>
  <nd ref="10992604003"/>
  <nd ref="10992604004"/>
  <nd ref="10992604005"/>
  <nd ref="10992604006"/>
  <nd ref="10992604007"/>
  <nd ref="10992604172"/>
  <nd ref="10992604008"/>
  <nd ref="10992604009"/>
  <nd ref="10992604010"/>
  <nd ref="10992604011"/>
  <nd ref="10992604012"/>
  <nd ref="10992604013"/>
  <nd ref="10992604014"/>
  <nd ref="10992604015"/>
  <nd ref="10992604016"/>
  <nd ref="10992604017"/>
  <nd ref="10992604018"/>
  <nd ref="10992604019"/>
  <nd ref="10992604020"/>
  <nd ref="10992604021"/>
  <nd ref="10992604022"/>
  <nd ref="10992604170"/>
  <nd ref="10992604023"/>
  <nd ref="10992604024"/>
  <nd ref="10992604025"/>
  <nd ref="10992604026"/>
  <nd ref="10992604027"/>
  <nd ref="10992604028"/>
  <nd ref="10992604029"/>
  <nd ref="10992604030"/>
  <nd ref="10992604031"/>
  <nd ref="10992604032"/>
  <nd ref="10992604033"/>
  <nd ref="10992604034"/>
  <nd ref="10992604035"/>
  <nd ref="10992604036"/>
  <nd ref="10992604037"/>
  <tag k="highway" v="secondary"/>
  <tag k="maxspeed" v="50"/>
  <tag k="name" v="Airport Road"/>
  <tag k="name:ur" v="ائیرپورٹ روڈ"/>
  <tag k="oneway" v="yes"/>
 </way>
 <way id="1183742833" visible="true" version="1" changeset="137575004" timestamp="2023-06-20T18:26:18Z" user="Sal73x" uid="1293386">
  <nd ref="8601225680"/>
  <nd ref="1356364910"/>
  <nd ref="8601225679"/>
  <nd ref="8601225678"/>
  <nd ref="1356364909"/>
  <nd ref="1356364913"/>
  <nd ref="8601225677"/>
  <nd ref="8601225676"/>
  <nd ref="1356364908"/>
  <nd ref="1356364906"/>
  <nd ref="8601877536"/>
  <nd ref="8601225675"/>
  <nd ref="8601225674"/>
  <nd ref="8601877557"/>
  <nd ref="1356364905"/>
  <nd ref="8601877529"/>
  <nd ref="8601841398"/>
  <nd ref="8601225673"/>
  <nd ref="1356364904"/>
  <nd ref="8601841388"/>
  <nd ref="8601841376"/>
  <nd ref="8601562229"/>
  <nd ref="1356364897"/>
  <nd ref="8601225672"/>
  <nd ref="8601225671"/>
  <nd ref="1356364892"/>
  <nd ref="8601440913"/>
  <nd ref="8601225670"/>
  <nd ref="1356364888"/>
  <nd ref="8601176420"/>
  <nd ref="8601176419"/>
  <nd ref="8601176418"/>
  <nd ref="1356364885"/>
  <nd ref="8601440912"/>
  <nd ref="8601176417"/>
  <nd ref="8601176424"/>
  <nd ref="1356364884"/>
  <nd ref="8601131616"/>
  <nd ref="8601131614"/>
  <nd ref="8601131615"/>
  <nd ref="1356364887"/>
  <nd ref="10302300828"/>
  <nd ref="8601131613"/>
  <nd ref="1356364889"/>
  <nd ref="8601131612"/>
  <nd ref="8601131611"/>
  <nd ref="1356364891"/>
  <nd ref="8601131610"/>
  <nd ref="1356364894"/>
  <nd ref="1356364902"/>
  <nd ref="10992603953"/>
  <tag k="highway" v="secondary"/>
  <tag k="maxspeed" v="50"/>
  <tag k="name" v="Airport Road"/>
  <tag k="name:ur" v="ائیرپورٹ روڈ"/>
  <tag k="oneway" v="no"/>
 </way>
 <way id="1183742834" visible="true" version="1" changeset="137575004" timestamp="2023-06-20T18:26:18Z" user="Sal73x" uid="1293386">
  <nd ref="10992604128"/>
  <nd ref="10992604038"/>
  <nd ref="10992604039"/>
  <nd ref="10992604040"/>
  <nd ref="10992604041"/>
  <nd ref="10992604042"/>
  <nd ref="10992604043"/>
  <nd ref="10992604044"/>
  <nd ref="10992604045"/>
  <nd ref="10992604167"/>
  <nd ref="10992604046"/>
  <nd ref="10992604047"/>
  <nd ref="10992604048"/>
  <nd ref="10992604049"/>
  <nd ref="10992604050"/>
  <nd ref="10992604051"/>
  <nd ref="10992604052"/>
  <nd ref="10992604053"/>
  <nd ref="10992604054"/>
  <nd ref="10992604055"/>
  <nd ref="10992604056"/>
  <nd ref="10992604057"/>
  <nd ref="10992604058"/>
  <nd ref="10992604059"/>
  <nd ref="10992604060"/>
  <nd ref="10992604061"/>
  <nd ref="10992604062"/>
  <nd ref="10992604063"/>
  <nd ref="10992604064"/>
  <nd ref="10992604065"/>
  <nd ref="10992604066"/>
  <nd ref="10992604067"/>
  <nd ref="10992604068"/>
  <nd ref="10992604069"/>
  <nd ref="10992604070"/>
  <nd ref="10992604071"/>
  <nd ref="10992604072"/>
  <nd ref="10992604073"/>
  <nd ref="10992604074"/>
  <nd ref="10992604075"/>
  <nd ref="10992604171"/>
  <nd ref="10992604076"/>
  <nd ref="10992604077"/>
  <nd ref="10992604078"/>
  <nd ref="10992604079"/>
  <nd ref="10992604080"/>
  <nd ref="10992604081"/>
  <nd ref="10992604082"/>
  <nd ref="10992604083"/>
  <nd ref="7222744564"/>
  <nd ref="7222744562"/>
  <nd ref="10992604084"/>
  <nd ref="10992604085"/>
  <nd ref="10992604086"/>
  <nd ref="10992604087"/>
  <nd ref="10992604088"/>
  <nd ref="10992604089"/>
  <nd ref="10992604090"/>
  <nd ref="10992604091"/>
  <nd ref="10992604092"/>
  <nd ref="10992604093"/>
  <nd ref="10992604094"/>
  <nd ref="10992604095"/>
  <nd ref="10992604096"/>
  <nd ref="10992604097"/>
  <nd ref="10992604098"/>
  <nd ref="10992604099"/>
  <nd ref="10992604100"/>
  <nd ref="10992604101"/>
  <nd ref="10992604102"/>
  <nd ref="10992604103"/>
  <nd ref="10992604104"/>
  <nd ref="10992604105"/>
  <nd ref="10992604106"/>
  <nd ref="10992604107"/>
  <nd ref="8601225707"/>
  <nd ref="10992604108"/>
  <nd ref="10992604109"/>
  <nd ref="10992604110"/>
  <nd ref="10992604111"/>
  <nd ref="8601225695"/>
  <nd ref="8601225708"/>
  <nd ref="10992604112"/>
  <nd ref="10992604113"/>
  <nd ref="10992604114"/>
  <nd ref="10992604115"/>
  <nd ref="10992604116"/>
  <nd ref="8601630777"/>
  <nd ref="10992604117"/>
  <nd ref="10992604118"/>
  <nd ref="10992604119"/>
  <nd ref="10992604120"/>
  <nd ref="10992604121"/>
  <nd ref="10992604181"/>
  <nd ref="10992604184"/>
  <nd ref="10992604122"/>
  <nd ref="10992604123"/>
  <nd ref="10992604124"/>
  <nd ref="8601225680"/>
  <tag k="highway" v="secondary"/>
  <tag k="maxspeed" v="50"/>
  <tag k="name" v="Airport Road"/>
  <tag k="name:ur" v="ائیرپورٹ روڈ"/>
  <tag k="oneway" v="yes"/>
 </way>
 <way id="1183742839" visible="true" version="1" changeset="137575004" timestamp="2023-06-20T18:26:18Z" user="Sal73x" uid="1293386">
  <nd ref="10992604167"/>
  <nd ref="10992604168"/>
  <nd ref="10992604169"/>
  <tag k="highway" v="service"/>
 </way>
 <way id="1183742840" visible="true" version="1" changeset="137575004" timestamp="2023-06-20T18:26:18Z" user="Sal73x" uid="1293386">
  <nd ref="10992604182"/>
  <nd ref="10992604181"/>
  <tag k="highway" v="secondary_link"/>
 </way>
 <way id="1183742846" visible="true" version="1" changeset="137575004" timestamp="2023-06-20T18:26:18Z" user="Sal73x" uid="1293386">
  <nd ref="10992604251"/>
  <nd ref="10992604252"/>
  <nd ref="10992604253"/>
  <nd ref="10992604254"/>
  <nd ref="10992604251"/>
  <tag k="amenity" v="fire_station"/>
  <tag k="building" v="yes"/>
 </way>
 <way id="1183742847" visible="true" version="2" changeset="137575738" timestamp="2023-06-20T18:49:39Z" user="Sal73x" uid="1293386">
  <nd ref="10992604255"/>
  <nd ref="10992604256"/>
  <nd ref="10992604257"/>
  <nd ref="10992604258"/>
  <nd ref="10992604255"/>
  <tag k="amenity" v="fire_station"/>
  <tag k="name" v="New Fire Station"/>
 </way>
 <way id="1183745224" visible="true" version="1" changeset="137575312" timestamp="2023-06-20T18:36:20Z" user="Sal73x" uid="1293386">
  <nd ref="10992591102"/>
  <nd ref="10992591103"/>
  <tag k="aeroway" v="taxiway"/>
 </way>
 <way id="1219306502" visible="true" version="1" changeset="143312775" timestamp="2023-10-29T13:39:45Z" user="Heinz_V" uid="91490">
  <nd ref="11297865699"/>
  <nd ref="11297865698"/>
  <nd ref="11297865697"/>
  <nd ref="11297865696"/>
  <nd ref="11297865695"/>
  <nd ref="11297865694"/>
  <nd ref="11297865693"/>
  <nd ref="11297865692"/>
  <nd ref="11297865691"/>
  <nd ref="11297865690"/>
  <nd ref="11297865689"/>
  <nd ref="11297865688"/>
  <nd ref="11297865687"/>
  <nd ref="11297865686"/>
  <nd ref="11297865685"/>
  <nd ref="11297865684"/>
  <nd ref="11297865683"/>
  <nd ref="11297865682"/>
  <nd ref="11297865681"/>
  <nd ref="11297865680"/>
  <nd ref="11297865679"/>
  <nd ref="11297865678"/>
  <nd ref="11297865677"/>
  <nd ref="11297865676"/>
  <nd ref="11297865675"/>
  <nd ref="11297865674"/>
  <nd ref="11297865673"/>
  <nd ref="11297865672"/>
  <nd ref="11297865671"/>
  <nd ref="11297865670"/>
  <nd ref="11297865669"/>
  <nd ref="11297865668"/>
  <nd ref="11297865667"/>
 </way>
 <way id="1219306503" visible="true" version="1" changeset="143312775" timestamp="2023-10-29T13:39:45Z" user="Heinz_V" uid="91490">
  <nd ref="11297865750"/>
  <nd ref="11297865749"/>
  <nd ref="11297865748"/>
  <nd ref="11297865747"/>
  <nd ref="11297865746"/>
  <nd ref="11297865745"/>
  <nd ref="11297865744"/>
  <nd ref="11297865743"/>
  <nd ref="11297865742"/>
  <nd ref="11297865741"/>
  <nd ref="11297865740"/>
  <nd ref="11297865739"/>
  <nd ref="11297865738"/>
  <nd ref="11297865737"/>
  <nd ref="11297865736"/>
  <nd ref="11297865735"/>
  <nd ref="11297865734"/>
  <nd ref="11297865733"/>
  <nd ref="11297865732"/>
  <nd ref="11297865731"/>
  <nd ref="11297865730"/>
  <nd ref="11297865729"/>
  <nd ref="11297865728"/>
  <nd ref="11297865727"/>
  <nd ref="11297865726"/>
  <nd ref="11297865725"/>
  <nd ref="11297865724"/>
  <nd ref="11297865723"/>
  <nd ref="11297865722"/>
  <nd ref="11297865721"/>
  <nd ref="11297865720"/>
  <nd ref="11297865719"/>
  <nd ref="11297865718"/>
  <nd ref="11297865717"/>
  <nd ref="11297865716"/>
  <nd ref="11297865715"/>
  <nd ref="11297865714"/>
  <nd ref="11297865713"/>
  <nd ref="11297865712"/>
  <nd ref="11297865711"/>
  <nd ref="11297865710"/>
  <nd ref="11297865709"/>
  <nd ref="11297865708"/>
  <nd ref="11297865707"/>
  <nd ref="11297865706"/>
  <nd ref="11297865705"/>
  <nd ref="11297865704"/>
  <nd ref="11297865703"/>
  <nd ref="11297865702"/>
  <nd ref="11297865701"/>
  <nd ref="11297865700"/>
  <nd ref="11297865699"/>
 </way>
 <way id="1251105952" visible="true" version="1" changeset="147525971" timestamp="2024-02-16T10:27:44Z" user="syedk" uid="19820024">
  <nd ref="7222770054"/>
  <nd ref="7222770055"/>
  <nd ref="8563013554"/>
  <nd ref="8563013555"/>
  <nd ref="8563013556"/>
  <nd ref="8563013557"/>
  <nd ref="8563013558"/>
  <nd ref="8563013559"/>
  <nd ref="7222770056"/>
  <nd ref="8563013560"/>
  <nd ref="7222770057"/>
  <tag k="bicycle" v="no"/>
  <tag k="highway" v="service"/>
  <tag k="motor_vehicle" v="no"/>
  <tag k="surface" v="paving_stones"/>
 </way>
 <way id="1267295499" visible="true" version="1" changeset="149293856" timestamp="2024-03-29T03:03:31Z" user="syedk" uid="19820024">
  <nd ref="8563009245"/>
  <nd ref="11770380697"/>
  <tag k="highway" v="service"/>
 </way>
 <way id="1472060115" visible="true" version="4" changeset="177952251" timestamp="2026-02-01T06:28:46Z" user="Sameeksha Chinta" uid="23775155">
  <nd ref="13507420775"/>
  <nd ref="13509668205"/>
  <nd ref="13509668204"/>
  <nd ref="13509668203"/>
  <nd ref="13511516384"/>
  <nd ref="13509668202"/>
  <nd ref="13507420776"/>
  <nd ref="13509668201"/>
  <nd ref="13509627400"/>
  <nd ref="13511516383"/>
  <nd ref="13509627399"/>
  <nd ref="13509627398"/>
  <nd ref="13511516382"/>
  <nd ref="13511516381"/>
  <nd ref="13509627397"/>
  <nd ref="13511516380"/>
  <nd ref="13511516379"/>
  <nd ref="13509627396"/>
  <nd ref="13507420777"/>
  <nd ref="13511516385"/>
  <nd ref="13511516386"/>
  <nd ref="13511516387"/>
  <nd ref="13511516388"/>
  <nd ref="13511516389"/>
  <nd ref="13511516390"/>
  <nd ref="13511516391"/>
  <nd ref="13509627395"/>
  <nd ref="13511516392"/>
  <nd ref="13511516393"/>
  <nd ref="13511516394"/>
  <nd ref="13511516395"/>
  <nd ref="13511516396"/>
  <nd ref="13509627394"/>
  <nd ref="13509627393"/>
  <nd ref="13509627392"/>
  <nd ref="13507420778"/>
  <nd ref="13516213343"/>
  <nd ref="13511516397"/>
  <nd ref="13511516398"/>
  <nd ref="13511516399"/>
  <nd ref="13511516400"/>
  <nd ref="13511602501"/>
  <nd ref="13511602502"/>
  <nd ref="13511602503"/>
  <nd ref="13509627391"/>
  <nd ref="13507420775"/>
 </way>
 <way id="1472062533" visible="true" version="5" changeset="178018311" timestamp="2026-02-02T18:01:05Z" user="rajdhani" uid="20051396">
  <nd ref="13520055402"/>
  <nd ref="13516202864"/>
  <nd ref="13516202863"/>
  <nd ref="13516202865"/>
  <nd ref="13520055401"/>
  <nd ref="8563013566"/>
  <tag k="highway" v="path"/>
  <tag k="name" v="mess entrance"/>
 </way>
 <way id="1472622864" visible="true" version="1" changeset="177878409" timestamp="2026-01-30T08:10:17Z" user="Wildsharky" uid="16577436">
  <nd ref="13511516378"/>
  <nd ref="13511516377"/>
  <nd ref="13511516376"/>
  <nd ref="13511516375"/>
  <nd ref="13511516374"/>
  <nd ref="13511516373"/>
  <nd ref="13511516372"/>
  <nd ref="13511516371"/>
  <nd ref="13511516370"/>
  <nd ref="13511516369"/>
  <nd ref="13511516368"/>
  <nd ref="13511516367"/>
  <nd ref="13511516366"/>
  <nd ref="13511516365"/>
  <nd ref="13511516364"/>
  <nd ref="13511516363"/>
  <nd ref="13511516362"/>
  <nd ref="13511516361"/>
  <nd ref="13511516360"/>
  <nd ref="13511516359"/>
  <nd ref="13511516358"/>
  <nd ref="13511516357"/>
  <nd ref="13511516356"/>
  <nd ref="13511516355"/>
  <nd ref="13511516354"/>
  <nd ref="13511516353"/>
  <nd ref="13511516352"/>
  <nd ref="13511516351"/>
  <nd ref="13511516350"/>
  <nd ref="13511516349"/>
  <nd ref="13511516378"/>
  <tag k="building" v="yes"/>
 </way>
 <way id="1473284201" visible="true" version="3" changeset="178582610" timestamp="2026-02-15T13:46:30Z" user="googlenaut" uid="519916">
  <nd ref="13516213339"/>
  <nd ref="13516213340"/>
  <nd ref="13516213341"/>
  <nd ref="13516214471"/>
  <nd ref="13516213342"/>
  <nd ref="13516213343"/>
  <nd ref="13507420778"/>
  <nd ref="13516213344"/>
  <nd ref="13516213345"/>
  <nd ref="13516213346"/>
  <nd ref="13516213347"/>
  <nd ref="13516213348"/>
  <nd ref="13516213349"/>
  <nd ref="13516213350"/>
  <nd ref="13516213339"/>
  <tag k="barrier" v="wall"/>
 </way>
 <way id="1473284254" visible="true" version="1" changeset="177952272" timestamp="2026-02-01T06:30:07Z" user="Sameeksha Chinta" uid="23775155">
  <nd ref="13516202862"/>
  <nd ref="13516213349"/>
  <tag k="highway" v="residential"/>
 </way>
 <way id="1473286748" visible="true" version="1" changeset="177952757" timestamp="2026-02-01T07:01:12Z" user="Sameeksha Chinta" uid="23775155">
  <nd ref="13516213349"/>
  <nd ref="13516205378"/>
  <nd ref="13516205377"/>
  <nd ref="13516205376"/>
  <nd ref="13516205375"/>
  <nd ref="13516205374"/>
  <nd ref="13516205373"/>
  <nd ref="13516205372"/>
  <nd ref="13516205371"/>
  <nd ref="13516205370"/>
  <nd ref="13516214471"/>
  <nd ref="13516205369"/>
  <tag k="highway" v="footway"/>
  <tag k="name" v="nagarjuna entrance"/>
 </way>
 <way id="1473287721" visible="true" version="1" changeset="177953088" timestamp="2026-02-01T07:18:15Z" user="Sameeksha Chinta" uid="23775155">
  <nd ref="7222770060"/>
  <nd ref="13516240735"/>
  <nd ref="13516240736"/>
  <nd ref="13516240737"/>
  <nd ref="13516240738"/>
  <tag k="highway" v="footway"/>
 </way>
 <way id="1473287722" visible="true" version="1" changeset="177953088" timestamp="2026-02-01T07:18:15Z" user="Sameeksha Chinta" uid="23775155">
  <nd ref="13516240739"/>
  <nd ref="13516240740"/>
  <tag k="highway" v="footway"/>
 </way>
 <way id="1473287723" visible="true" version="1" changeset="177953088" timestamp="2026-02-01T07:18:15Z" user="Sameeksha Chinta" uid="23775155">
  <nd ref="13516240741"/>
  <nd ref="13516240742"/>
  <nd ref="13516240743"/>
  <nd ref="13516240744"/>
  <tag k="highway" v="footway"/>
 </way>
 <way id="1473287724" visible="true" version="1" changeset="177953088" timestamp="2026-02-01T07:18:15Z" user="Sameeksha Chinta" uid="23775155">
  <nd ref="13516240743"/>
  <nd ref="7273680249"/>
  <tag k="highway" v="footway"/>
 </way>
 <way id="1473287725" visible="true" version="2" changeset="177953483" timestamp="2026-02-01T07:42:03Z" user="Sameeksha Chinta" uid="23775155">
  <nd ref="13516240745"/>
  <nd ref="13516240746"/>
  <nd ref="13516240747"/>
  <nd ref="3662920731"/>
  <tag k="highway" v="footway"/>
 </way>
 <way id="1473287726" visible="true" version="2" changeset="177953483" timestamp="2026-02-01T07:42:03Z" user="Sameeksha Chinta" uid="23775155">
  <nd ref="13516240749"/>
  <nd ref="13516240750"/>
  <nd ref="13516240751"/>
  <nd ref="13516240752"/>
  <nd ref="13516240753"/>
  <nd ref="3662920621"/>
  <tag k="highway" v="footway"/>
 </way>
 <way id="1473287727" visible="true" version="1" changeset="177953088" timestamp="2026-02-01T07:18:15Z" user="Sameeksha Chinta" uid="23775155">
  <nd ref="13516240755"/>
  <nd ref="13516240756"/>
  <nd ref="3662920998"/>
  <nd ref="13516240757"/>
  <nd ref="3662920783"/>
  <nd ref="13516240758"/>
  <nd ref="13516240759"/>
  <nd ref="13516240760"/>
  <nd ref="13516240761"/>
  <nd ref="13516240762"/>
  <nd ref="13516240763"/>
  <nd ref="13516240764"/>
  <nd ref="13516240765"/>
  <nd ref="13516240766"/>
  <nd ref="13516240767"/>
  <nd ref="13516240768"/>
  <nd ref="13516240769"/>
  <nd ref="13516240770"/>
  <nd ref="13516240771"/>
  <nd ref="13516240772"/>
  <nd ref="13516240773"/>
  <nd ref="13516240774"/>
  <nd ref="13516240775"/>
  <nd ref="13516240776"/>
  <nd ref="13516240777"/>
  <nd ref="13516240778"/>
  <nd ref="13516240779"/>
  <nd ref="13516240780"/>
  <nd ref="13516240781"/>
  <nd ref="13516240755"/>
  <tag k="building" v="yes"/>
  <tag k="name" v="new sac"/>
 </way>
 <way id="1473287728" visible="true" version="1" changeset="177953088" timestamp="2026-02-01T07:18:15Z" user="Sameeksha Chinta" uid="23775155">
  <nd ref="13516240785"/>
  <nd ref="7273689586"/>
  <tag k="highway" v="footway"/>
 </way>
 <way id="1473287729" visible="true" version="1" changeset="177953088" timestamp="2026-02-01T07:18:15Z" user="Sameeksha Chinta" uid="23775155">
  <nd ref="13516240769"/>
  <nd ref="13516240786"/>
  <tag k="highway" v="footway"/>
 </way>
 <way id="1473289252" visible="true" version="1" changeset="177953333" timestamp="2026-02-01T07:33:04Z" user="Sameeksha Chinta" uid="23775155">
  <nd ref="13516237598"/>
  <nd ref="13516254805"/>
  <nd ref="13516237599"/>
  <nd ref="13516254810"/>
  <nd ref="13516254811"/>
  <nd ref="13516237600"/>
  <nd ref="13516254801"/>
  <nd ref="13516254802"/>
  <nd ref="13516254803"/>
  <nd ref="13516254804"/>
  <tag k="highway" v="footway"/>
 </way>
 <way id="1473289253" visible="true" version="1" changeset="177953333" timestamp="2026-02-01T07:33:04Z" user="Sameeksha Chinta" uid="23775155">
  <nd ref="13516254805"/>
  <nd ref="13516254806"/>
  <nd ref="13516254807"/>
  <nd ref="13516254808"/>
  <nd ref="13516254809"/>
  <tag k="highway" v="footway"/>
 </way>
 <way id="1473289254" visible="true" version="1" changeset="177953333" timestamp="2026-02-01T07:33:04Z" user="Sameeksha Chinta" uid="23775155">
  <nd ref="13516254811"/>
  <nd ref="13516254812"/>
  <nd ref="13516254813"/>
  <tag k="highway" v="footway"/>
 </way>
 <way id="1473289255" visible="true" version="1" changeset="177953333" timestamp="2026-02-01T07:33:04Z" user="Sameeksha Chinta" uid="23775155">
  <nd ref="13516254812"/>
  <nd ref="13516254814"/>
  <nd ref="13516254815"/>
  <nd ref="13516254816"/>
  <nd ref="13516254817"/>
  <nd ref="13516254818"/>
  <nd ref="13516254819"/>
  <nd ref="13516254820"/>
  <nd ref="13516254821"/>
  <nd ref="13516254822"/>
  <nd ref="13516254823"/>
  <tag k="highway" v="footway"/>
 </way>
 <way id="1473289256" visible="true" version="1" changeset="177953333" timestamp="2026-02-01T07:33:04Z" user="Sameeksha Chinta" uid="23775155">
  <nd ref="13516254819"/>
  <nd ref="3662922119"/>
  <tag k="highway" v="footway"/>
 </way>
 <way id="1473289257" visible="true" version="1" changeset="177953333" timestamp="2026-02-01T07:33:04Z" user="Sameeksha Chinta" uid="23775155">
  <nd ref="13516254824"/>
  <nd ref="13516254825"/>
  <nd ref="13516254826"/>
  <nd ref="13516254827"/>
  <nd ref="13516254828"/>
  <nd ref="13516254829"/>
  <nd ref="13516254830"/>
  <nd ref="13516254831"/>
  <tag k="highway" v="footway"/>
 </way>
 <way id="1473289258" visible="true" version="1" changeset="177953333" timestamp="2026-02-01T07:33:04Z" user="Sameeksha Chinta" uid="23775155">
  <nd ref="13516254830"/>
  <nd ref="13516254832"/>
  <nd ref="13516254833"/>
  <nd ref="13516254834"/>
  <nd ref="13516254835"/>
  <nd ref="13516254825"/>
  <tag k="highway" v="footway"/>
 </way>
 <way id="1473289259" visible="true" version="1" changeset="177953333" timestamp="2026-02-01T07:33:04Z" user="Sameeksha Chinta" uid="23775155">
  <nd ref="13516254836"/>
  <nd ref="13516254837"/>
  <nd ref="13516254838"/>
  <nd ref="13516254839"/>
  <nd ref="13516254840"/>
  <nd ref="13516254841"/>
  <nd ref="13516254842"/>
  <nd ref="13516254843"/>
  <nd ref="13516254844"/>
  <nd ref="13516254845"/>
  <nd ref="13516254846"/>
  <nd ref="13516254847"/>
  <nd ref="13516254848"/>
  <tag k="highway" v="footway"/>
 </way>
 <way id="1473289260" visible="true" version="1" changeset="177953333" timestamp="2026-02-01T07:33:04Z" user="Sameeksha Chinta" uid="23775155">
  <nd ref="13516254847"/>
  <nd ref="13516254849"/>
  <nd ref="13516254850"/>
  <nd ref="13516254851"/>
  <nd ref="13516254852"/>
  <nd ref="13516254853"/>
  <nd ref="13516254854"/>
  <nd ref="13516254855"/>
  <nd ref="13516254856"/>
  <nd ref="13516254857"/>
  <tag k="highway" v="footway"/>
 </way>
 <way id="1473289261" visible="true" version="1" changeset="177953333" timestamp="2026-02-01T07:33:04Z" user="Sameeksha Chinta" uid="23775155">
  <nd ref="13516254860"/>
  <nd ref="13516254861"/>
  <nd ref="13516254858"/>
  <tag k="highway" v="service"/>
  <tag k="service" v="driveway"/>
 </way>
 <way id="1473289262" visible="true" version="1" changeset="177953333" timestamp="2026-02-01T07:33:04Z" user="Sameeksha Chinta" uid="23775155">
  <nd ref="13516254862"/>
  <nd ref="13516254863"/>
  <nd ref="13516254864"/>
  <tag k="highway" v="service"/>
  <tag k="service" v="driveway"/>
 </way>
 <way id="1473289263" visible="true" version="1" changeset="177953333" timestamp="2026-02-01T07:33:04Z" user="Sameeksha Chinta" uid="23775155">
  <nd ref="13516254865"/>
  <nd ref="13516254866"/>
  <nd ref="13516254867"/>
  <nd ref="13516254868"/>
  <tag k="highway" v="service"/>
  <tag k="service" v="driveway"/>
 </way>
 <way id="1473289629" visible="true" version="1" changeset="177953483" timestamp="2026-02-01T07:42:03Z" user="Sameeksha Chinta" uid="23775155">
  <nd ref="8563013563"/>
  <nd ref="13516235594"/>
  <nd ref="13516235595"/>
  <nd ref="13516235596"/>
  <nd ref="13516235597"/>
  <nd ref="13516235598"/>
  <nd ref="13516219702"/>
  <tag k="highway" v="footway"/>
 </way>
 <way id="1473289630" visible="true" version="1" changeset="177953483" timestamp="2026-02-01T07:42:03Z" user="Sameeksha Chinta" uid="23775155">
  <nd ref="13516219702"/>
  <nd ref="13516235599"/>
  <nd ref="13516235600"/>
  <nd ref="13516260201"/>
  <tag k="highway" v="footway"/>
 </way>
 <way id="1473289631" visible="true" version="1" changeset="177953483" timestamp="2026-02-01T07:42:03Z" user="Sameeksha Chinta" uid="23775155">
  <nd ref="13516260202"/>
  <nd ref="13516260203"/>
  <nd ref="13516260204"/>
  <nd ref="13516260205"/>
  <nd ref="13516260206"/>
  <nd ref="13516260207"/>
  <nd ref="13516260208"/>
  <nd ref="13516260209"/>
  <nd ref="13516260210"/>
  <nd ref="13516260211"/>
  <nd ref="13516260212"/>
  <nd ref="13516260213"/>
  <nd ref="13516260214"/>
  <nd ref="13516260215"/>
  <nd ref="13516260216"/>
  <nd ref="13516260217"/>
  <nd ref="13516260218"/>
  <nd ref="13516260241"/>
  <nd ref="13516260219"/>
  <nd ref="13516260220"/>
  <nd ref="13516260221"/>
  <nd ref="13516260222"/>
  <nd ref="13516260223"/>
  <nd ref="13516260224"/>
  <nd ref="13516260225"/>
  <nd ref="13516260226"/>
  <nd ref="13516260227"/>
  <nd ref="13516260228"/>
  <nd ref="13516260229"/>
  <nd ref="13516260230"/>
  <nd ref="13516260231"/>
  <nd ref="13516260232"/>
  <nd ref="13516260233"/>
  <nd ref="13516260234"/>
  <nd ref="13516260235"/>
  <nd ref="13516260236"/>
  <nd ref="13516260237"/>
  <nd ref="13516260238"/>
  <nd ref="13516260239"/>
  <nd ref="13516260202"/>
  <tag k="building" v="yes"/>
 </way>
 <way id="1473289632" visible="true" version="1" changeset="177953483" timestamp="2026-02-01T07:42:03Z" user="Sameeksha Chinta" uid="23775155">
  <nd ref="11770380697"/>
  <nd ref="13516260240"/>
  <nd ref="13516260241"/>
  <tag k="highway" v="footway"/>
 </way>
 <way id="1473675842" visible="true" version="1" changeset="178018230" timestamp="2026-02-02T17:58:56Z" user="Sameeksha Chinta" uid="23775155">
  <nd ref="8563013554"/>
  <nd ref="13520014386"/>
  <tag k="highway" v="footway"/>
 </way>
 <way id="1473681051" visible="true" version="1" changeset="178019350" timestamp="2026-02-02T18:33:02Z" user="Sameeksha Chinta" uid="23775155">
  <nd ref="13520092764"/>
  <nd ref="13520092765"/>
  <nd ref="13520092766"/>
  <nd ref="13520092767"/>
  <nd ref="11770380697"/>
  <tag k="highway" v="footway"/>
 </way>
 <way id="1473681052" visible="true" version="1" changeset="178019350" timestamp="2026-02-02T18:33:02Z" user="Sameeksha Chinta" uid="23775155">
  <nd ref="13520092768"/>
  <nd ref="13520092769"/>
  <nd ref="13520092770"/>
  <nd ref="13520092771"/>
  <nd ref="13520092772"/>
  <nd ref="13520092768"/>
  <tag k="building" v="yes"/>
 </way>
 <way id="1504915068" visible="true" version="1" changeset="181929907" timestamp="2026-04-28T09:26:13Z" user="Rudra Biswas" uid="24082955">
  <nd ref="13769803427"/>
  <nd ref="13769803428"/>
  <nd ref="13769803429"/>
  <nd ref="13769803430"/>
  <nd ref="13769803431"/>
  <nd ref="13769803432"/>
  <nd ref="13769803433"/>
  <nd ref="13769803434"/>
  <nd ref="13769803435"/>
  <nd ref="13769803436"/>
  <nd ref="13769803437"/>
  <nd ref="13769803438"/>
  <nd ref="13769803427"/>
  <tag k="building" v="yes"/>
 </way>
 <relation id="5386277" visible="true" version="2" changeset="81892111" timestamp="2020-03-07T07:18:31Z" user="uknown-gryphus" uid="2425805">
  <member type="way" ref="361881058" role="inner"/>
  <member type="way" ref="361881055" role="outer"/>
  <tag k="building" v="yes"/>
  <tag k="tourism" v="hostel"/>
  <tag k="type" v="multipolygon"/>
 </relation>
 <relation id="5386278" visible="true" version="2" changeset="81892111" timestamp="2020-03-07T07:18:31Z" user="uknown-gryphus" uid="2425805">
  <member type="way" ref="361881059" role="inner"/>
  <member type="way" ref="361881056" role="outer"/>
  <tag k="building" v="yes"/>
  <tag k="tourism" v="hostel"/>
  <tag k="type" v="multipolygon"/>
 </relation>
 <relation id="5386279" visible="true" version="1" changeset="32823700" timestamp="2015-07-23T11:41:38Z" user="maheshrkm" uid="2897465">
  <member type="way" ref="361881057" role="inner"/>
  <member type="way" ref="361881060" role="outer"/>
  <tag k="building" v="yes"/>
  <tag k="type" v="multipolygon"/>
 </relation>
 <relation id="16614522" visible="true" version="1" changeset="143312775" timestamp="2023-10-29T13:40:12Z" user="Heinz_V" uid="91490">
  <member type="way" ref="1219305810" role="outer"/>
  <member type="way" ref="1219305809" role="outer"/>
  <member type="way" ref="1219306502" role="outer"/>
  <member type="way" ref="1219305883" role="outer"/>
  <tag k="admin_level" v="9"/>
  <tag k="boundary" v="administrative"/>
  <tag k="name" v="Gadherl"/>
  <tag k="type" v="boundary"/>
 </relation>
 <relation id="16614540" visible="true" version="1" changeset="143312775" timestamp="2023-10-29T13:40:12Z" user="Heinz_V" uid="91490">
  <member type="way" ref="1219305886" role="outer"/>
  <member type="way" ref="1219305885" role="outer"/>
  <member type="way" ref="1219305884" role="outer"/>
  <member type="way" ref="1219305883" role="outer"/>
  <member type="way" ref="1219306503" role="outer"/>
  <tag k="admin_level" v="9"/>
  <tag k="boundary" v="administrative"/>
  <tag k="name" v="Dumna"/>
  <tag k="type" v="boundary"/>
 </relation>
 <relation id="16614662" visible="true" version="1" changeset="143312775" timestamp="2023-10-29T13:40:12Z" user="Heinz_V" uid="91490">
  <member type="way" ref="1219306507" role="outer"/>
  <member type="way" ref="1219306506" role="outer"/>
  <member type="way" ref="1219306505" role="outer"/>
  <member type="way" ref="1219306504" role="outer"/>
  <member type="way" ref="1219306503" role="outer"/>
  <member type="way" ref="1219306502" role="outer"/>
  <member type="way" ref="1219306501" role="outer"/>
  <member type="way" ref="1219306500" role="outer"/>
  <member type="way" ref="1219306499" role="outer"/>
  <member type="way" ref="1219306498" role="outer"/>
  <member type="way" ref="1219306497" role="outer"/>
  <member type="way" ref="1219306496" role="outer"/>
  <member type="way" ref="1219306495" role="outer"/>
  <member type="way" ref="1219306494" role="outer"/>
  <tag k="admin_level" v="9"/>
  <tag k="boundary" v="administrative"/>
  <tag k="name" v="Cantonment"/>
  <tag k="type" v="boundary"/>
 </relation>
 <relation id="20151813" visible="true" version="1" changeset="177878409" timestamp="2026-01-30T08:10:17Z" user="Wildsharky" uid="16577436">
  <member type="way" ref="1472060115" role="outer"/>
  <member type="way" ref="1472622864" role="inner"/>
  <tag k="building" v="yes"/>
  <tag k="name" v="Maa Saraswati"/>
  <tag k="type" v="multipolygon"/>
 </relation>
</osm>
